{
	"credit": "Made with Blockbench",
	"textures": {
		"0": "block/6th_place",
		"particle": "block/6th_place"
	},
	"elements": [
		{
			"from": [7, 8.53806, 8.04134],
			"to": [9, 10.53806, 8.04134],
			"rotation": {"angle": 0, "axis": "y", "origin": [7, 8.53806, 8.14134]},
			"faces": {
				"north": {"uv": [3, 8, 5, 10], "texture": "#0"},
				"east": {"uv": [0, 0, 0, 2], "texture": "#0"},
				"south": {"uv": [5, 8, 7, 10], "texture": "#0"},
				"west": {"uv": [0, 0, 0, 2], "texture": "#0"},
				"up": {"uv": [2, 0, 0, 0], "texture": "#0"},
				"down": {"uv": [2, 0, 0, 0], "texture": "#0"}
			}
		},
		{
			"from": [7, 0.53806, 8.16634],
			"to": [9, 8.53806, 8.16634],
			"rotation": {"angle": 0, "axis": "y", "origin": [7, 8.53806, 8.14134]},
			"faces": {
				"north": {"uv": [4, 0, 6, 8], "texture": "#0"},
				"east": {"uv": [0, 0, 0, 8], "texture": "#0"},
				"south": {"uv": [6, 0, 8, 8], "texture": "#0"},
				"west": {"uv": [0, 0, 0, 8], "texture": "#0"},
				"up": {"uv": [2, 0, 0, 0], "texture": "#0"},
				"down": {"uv": [2, 0, 0, 0], "texture": "#0"}
			}
		},
		{
			"from": [8, 0.53806, 8.19134],
			"to": [9, 8.53806, 8.19134],
			"rotation": {"angle": 22.5, "axis": "z", "origin": [8.5, 8.53806, 8.19134]},
			"faces": {
				"north": {"uv": [0, 8, 1, 16], "texture": "#0"},
				"east": {"uv": [0, 0, 0, 8], "texture": "#0"},
				"south": {"uv": [8, 0, 9, 8], "texture": "#0"},
				"west": {"uv": [0, 0, 0, 8], "texture": "#0"},
				"up": {"uv": [1, 0, 0, 0], "texture": "#0"},
				"down": {"uv": [1, 0, 0, 0], "texture": "#0"}
			}
		},
		{
			"from": [7, 0.53806, 8.19134],
			"to": [8, 8.53806, 8.19134],
			"rotation": {"angle": -22.5, "axis": "z", "origin": [7.5, 8.53806, 8.19134]},
			"faces": {
				"north": {"uv": [1, 8, 2, 16], "texture": "#0"},
				"east": {"uv": [0, 0, 0, 8], "texture": "#0"},
				"south": {"uv": [2, 8, 3, 16], "texture": "#0"},
				"west": {"uv": [0, 0, 0, 8], "texture": "#0"},
				"up": {"uv": [1, 0, 0, 0], "texture": "#0"},
				"down": {"uv": [1, 0, 0, 0], "texture": "#0"}
			}
		},
		{
			"from": [6, 7.53806, 8.24134],
			"to": [10, 11.53806, 8.24134],
			"rotation": {"angle": 0, "axis": "y", "origin": [7, 8.53806, 8.14134]},
			"faces": {
				"north": {"uv": [0, 0, 4, 4], "texture": "#0"},
				"east": {"uv": [0, 0, 0, 4], "texture": "#0"},
				"south": {"uv": [0, 4, 4, 8], "texture": "#0"},
				"west": {"uv": [0, 0, 0, 4], "texture": "#0"},
				"up": {"uv": [4, 0, 0, 0], "texture": "#0"},
				"down": {"uv": [4, 0, 0, 0], "texture": "#0"}
			}
		},
		{
			"from": [5, 8.53806, 8.14134],
			"to": [7, 10.53806, 8.14134],
			"rotation": {"angle": -22.5, "axis": "y", "origin": [7, 9.53806, 8.14134]},
			"faces": {
				"north": {"uv": [7, 8, 9, 10], "texture": "#0"},
				"east": {"uv": [0, 0, 0, 2], "texture": "#0"},
				"south": {"uv": [9, 0, 11, 2], "texture": "#0"},
				"west": {"uv": [0, 0, 0, 2], "texture": "#0"},
				"up": {"uv": [2, 0, 0, 0], "texture": "#0"},
				"down": {"uv": [2, 0, 0, 0], "texture": "#0"}
			}
		},
		{
			"from": [9, 8.53806, 8.14134],
			"to": [11, 10.53806, 8.14134],
			"rotation": {"angle": 22.5, "axis": "y", "origin": [9, 9.53806, 8.14134]},
			"faces": {
				"north": {"uv": [9, 2, 11, 4], "texture": "#0"},
				"east": {"uv": [0, 0, 0, 2], "texture": "#0"},
				"south": {"uv": [9, 4, 11, 6], "texture": "#0"},
				"west": {"uv": [0, 0, 0, 2], "texture": "#0"},
				"up": {"uv": [2, 0, 0, 0], "texture": "#0"},
				"down": {"uv": [2, 0, 0, 0], "texture": "#0"}
			}
		},
		{
			"from": [7, 10.53806, 8.14134],
			"to": [9, 12.53806, 8.14134],
			"rotation": {"angle": -22.5, "axis": "x", "origin": [8, 10.53806, 8.14134]},
			"faces": {
				"north": {"uv": [9, 6, 11, 8], "texture": "#0"},
				"east": {"uv": [0, 0, 0, 2], "texture": "#0"},
				"south": {"uv": [9, 8, 11, 10], "texture": "#0"},
				"west": {"uv": [0, 0, 0, 2], "texture": "#0"},
				"up": {"uv": [2, 0, 0, 0], "texture": "#0"},
				"down": {"uv": [2, 0, 0, 0], "texture": "#0"}
			}
		},
		{
			"from": [7, 6.53806, 8.14134],
			"to": [9, 8.53806, 8.14134],
			"rotation": {"angle": 22.5, "axis": "x", "origin": [8, 8.53806, 8.14134]},
			"faces": {
				"north": {"uv": [3, 10, 5, 12], "texture": "#0"},
				"east": {"uv": [0, 0, 0, 2], "texture": "#0"},
				"south": {"uv": [5, 10, 7, 12], "texture": "#0"},
				"west": {"uv": [0, 0, 0, 2], "texture": "#0"},
				"up": {"uv": [2, 0, 0, 0], "texture": "#0"},
				"down": {"uv": [2, 0, 0, 0], "texture": "#0"}
			}
		},
		{
			"from": [7, 6.53806, 8.14134],
			"to": [9, 8.53806, 8.14134],
			"rotation": {"angle": 45, "axis": "z", "origin": [8, 9.53806, 8.14134]},
			"faces": {
				"north": {"uv": [11, 8, 13, 10], "texture": "#0"},
				"east": {"uv": [0, 0, 0, 2], "texture": "#0"},
				"south": {"uv": [11, 10, 13, 12], "texture": "#0"},
				"west": {"uv": [0, 0, 0, 2], "texture": "#0"},
				"up": {"uv": [2, 0, 0, 0], "texture": "#0"},
				"down": {"uv": [2, 0, 0, 0], "texture": "#0"}
			}
		},
		{
			"from": [5, 8.53806, 8.14134],
			"to": [7, 10.53806, 8.14134],
			"rotation": {"angle": 45, "axis": "z", "origin": [8, 9.53806, 8.14134]},
			"faces": {
				"north": {"uv": [11, 4, 13, 6], "texture": "#0"},
				"east": {"uv": [0, 0, 0, 2], "texture": "#0"},
				"south": {"uv": [11, 6, 13, 8], "texture": "#0"},
				"west": {"uv": [0, 0, 0, 2], "texture": "#0"},
				"up": {"uv": [2, 0, 0, 0], "texture": "#0"},
				"down": {"uv": [2, 0, 0, 0], "texture": "#0"}
			}
		},
		{
			"from": [7, 10.53806, 8.14134],
			"to": [9, 12.53806, 8.14134],
			"rotation": {"angle": 45, "axis": "z", "origin": [8, 9.53806, 8.14134]},
			"faces": {
				"north": {"uv": [11, 0, 13, 2], "texture": "#0"},
				"east": {"uv": [0, 0, 0, 2], "texture": "#0"},
				"south": {"uv": [11, 2, 13, 4], "texture": "#0"},
				"west": {"uv": [0, 0, 0, 2], "texture": "#0"},
				"up": {"uv": [2, 0, 0, 0], "texture": "#0"},
				"down": {"uv": [2, 0, 0, 0], "texture": "#0"}
			}
		},
		{
			"from": [9, 8.53806, 8.14134],
			"to": [11, 10.53806, 8.14134],
			"rotation": {"angle": 45, "axis": "z", "origin": [8, 9.53806, 8.14134]},
			"faces": {
				"north": {"uv": [7, 10, 9, 12], "texture": "#0"},
				"east": {"uv": [0, 0, 0, 2], "texture": "#0"},
				"south": {"uv": [9, 10, 11, 12], "texture": "#0"},
				"west": {"uv": [0, 0, 0, 2], "texture": "#0"},
				"up": {"uv": [2, 0, 0, 0], "texture": "#0"},
				"down": {"uv": [2, 0, 0, 0], "texture": "#0"}
			}
		}
	],
	"display": {
		"thirdperson_righthand": {
			"translation": [0, -3.25, -0.75]
		},
		"thirdperson_lefthand": {
			"translation": [0, -3.25, -0.75]
		},
		"ground": {
			"translation": [0, 4.5, 0]
		},
		"gui": {
			"rotation": [0, 180, 0],
			"translation": [0.5, 1.25, 0]
		},
		"fixed": {
			"translation": [0, 0, -0.5],
			"scale": [2, 2, 2]
		}
	}
}