{
	"credit": "Made with Blockbench",
	"texture_size": [32, 32],
	"textures": {
		"0": "block/ankle_boots",
		"particle": "block/ankle_boots"
	},
	"elements": [
		{
			"from": [4, 2.5, 6],
			"to": [4.2, 4.5, 10],
			"rotation": {"angle": 0, "axis": "y", "origin": [0, 0, 0]},
			"faces": {
				"north": {"uv": [0, 7, 0.5, 8], "texture": "#0"},
				"east": {"uv": [2.5, 4, 4.5, 5], "texture": "#0"},
				"south": {"uv": [0.5, 7, 1, 8], "texture": "#0"},
				"west": {"uv": [4, 3, 6, 4], "texture": "#0"},
				"up": {"uv": [5.5, 8, 5, 6], "texture": "#0"},
				"down": {"uv": [6.5, 5, 6, 7], "texture": "#0"}
			}
		},
		{
			"from": [7.8, 2.5, 6],
			"to": [8, 4.5, 10],
			"rotation": {"angle": 0, "axis": "y", "origin": [0, 0, 0]},
			"faces": {
				"north": {"uv": [1, 7, 1.5, 8], "texture": "#0"},
				"east": {"uv": [4.5, 4, 6.5, 5], "texture": "#0"},
				"south": {"uv": [1.5, 7, 2, 8], "texture": "#0"},
				"west": {"uv": [0, 5, 2, 6], "texture": "#0"},
				"up": {"uv": [6, 8, 5.5, 6], "texture": "#0"},
				"down": {"uv": [2.5, 6.5, 2, 8.5], "texture": "#0"}
			}
		},
		{
			"from": [4, 2.5, 6],
			"to": [8, 4.5, 6.2],
			"rotation": {"angle": 0, "axis": "y", "origin": [4.1, 5.5, 8]},
			"faces": {
				"north": {"uv": [2, 5, 4, 6], "texture": "#0"},
				"east": {"uv": [2.5, 7, 3, 8], "texture": "#0"},
				"south": {"uv": [4, 5, 6, 6], "texture": "#0"},
				"west": {"uv": [7, 2.5, 7.5, 3.5], "texture": "#0"},
				"up": {"uv": [8, 4, 6, 3.5], "texture": "#0"},
				"down": {"uv": [8.5, 0, 6.5, 0.5], "texture": "#0"}
			}
		},
		{
			"from": [4, 2.5, 9.8],
			"to": [8, 4.5, 10],
			"rotation": {"angle": 0, "axis": "y", "origin": [4.1, 5.5, 8]},
			"faces": {
				"north": {"uv": [0, 6, 2, 7], "texture": "#0"},
				"east": {"uv": [3, 7, 3.5, 8], "texture": "#0"},
				"south": {"uv": [6, 1, 8, 2], "texture": "#0"},
				"west": {"uv": [3.5, 7, 4, 8], "texture": "#0"},
				"up": {"uv": [8.5, 1, 6.5, 0.5], "texture": "#0"},
				"down": {"uv": [8.5, 4, 6.5, 4.5], "texture": "#0"}
			}
		},
		{
			"from": [12.3, 2.5, 6],
			"to": [12.5, 4.5, 10],
			"rotation": {"angle": 0, "axis": "y", "origin": [10.5, 2.40867, 8.48147]},
			"faces": {
				"north": {"uv": [0.5, 7, 0, 8], "texture": "#0"},
				"east": {"uv": [6, 3, 4, 4], "texture": "#0"},
				"south": {"uv": [1, 7, 0.5, 8], "texture": "#0"},
				"west": {"uv": [4.5, 4, 2.5, 5], "texture": "#0"},
				"up": {"uv": [5, 8, 5.5, 6], "texture": "#0"},
				"down": {"uv": [6, 5, 6.5, 7], "texture": "#0"}
			}
		},
		{
			"from": [8.5, 2.5, 6],
			"to": [8.7, 4.5, 10],
			"rotation": {"angle": 0, "axis": "y", "origin": [10.5, 2.40867, 8.48147]},
			"faces": {
				"north": {"uv": [1.5, 7, 1, 8], "texture": "#0"},
				"east": {"uv": [2, 5, 0, 6], "texture": "#0"},
				"south": {"uv": [2, 7, 1.5, 8], "texture": "#0"},
				"west": {"uv": [6.5, 4, 4.5, 5], "texture": "#0"},
				"up": {"uv": [5.5, 8, 6, 6], "texture": "#0"},
				"down": {"uv": [2, 6.5, 2.5, 8.5], "texture": "#0"}
			}
		},
		{
			"from": [8.5, 2.5, 6],
			"to": [12.5, 4.5, 6.2],
			"rotation": {"angle": 0, "axis": "y", "origin": [10.5, 2.40867, 8.48147]},
			"faces": {
				"north": {"uv": [4, 5, 2, 6], "texture": "#0"},
				"east": {"uv": [7.5, 2.5, 7, 3.5], "texture": "#0"},
				"south": {"uv": [6, 5, 4, 6], "texture": "#0"},
				"west": {"uv": [3, 7, 2.5, 8], "texture": "#0"},
				"up": {"uv": [6, 4, 8, 3.5], "texture": "#0"},
				"down": {"uv": [6.5, 0, 8.5, 0.5], "texture": "#0"}
			}
		},
		{
			"from": [8.5, 2.5, 9.8],
			"to": [12.5, 4.5, 10],
			"rotation": {"angle": 0, "axis": "y", "origin": [10.5, 2.40867, 8.48147]},
			"faces": {
				"north": {"uv": [2, 6, 0, 7], "texture": "#0"},
				"east": {"uv": [4, 7, 3.5, 8], "texture": "#0"},
				"south": {"uv": [8, 1, 6, 2], "texture": "#0"},
				"west": {"uv": [3.5, 7, 3, 8], "texture": "#0"},
				"up": {"uv": [6.5, 1, 8.5, 0.5], "texture": "#0"},
				"down": {"uv": [6.5, 4, 8.5, 4.5], "texture": "#0"}
			}
		},
		{
			"from": [4, 0.5, 5],
			"to": [8, 2.5, 10],
			"rotation": {"angle": 0, "axis": "y", "origin": [0, 0, 0]},
			"faces": {
				"north": {"uv": [4, 1, 6, 2], "texture": "#0"},
				"east": {"uv": [0, 4, 2.5, 5], "texture": "#0"},
				"south": {"uv": [4, 2, 6, 3], "texture": "#0"},
				"west": {"uv": [4, 0, 6.5, 1], "texture": "#0"},
				"up": {"uv": [2, 2.5, 0, 0], "texture": "#0"},
				"down": {"uv": [4, 0, 2, 2.5], "texture": "#0"}
			}
		},
		{
			"from": [4, 0, 5],
			"to": [8, 0.5, 8],
			"rotation": {"angle": 0, "axis": "y", "origin": [0, 0, 0]},
			"faces": {
				"north": {"uv": [2, 6, 4, 6.5], "texture": "#0"},
				"east": {"uv": [2.5, 6.5, 4, 7], "texture": "#0"},
				"south": {"uv": [6, 2, 8, 2.5], "texture": "#0"},
				"west": {"uv": [6.5, 4.5, 8, 5], "texture": "#0"},
				"up": {"uv": [2, 4, 0, 2.5], "texture": "#0"},
				"down": {"uv": [4, 2.5, 2, 4], "texture": "#0"}
			}
		},
		{
			"from": [5, 0, 8.5],
			"to": [7, 0.5, 10],
			"rotation": {"angle": 0, "axis": "y", "origin": [0, 0, 0]},
			"faces": {
				"north": {"uv": [6.5, 5, 7.5, 5.5], "texture": "#0"},
				"east": {"uv": [6.5, 5.5, 7.5, 6], "texture": "#0"},
				"south": {"uv": [6.5, 6, 7.5, 6.5], "texture": "#0"},
				"west": {"uv": [6.5, 6.5, 7.5, 7], "texture": "#0"},
				"up": {"uv": [7, 3.5, 6, 2.5], "texture": "#0"},
				"down": {"uv": [5, 6, 4, 7], "texture": "#0"}
			}
		},
		{
			"from": [8.5, 0.5, 5],
			"to": [12.5, 2.5, 10],
			"rotation": {"angle": 0, "axis": "y", "origin": [10.5, 2.40867, 8.48147]},
			"faces": {
				"north": {"uv": [6, 1, 4, 2], "texture": "#0"},
				"east": {"uv": [6.5, 0, 4, 1], "texture": "#0"},
				"south": {"uv": [6, 2, 4, 3], "texture": "#0"},
				"west": {"uv": [2.5, 4, 0, 5], "texture": "#0"},
				"up": {"uv": [0, 2.5, 2, 0], "texture": "#0"},
				"down": {"uv": [2, 0, 4, 2.5], "texture": "#0"}
			}
		},
		{
			"from": [8.5, 0, 5],
			"to": [12.5, 0.5, 8],
			"rotation": {"angle": 0, "axis": "y", "origin": [10.5, 2.40867, 8.48147]},
			"faces": {
				"north": {"uv": [4, 6, 2, 6.5], "texture": "#0"},
				"east": {"uv": [8, 4.5, 6.5, 5], "texture": "#0"},
				"south": {"uv": [8, 2, 6, 2.5], "texture": "#0"},
				"west": {"uv": [4, 6.5, 2.5, 7], "texture": "#0"},
				"up": {"uv": [0, 4, 2, 2.5], "texture": "#0"},
				"down": {"uv": [2, 2.5, 4, 4], "texture": "#0"}
			}
		},
		{
			"from": [9.5, 0, 8.5],
			"to": [11.5, 0.5, 10],
			"rotation": {"angle": 0, "axis": "y", "origin": [10.5, 2.40867, 8.48147]},
			"faces": {
				"north": {"uv": [7.5, 5, 6.5, 5.5], "texture": "#0"},
				"east": {"uv": [7.5, 6.5, 6.5, 7], "texture": "#0"},
				"south": {"uv": [7.5, 6, 6.5, 6.5], "texture": "#0"},
				"west": {"uv": [7.5, 5.5, 6.5, 6], "texture": "#0"},
				"up": {"uv": [6, 3.5, 7, 2.5], "texture": "#0"},
				"down": {"uv": [4, 6, 5, 7], "texture": "#0"}
			}
		},
		{
			"from": [5.75, 4.2, 9.975],
			"to": [6.25, 4.3, 10.775],
			"rotation": {"angle": 22.5, "axis": "x", "origin": [6, 4.275, 10.375]},
			"faces": {
				"north": {"uv": [4, 7, 4.5, 7.5], "texture": "#0"},
				"east": {"uv": [4.5, 7, 5, 7.5], "texture": "#0"},
				"south": {"uv": [6, 7, 6.5, 7.5], "texture": "#0"},
				"west": {"uv": [6.5, 7, 7, 7.5], "texture": "#0"},
				"up": {"uv": [7.5, 7.5, 7, 7], "texture": "#0"},
				"down": {"uv": [8, 2.5, 7.5, 3], "texture": "#0"}
			}
		},
		{
			"from": [5.75, 4.5, 10.075],
			"to": [6.25, 4.6, 10.875],
			"rotation": {"angle": -22.5, "axis": "x", "origin": [6, 4.275, 10.375]},
			"faces": {
				"north": {"uv": [7.5, 3, 8, 3.5], "texture": "#0"},
				"east": {"uv": [4, 7.5, 4.5, 8], "texture": "#0"},
				"south": {"uv": [4.5, 7.5, 5, 8], "texture": "#0"},
				"west": {"uv": [7.5, 5, 8, 5.5], "texture": "#0"},
				"up": {"uv": [8, 6, 7.5, 5.5], "texture": "#0"},
				"down": {"uv": [6.5, 7.5, 6, 8], "texture": "#0"}
			}
		},
		{
			"from": [5.75, 4.04052, 10.48292],
			"to": [6.25, 4.14052, 10.98292],
			"rotation": {"angle": 45, "axis": "x", "origin": [6, 4.16552, 11.35792]},
			"faces": {
				"north": {"uv": [7.5, 6, 8, 6.5], "texture": "#0"},
				"east": {"uv": [6.5, 7.5, 7, 8], "texture": "#0"},
				"south": {"uv": [7.5, 6.5, 8, 7], "texture": "#0"},
				"west": {"uv": [7, 7.5, 7.5, 8], "texture": "#0"},
				"up": {"uv": [8, 7.5, 7.5, 7], "texture": "#0"},
				"down": {"uv": [8, 7.5, 7.5, 8], "texture": "#0"}
			}
		},
		{
			"from": [5.75, 4.54052, 10.83292],
			"to": [6.25, 4.64052, 11.33292],
			"rotation": {"angle": -45, "axis": "x", "origin": [6, 4.16552, 11.35792]},
			"faces": {
				"north": {"uv": [0, 8, 0.5, 8.5], "texture": "#0"},
				"east": {"uv": [0.5, 8, 1, 8.5], "texture": "#0"},
				"south": {"uv": [1, 8, 1.5, 8.5], "texture": "#0"},
				"west": {"uv": [8, 1, 8.5, 1.5], "texture": "#0"},
				"up": {"uv": [2, 8.5, 1.5, 8], "texture": "#0"},
				"down": {"uv": [8.5, 1.5, 8, 2], "texture": "#0"}
			}
		},
		{
			"from": [10.25, 4.78255, 9.11665],
			"to": [10.75, 4.88255, 9.91665],
			"rotation": {"angle": 22.5, "axis": "x", "origin": [10.5, 2.40867, 8.48147]},
			"faces": {
				"north": {"uv": [4.5, 7, 4, 7.5], "texture": "#0"},
				"east": {"uv": [7, 7, 6.5, 7.5], "texture": "#0"},
				"south": {"uv": [6.5, 7, 6, 7.5], "texture": "#0"},
				"west": {"uv": [5, 7, 4.5, 7.5], "texture": "#0"},
				"up": {"uv": [7, 7.5, 7.5, 7], "texture": "#0"},
				"down": {"uv": [7.5, 2.5, 8, 3], "texture": "#0"}
			}
		},
		{
			"from": [10.25, 3.63331, 10.64508],
			"to": [10.75, 3.73331, 11.44508],
			"rotation": {"angle": -22.5, "axis": "x", "origin": [10.5, 2.40867, 8.48147]},
			"faces": {
				"north": {"uv": [8, 3, 7.5, 3.5], "texture": "#0"},
				"east": {"uv": [8, 5, 7.5, 5.5], "texture": "#0"},
				"south": {"uv": [5, 7.5, 4.5, 8], "texture": "#0"},
				"west": {"uv": [4.5, 7.5, 4, 8], "texture": "#0"},
				"up": {"uv": [7.5, 6, 8, 5.5], "texture": "#0"},
				"down": {"uv": [6, 7.5, 6.5, 8], "texture": "#0"}
			}
		},
		{
			"from": [10.25, 5.5599, 8.39815],
			"to": [10.75, 5.6599, 8.89815],
			"rotation": {"angle": 45, "axis": "x", "origin": [10.5, 2.40867, 8.48147]},
			"faces": {
				"north": {"uv": [8, 6, 7.5, 6.5], "texture": "#0"},
				"east": {"uv": [7.5, 7.5, 7, 8], "texture": "#0"},
				"south": {"uv": [8, 6.5, 7.5, 7], "texture": "#0"},
				"west": {"uv": [7, 7.5, 6.5, 8], "texture": "#0"},
				"up": {"uv": [7.5, 7.5, 8, 7], "texture": "#0"},
				"down": {"uv": [7.5, 7.5, 8, 8], "texture": "#0"}
			}
		},
		{
			"from": [10.25, 1.99199, 11.23271],
			"to": [10.75, 2.09199, 11.73271],
			"rotation": {"angle": -45, "axis": "x", "origin": [10.5, 2.40867, 8.48147]},
			"faces": {
				"north": {"uv": [0.5, 8, 0, 8.5], "texture": "#0"},
				"east": {"uv": [8.5, 1, 8, 1.5], "texture": "#0"},
				"south": {"uv": [1.5, 8, 1, 8.5], "texture": "#0"},
				"west": {"uv": [1, 8, 0.5, 8.5], "texture": "#0"},
				"up": {"uv": [1.5, 8.5, 2, 8], "texture": "#0"},
				"down": {"uv": [8, 1.5, 8.5, 2], "texture": "#0"}
			}
		}
	],
	"display": {
		"thirdperson_righthand": {
			"rotation": [69, 0, 0],
			"translation": [0, 0, 3.25]
		},
		"thirdperson_lefthand": {
			"rotation": [69, 0, 0],
			"translation": [0, 0, 3.25]
		},
		"firstperson_righthand": {
			"translation": [0, 3.25, 0]
		},
		"firstperson_lefthand": {
			"translation": [0, 3.75, 0]
		},
		"ground": {
			"translation": [0, 8.25, 0],
			"scale": [1.5, 1.5, 1.5]
		},
		"gui": {
			"rotation": [0, 172, 0],
			"translation": [0, 4.75, 0]
		},
		"head": {
			"translation": [0.25, -32, -0.25],
			"scale": [1.8, 1.8, 1.8]
		},
		"fixed": {
			"rotation": [-90, 0, 0],
			"translation": [0, 0, -14],
			"scale": [2, 2, 2]
		}
	},
	"groups": [
		{
			"name": "Boot",
			"origin": [6.2, 5.5, 8],
			"color": 0,
			"children": [0, 1, 2, 3]
		},
		{
			"name": "Boot2",
			"origin": [10.74268, 4, 8],
			"color": 0,
			"children": [4, 5, 6, 7]
		},
		{
			"name": "Sole",
			"origin": [2.1, 0, 0],
			"color": 0,
			"children": [8, 9, 10]
		},
		{
			"name": "Sole2",
			"origin": [10.74268, 4, 8],
			"color": 0,
			"children": [11, 12, 13]
		},
		{
			"name": "Ribbon",
			"origin": [6, 4.16552, 11.35792],
			"color": 0,
			"children": [14, 15, 16, 17]
		},
		{
			"name": "Ribbon2",
			"origin": [8, 8, 8],
			"color": 0,
			"children": [18, 19, 20, 21]
		}
	]
}