{
	"credit": "Made with Blockbench",
	"texture_size": [32, 32],
	"textures": {
		"0": "block/bandages",
		"particle": "block/bandages"
	},
	"elements": [
		{
			"from": [8, 0, 9],
			"to": [11, 5, 12],
			"faces": {
				"north": {"uv": [2.5, 0, 4, 2.5], "texture": "#0"},
				"east": {"uv": [2.5, 2.5, 4, 5], "texture": "#0"},
				"south": {"uv": [0, 4, 1.5, 6.5], "texture": "#0"},
				"west": {"uv": [4, 0, 5.5, 2.5], "texture": "#0"},
				"up": {"uv": [7.5, 7.5, 6, 6], "texture": "#0"},
				"down": {"uv": [1.5, 6.5, 0, 8], "texture": "#0"}
			}
		},
		{
			"from": [4.025, 0.425, 9],
			"to": [7.025, 5.425, 12],
			"rotation": {"angle": -22.5, "axis": "z", "origin": [5.5, 2.5, 8.5]},
			"faces": {
				"north": {"uv": [4, 2.5, 5.5, 5], "texture": "#0"},
				"east": {"uv": [1.5, 5, 3, 7.5], "texture": "#0"},
				"south": {"uv": [3, 5, 4.5, 7.5], "texture": "#0"},
				"west": {"uv": [4.5, 5, 6, 7.5], "texture": "#0"},
				"up": {"uv": [3, 9, 1.5, 7.5], "texture": "#0"},
				"down": {"uv": [4.5, 7.5, 3, 9], "texture": "#0"}
			}
		},
		{
			"from": [6, 0, 6],
			"to": [11, 3, 9],
			"rotation": {"angle": 22.5, "axis": "y", "origin": [5.5, 1.5, 5.5]},
			"faces": {
				"north": {"uv": [5.5, 0, 8, 1.5], "texture": "#0"},
				"east": {"uv": [4.5, 7.5, 6, 9], "texture": "#0"},
				"south": {"uv": [5.5, 1.5, 8, 3], "texture": "#0"},
				"west": {"uv": [6, 7.5, 7.5, 9], "texture": "#0"},
				"up": {"uv": [8, 4.5, 5.5, 3], "texture": "#0"},
				"down": {"uv": [8.5, 4.5, 6, 6], "texture": "#0"}
			}
		},
		{
			"from": [6, 0, 2],
			"to": [11, 0.1, 6],
			"rotation": {"angle": 22.5, "axis": "y", "origin": [5.5, 1.5, 5.5]},
			"faces": {
				"north": {"uv": [7.5, 6, 10, 6.5], "texture": "#0"},
				"east": {"uv": [7.5, 7, 9.5, 7.5], "texture": "#0"},
				"south": {"uv": [7.5, 6.5, 10, 7], "texture": "#0"},
				"west": {"uv": [7.5, 7.5, 9.5, 8], "texture": "#0"},
				"up": {"uv": [2.5, 2, 0, 0], "texture": "#0"},
				"down": {"uv": [2.5, 2, 0, 4], "texture": "#0"}
			}
		}
	],
	"display": {
		"thirdperson_righthand": {
			"translation": [0, 3.75, 0],
			"scale": [0.5, 0.5, 0.5]
		},
		"thirdperson_lefthand": {
			"translation": [0, 3.75, 0],
			"scale": [0.5, 0.5, 0.5]
		},
		"firstperson_righthand": {
			"translation": [0, 5.5, 0]
		},
		"firstperson_lefthand": {
			"translation": [0, 5.5, 0]
		},
		"ground": {
			"translation": [0, 4.75, 0]
		},
		"fixed": {
			"rotation": [-90, 0, 0],
			"translation": [0, 0, -14],
			"scale": [2, 2, 2]
		}
	}
}