{
	"credit": "Made with Blockbench",
	"texture_size": [64, 64],
	"textures": {
		"0": "block/Blanket Rack Colors/blanket_rack_purple",
		"particle": "block/Blanket Rack Colors/blanket_rack_purple"
	},
	"elements": [
		{
			"from": [-4.5, 13.775, 7.0125],
			"to": [-3.5, 14.775, 10.5125],
			"rotation": {"angle": 0, "axis": "y", "origin": [-3.5, 0, -5.3625]},
			"faces": {
				"north": {"uv": [3.5, 8.75, 3.75, 9], "texture": "#0"},
				"east": {"uv": [2, 8, 2.875, 8.25], "texture": "#0"},
				"south": {"uv": [3.75, 8.75, 4, 9], "texture": "#0"},
				"west": {"uv": [3, 8, 3.875, 8.25], "texture": "#0"},
				"up": {"uv": [4.25, 8.875, 4, 8], "texture": "#0"},
				"down": {"uv": [4.5, 8, 4.25, 8.875], "texture": "#0"}
			}
		},
		{
			"from": [19.5, 13.775, 7.0125],
			"to": [20.5, 14.775, 10.5125],
			"rotation": {"angle": 0, "axis": "y", "origin": [-3.5, 0, -5.3625]},
			"faces": {
				"north": {"uv": [4.5, 8.75, 4.75, 9], "texture": "#0"},
				"east": {"uv": [4.5, 8, 5.375, 8.25], "texture": "#0"},
				"south": {"uv": [4.75, 8.75, 5, 9], "texture": "#0"},
				"west": {"uv": [5.5, 8, 6.375, 8.25], "texture": "#0"},
				"up": {"uv": [6.75, 8.875, 6.5, 8], "texture": "#0"},
				"down": {"uv": [7, 8, 6.75, 8.875], "texture": "#0"}
			}
		},
		{
			"from": [-4, 13.775, 6.5125],
			"to": [20, 14.775, 7.5125],
			"rotation": {"angle": 0, "axis": "y", "origin": [-3.5, 0, -5.3625]},
			"faces": {
				"north": {"uv": [0, 5.75, 6, 6], "texture": "#0"},
				"east": {"uv": [5, 8.75, 5.25, 9], "texture": "#0"},
				"south": {"uv": [0, 6, 6, 6.25], "texture": "#0"},
				"west": {"uv": [5.25, 8.75, 5.5, 9], "texture": "#0"},
				"up": {"uv": [12, 6, 6, 5.75], "texture": "#0"},
				"down": {"uv": [12, 6, 6, 6.25], "texture": "#0"}
			}
		},
		{
			"from": [19.35, 13.675, 9.5125],
			"to": [20.65, 14.975, 10.5125],
			"rotation": {"angle": 0, "axis": "y", "origin": [-3.5, 0, -5.3625]},
			"faces": {
				"north": {"uv": [2.75, 8.25, 3.125, 8.625], "texture": "#0"},
				"east": {"uv": [3.75, 8.25, 4, 8.625], "texture": "#0"},
				"south": {"uv": [3.25, 8.25, 3.625, 8.625], "texture": "#0"},
				"west": {"uv": [5.5, 8.25, 5.75, 8.625], "texture": "#0"},
				"up": {"uv": [6.125, 8.5, 5.75, 8.25], "texture": "#0"},
				"down": {"uv": [8.625, 8, 8.25, 8.25], "texture": "#0"}
			}
		},
		{
			"from": [-4.65, 13.675, 9.5125],
			"to": [-3.35, 14.975, 10.5125],
			"rotation": {"angle": 0, "axis": "y", "origin": [-3.5, 0, -5.3625]},
			"faces": {
				"north": {"uv": [4.5, 8.25, 4.875, 8.625], "texture": "#0"},
				"east": {"uv": [6.25, 8.25, 6.5, 8.625], "texture": "#0"},
				"south": {"uv": [5, 8.25, 5.375, 8.625], "texture": "#0"},
				"west": {"uv": [8.25, 8.25, 8.5, 8.625], "texture": "#0"},
				"up": {"uv": [6.125, 8.75, 5.75, 8.5], "texture": "#0"},
				"down": {"uv": [8.875, 6.75, 8.5, 7], "texture": "#0"}
			}
		},
		{
			"from": [2.5, 0, 7.4875],
			"to": [3.5, 13, 7.4875],
			"rotation": {"angle": 0, "axis": "y", "origin": [-3.5, 0, -5.3625]},
			"faces": {
				"north": {"uv": [0, 7.75, 0.25, 11], "texture": "#0"},
				"east": {"uv": [0, 0, 0, 3.25], "texture": "#0"},
				"south": {"uv": [0.25, 7.75, 0.5, 11], "texture": "#0"},
				"west": {"uv": [0, 0, 0, 3.25], "texture": "#0"},
				"up": {"uv": [0.25, 0, 0, 0], "texture": "#0"},
				"down": {"uv": [0.25, 0, 0, 0], "texture": "#0"}
			}
		},
		{
			"from": [15, 2, 7.4875],
			"to": [16, 13, 7.4875],
			"rotation": {"angle": 0, "axis": "y", "origin": [-3.5, 0, -5.3625]},
			"faces": {
				"north": {"uv": [0.5, 7.75, 0.75, 10.5], "texture": "#0"},
				"east": {"uv": [0, 0, 0, 2.75], "texture": "#0"},
				"south": {"uv": [0.75, 7.75, 1, 10.5], "texture": "#0"},
				"west": {"uv": [0, 0, 0, 2.75], "texture": "#0"},
				"up": {"uv": [0.25, 0, 0, 0], "texture": "#0"},
				"down": {"uv": [0.25, 0, 0, 0], "texture": "#0"}
			}
		},
		{
			"from": [2.5, 5.4, 5.4125],
			"to": [3.5, 8.4, 6.4125],
			"rotation": {"angle": 0, "axis": "y", "origin": [-3.5, 0, -5.3625]},
			"faces": {
				"north": {"uv": [7, 8, 7.25, 8.75], "texture": "#0"},
				"east": {"uv": [7.25, 8, 7.5, 8.75], "texture": "#0"},
				"south": {"uv": [7.5, 8, 7.75, 8.75], "texture": "#0"},
				"west": {"uv": [7.75, 8, 8, 8.75], "texture": "#0"},
				"up": {"uv": [7.25, 9, 7, 8.75], "texture": "#0"},
				"down": {"uv": [7.5, 8.75, 7.25, 9], "texture": "#0"}
			}
		},
		{
			"from": [3.6, 4.875, 5.4125],
			"to": [3.8, 5.675, 6.4125],
			"rotation": {"angle": 0, "axis": "y", "origin": [-3.5, 0, -5.3625]},
			"faces": {
				"north": {"uv": [4.75, 9, 4.875, 9.25], "texture": "#0"},
				"east": {"uv": [7.5, 8.75, 7.75, 9], "texture": "#0"},
				"south": {"uv": [5, 9, 5.125, 9.25], "texture": "#0"},
				"west": {"uv": [7.75, 8.75, 8, 9], "texture": "#0"},
				"up": {"uv": [5.375, 9.25, 5.25, 9], "texture": "#0"},
				"down": {"uv": [5.625, 9, 5.5, 9.25], "texture": "#0"}
			}
		},
		{
			"from": [2.2, 4.875, 5.4125],
			"to": [2.4, 5.675, 6.4125],
			"rotation": {"angle": 0, "axis": "y", "origin": [-3.5, 0, -5.3625]},
			"faces": {
				"north": {"uv": [5.75, 9, 5.875, 9.25], "texture": "#0"},
				"east": {"uv": [8, 8.75, 8.25, 9], "texture": "#0"},
				"south": {"uv": [6, 9, 6.125, 9.25], "texture": "#0"},
				"west": {"uv": [8.75, 8, 9, 8.25], "texture": "#0"},
				"up": {"uv": [6.375, 9.25, 6.25, 9], "texture": "#0"},
				"down": {"uv": [6.625, 9, 6.5, 9.25], "texture": "#0"}
			}
		},
		{
			"from": [2.2, 4.675, 5.4125],
			"to": [3.8, 4.875, 6.4125],
			"rotation": {"angle": 0, "axis": "y", "origin": [-3.5, 0, -5.3625]},
			"faces": {
				"north": {"uv": [2.75, 9, 3.125, 9.125], "texture": "#0"},
				"east": {"uv": [6.75, 9, 7, 9.125], "texture": "#0"},
				"south": {"uv": [3.25, 9, 3.625, 9.125], "texture": "#0"},
				"west": {"uv": [9, 6.75, 9.25, 6.875], "texture": "#0"},
				"up": {"uv": [8.875, 7.25, 8.5, 7], "texture": "#0"},
				"down": {"uv": [8.875, 7.25, 8.5, 7.5], "texture": "#0"}
			}
		},
		{
			"from": [2.85, 4.375, 5.4125],
			"to": [3.15, 4.675, 6.4125],
			"rotation": {"angle": 0, "axis": "y", "origin": [-3.5, 0, -5.3625]},
			"faces": {
				"north": {"uv": [6.75, 9.25, 6.875, 9.375], "texture": "#0"},
				"east": {"uv": [7, 9, 7.25, 9.125], "texture": "#0"},
				"south": {"uv": [9.25, 6.75, 9.375, 6.875], "texture": "#0"},
				"west": {"uv": [9, 7, 9.25, 7.125], "texture": "#0"},
				"up": {"uv": [7.375, 9.25, 7.25, 9], "texture": "#0"},
				"down": {"uv": [9.125, 7.25, 9, 7.5], "texture": "#0"}
			}
		},
		{
			"from": [2.4, 5.475, 5.4125],
			"to": [2.5, 5.675, 6.4125],
			"rotation": {"angle": 0, "axis": "y", "origin": [-3.5, 0, -5.3625]},
			"faces": {
				"north": {"uv": [7, 9.25, 7.125, 9.375], "texture": "#0"},
				"east": {"uv": [7.5, 9, 7.75, 9.125], "texture": "#0"},
				"south": {"uv": [9.25, 7, 9.375, 7.125], "texture": "#0"},
				"west": {"uv": [9, 7.5, 9.25, 7.625], "texture": "#0"},
				"up": {"uv": [7.875, 9.25, 7.75, 9], "texture": "#0"},
				"down": {"uv": [8.125, 9, 8, 9.25], "texture": "#0"}
			}
		},
		{
			"from": [3.5, 5.475, 5.4125],
			"to": [3.6, 5.675, 6.4125],
			"rotation": {"angle": 0, "axis": "y", "origin": [-3.5, 0, -5.3625]},
			"faces": {
				"north": {"uv": [7.25, 9.25, 7.375, 9.375], "texture": "#0"},
				"east": {"uv": [9, 8, 9.25, 8.125], "texture": "#0"},
				"south": {"uv": [9.25, 7.25, 9.375, 7.375], "texture": "#0"},
				"west": {"uv": [8.25, 9, 8.5, 9.125], "texture": "#0"},
				"up": {"uv": [9.125, 8.5, 9, 8.25], "texture": "#0"},
				"down": {"uv": [8.625, 9, 8.5, 9.25], "texture": "#0"}
			}
		},
		{
			"from": [14.8, 5.475, 5.4125],
			"to": [14.9, 5.675, 6.4125],
			"rotation": {"angle": 0, "axis": "y", "origin": [-3.5, 0, -5.3625]},
			"faces": {
				"north": {"uv": [7.5, 9.25, 7.625, 9.375], "texture": "#0"},
				"east": {"uv": [8.75, 9, 9, 9.125], "texture": "#0"},
				"south": {"uv": [9.25, 7.5, 9.375, 7.625], "texture": "#0"},
				"west": {"uv": [9, 8.75, 9.25, 8.875], "texture": "#0"},
				"up": {"uv": [9.125, 9.25, 9, 9], "texture": "#0"},
				"down": {"uv": [2.125, 9.25, 2, 9.5], "texture": "#0"}
			}
		},
		{
			"from": [14.9, 5.4, 5.4125],
			"to": [15.9, 8.4, 6.4125],
			"rotation": {"angle": 0, "axis": "y", "origin": [-3.5, 0, -5.3625]},
			"faces": {
				"north": {"uv": [8, 8, 8.25, 8.75], "texture": "#0"},
				"east": {"uv": [2, 8.25, 2.25, 9], "texture": "#0"},
				"south": {"uv": [2.25, 8.25, 2.5, 9], "texture": "#0"},
				"west": {"uv": [2.5, 8.25, 2.75, 9], "texture": "#0"},
				"up": {"uv": [8.5, 9, 8.25, 8.75], "texture": "#0"},
				"down": {"uv": [8.75, 8.75, 8.5, 9], "texture": "#0"}
			}
		},
		{
			"from": [14.6, 4.875, 5.4125],
			"to": [14.8, 5.675, 6.4125],
			"rotation": {"angle": 0, "axis": "y", "origin": [-3.5, 0, -5.3625]},
			"faces": {
				"north": {"uv": [2.25, 9.25, 2.375, 9.5], "texture": "#0"},
				"east": {"uv": [8.75, 8.75, 9, 9], "texture": "#0"},
				"south": {"uv": [2.5, 9.25, 2.625, 9.5], "texture": "#0"},
				"west": {"uv": [2, 9, 2.25, 9.25], "texture": "#0"},
				"up": {"uv": [2.875, 9.5, 2.75, 9.25], "texture": "#0"},
				"down": {"uv": [3.125, 9.25, 3, 9.5], "texture": "#0"}
			}
		},
		{
			"from": [16, 4.875, 5.4125],
			"to": [16.2, 5.675, 6.4125],
			"rotation": {"angle": 0, "axis": "y", "origin": [-3.5, 0, -5.3625]},
			"faces": {
				"north": {"uv": [3.25, 9.25, 3.375, 9.5], "texture": "#0"},
				"east": {"uv": [2.25, 9, 2.5, 9.25], "texture": "#0"},
				"south": {"uv": [3.5, 9.25, 3.625, 9.5], "texture": "#0"},
				"west": {"uv": [2.5, 9, 2.75, 9.25], "texture": "#0"},
				"up": {"uv": [3.875, 9.5, 3.75, 9.25], "texture": "#0"},
				"down": {"uv": [4.125, 9.25, 4, 9.5], "texture": "#0"}
			}
		},
		{
			"from": [14.6, 4.675, 5.4125],
			"to": [16.2, 4.875, 6.4125],
			"rotation": {"angle": 0, "axis": "y", "origin": [-3.5, 0, -5.3625]},
			"faces": {
				"north": {"uv": [3.75, 9, 4.125, 9.125], "texture": "#0"},
				"east": {"uv": [4.25, 9.25, 4.5, 9.375], "texture": "#0"},
				"south": {"uv": [4.25, 9, 4.625, 9.125], "texture": "#0"},
				"west": {"uv": [4.5, 9.25, 4.75, 9.375], "texture": "#0"},
				"up": {"uv": [8.875, 7.75, 8.5, 7.5], "texture": "#0"},
				"down": {"uv": [8.875, 8.25, 8.5, 8.5], "texture": "#0"}
			}
		},
		{
			"from": [15.25, 4.375, 5.4125],
			"to": [15.55, 4.675, 6.4125],
			"rotation": {"angle": 0, "axis": "y", "origin": [-3.5, 0, -5.3625]},
			"faces": {
				"north": {"uv": [7.75, 9.25, 7.875, 9.375], "texture": "#0"},
				"east": {"uv": [4.75, 9.25, 5, 9.375], "texture": "#0"},
				"south": {"uv": [8, 9.25, 8.125, 9.375], "texture": "#0"},
				"west": {"uv": [5, 9.25, 5.25, 9.375], "texture": "#0"},
				"up": {"uv": [5.375, 9.5, 5.25, 9.25], "texture": "#0"},
				"down": {"uv": [5.625, 9.25, 5.5, 9.5], "texture": "#0"}
			}
		},
		{
			"from": [15.9, 5.475, 5.4125],
			"to": [16, 5.675, 6.4125],
			"rotation": {"angle": 0, "axis": "y", "origin": [-3.5, 0, -5.3625]},
			"faces": {
				"north": {"uv": [9.25, 8, 9.375, 8.125], "texture": "#0"},
				"east": {"uv": [5.75, 9.25, 6, 9.375], "texture": "#0"},
				"south": {"uv": [8.25, 9.25, 8.375, 9.375], "texture": "#0"},
				"west": {"uv": [6, 9.25, 6.25, 9.375], "texture": "#0"},
				"up": {"uv": [6.375, 9.5, 6.25, 9.25], "texture": "#0"},
				"down": {"uv": [6.625, 9.25, 6.5, 9.5], "texture": "#0"}
			}
		},
		{
			"from": [-1.5, 4.775, 5.5125],
			"to": [17.5, 14.775, 6.5125],
			"rotation": {"angle": 0, "axis": "y", "origin": [-3.5, 0, -5.3625]},
			"faces": {
				"north": {"uv": [0, 0, 4.75, 2.5], "texture": "#0"},
				"east": {"uv": [1, 7.75, 1.25, 10.25], "texture": "#0"},
				"south": {"uv": [0, 2.5, 4.75, 5], "texture": "#0"},
				"west": {"uv": [1.25, 7.75, 1.5, 10.25], "texture": "#0"},
				"up": {"uv": [4.75, 6.5, 0, 6.25], "texture": "#0"},
				"down": {"uv": [9.5, 6.25, 4.75, 6.5], "texture": "#0"}
			}
		},
		{
			"from": [-0.5, 3.8, 5.5125],
			"to": [16.5, 4.8, 6.5125],
			"rotation": {"angle": 0, "axis": "y", "origin": [-3.5, 0, -5.3625]},
			"faces": {
				"north": {"uv": [0, 6.75, 4.25, 7], "texture": "#0"},
				"east": {"uv": [5.5, 8.75, 5.75, 9], "texture": "#0"},
				"south": {"uv": [4.25, 6.75, 8.5, 7], "texture": "#0"},
				"west": {"uv": [5.75, 8.75, 6, 9], "texture": "#0"},
				"up": {"uv": [4.25, 7.25, 0, 7], "texture": "#0"},
				"down": {"uv": [8.5, 7, 4.25, 7.25], "texture": "#0"}
			}
		},
		{
			"from": [-1.5, 4.775, 7.5125],
			"to": [17.5, 14.775, 8.5125],
			"rotation": {"angle": 0, "axis": "y", "origin": [-3.5, 0, -5.3625]},
			"faces": {
				"north": {"uv": [4.75, 0, 9.5, 2.5], "texture": "#0"},
				"east": {"uv": [1.5, 7.75, 1.75, 10.25], "texture": "#0"},
				"south": {"uv": [4.75, 2.5, 9.5, 5], "texture": "#0"},
				"west": {"uv": [1.75, 7.75, 2, 10.25], "texture": "#0"},
				"up": {"uv": [4.75, 6.75, 0, 6.5], "texture": "#0"},
				"down": {"uv": [9.5, 6.5, 4.75, 6.75], "texture": "#0"}
			}
		},
		{
			"from": [-0.5, 3.8, 7.5125],
			"to": [16.5, 4.8, 8.5125],
			"rotation": {"angle": 0, "axis": "y", "origin": [-3.5, 0, -5.3625]},
			"faces": {
				"north": {"uv": [0, 7.25, 4.25, 7.5], "texture": "#0"},
				"east": {"uv": [6, 8.75, 6.25, 9], "texture": "#0"},
				"south": {"uv": [4.25, 7.25, 8.5, 7.5], "texture": "#0"},
				"west": {"uv": [6.25, 8.75, 6.5, 9], "texture": "#0"},
				"up": {"uv": [4.25, 7.75, 0, 7.5], "texture": "#0"},
				"down": {"uv": [8.5, 7.5, 4.25, 7.75], "texture": "#0"}
			}
		},
		{
			"from": [-1.5, 14.775, 5.7625],
			"to": [17.5, 15.275, 8.2625],
			"rotation": {"angle": 0, "axis": "y", "origin": [-3.5, 0, -5.3625]},
			"faces": {
				"north": {"uv": [2, 7.75, 6.75, 7.875], "texture": "#0"},
				"east": {"uv": [8.5, 8.5, 9.125, 8.625], "texture": "#0"},
				"south": {"uv": [6.75, 7.75, 11.5, 7.875], "texture": "#0"},
				"west": {"uv": [2.75, 8.75, 3.375, 8.875], "texture": "#0"},
				"up": {"uv": [4.75, 5.625, 0, 5], "texture": "#0"},
				"down": {"uv": [9.5, 5, 4.75, 5.625], "texture": "#0"}
			}
		},
		{
			"from": [2.85, -1, 7.4875],
			"to": [3.15, -0.7, 7.4875],
			"rotation": {"angle": 0, "axis": "y", "origin": [-3.5, 0, -5.3625]},
			"faces": {
				"north": {"uv": [6.75, 9.25, 6.875, 9.375], "texture": "#0"},
				"east": {"uv": [7, 9, 7.25, 9.125], "texture": "#0"},
				"south": {"uv": [9.25, 6.75, 9.375, 6.875], "texture": "#0"},
				"west": {"uv": [9, 7, 9.25, 7.125], "texture": "#0"},
				"up": {"uv": [7.375, 9.25, 7.25, 9], "texture": "#0"},
				"down": {"uv": [9.125, 7.25, 9, 7.5], "texture": "#0"}
			}
		},
		{
			"from": [2.2, -0.7, 7.4875],
			"to": [3.8, -0.5, 7.4875],
			"rotation": {"angle": 0, "axis": "y", "origin": [-3.5, 0, -5.3625]},
			"faces": {
				"north": {"uv": [2.75, 9, 3.125, 9.125], "texture": "#0"},
				"east": {"uv": [6.75, 9, 7, 9.125], "texture": "#0"},
				"south": {"uv": [3.25, 9, 3.625, 9.125], "texture": "#0"},
				"west": {"uv": [9, 6.75, 9.25, 6.875], "texture": "#0"},
				"up": {"uv": [8.875, 7.25, 8.5, 7], "texture": "#0"},
				"down": {"uv": [8.875, 7.25, 8.5, 7.5], "texture": "#0"}
			}
		},
		{
			"from": [3.6, -0.5, 7.4875],
			"to": [3.8, 0.3, 7.4875],
			"rotation": {"angle": 0, "axis": "y", "origin": [-3.5, 0, -5.3625]},
			"faces": {
				"north": {"uv": [4.75, 9, 4.875, 9.25], "texture": "#0"},
				"east": {"uv": [7.5, 8.75, 7.75, 9], "texture": "#0"},
				"south": {"uv": [5, 9, 5.125, 9.25], "texture": "#0"},
				"west": {"uv": [7.75, 8.75, 8, 9], "texture": "#0"},
				"up": {"uv": [5.375, 9.25, 5.25, 9], "texture": "#0"},
				"down": {"uv": [5.625, 9, 5.5, 9.25], "texture": "#0"}
			}
		},
		{
			"from": [3.5, 0.1, 7.4875],
			"to": [3.6, 0.3, 7.4875],
			"rotation": {"angle": 0, "axis": "y", "origin": [-3.5, 0, -5.3625]},
			"faces": {
				"north": {"uv": [7.25, 9.25, 7.375, 9.375], "texture": "#0"},
				"east": {"uv": [9, 8, 9.25, 8.125], "texture": "#0"},
				"south": {"uv": [9.25, 7.25, 9.375, 7.375], "texture": "#0"},
				"west": {"uv": [8.25, 9, 8.5, 9.125], "texture": "#0"},
				"up": {"uv": [9.125, 8.5, 9, 8.25], "texture": "#0"},
				"down": {"uv": [8.625, 9, 8.5, 9.25], "texture": "#0"}
			}
		},
		{
			"from": [2.4, 0.1, 7.4875],
			"to": [2.5, 0.3, 7.4875],
			"rotation": {"angle": 0, "axis": "y", "origin": [-3.5, 0, -5.3625]},
			"faces": {
				"north": {"uv": [7, 9.25, 7.125, 9.375], "texture": "#0"},
				"east": {"uv": [7.5, 9, 7.75, 9.125], "texture": "#0"},
				"south": {"uv": [9.25, 7, 9.375, 7.125], "texture": "#0"},
				"west": {"uv": [9, 7.5, 9.25, 7.625], "texture": "#0"},
				"up": {"uv": [7.875, 9.25, 7.75, 9], "texture": "#0"},
				"down": {"uv": [8.125, 9, 8, 9.25], "texture": "#0"}
			}
		},
		{
			"from": [2.2, -0.5, 7.4875],
			"to": [2.4, 0.3, 7.4875],
			"rotation": {"angle": 0, "axis": "y", "origin": [-3.5, 0, -5.3625]},
			"faces": {
				"north": {"uv": [5.75, 9, 5.875, 9.25], "texture": "#0"},
				"east": {"uv": [8, 8.75, 8.25, 9], "texture": "#0"},
				"south": {"uv": [6, 9, 6.125, 9.25], "texture": "#0"},
				"west": {"uv": [8.75, 8, 9, 8.25], "texture": "#0"},
				"up": {"uv": [6.375, 9.25, 6.25, 9], "texture": "#0"},
				"down": {"uv": [6.625, 9, 6.5, 9.25], "texture": "#0"}
			}
		},
		{
			"from": [15.35, 1, 7.4875],
			"to": [15.65, 1.3, 7.4875],
			"rotation": {"angle": 0, "axis": "y", "origin": [-3.5, 0, -5.3625]},
			"faces": {
				"north": {"uv": [6.75, 9.25, 6.875, 9.375], "texture": "#0"},
				"east": {"uv": [7, 9, 7.25, 9.125], "texture": "#0"},
				"south": {"uv": [9.25, 6.75, 9.375, 6.875], "texture": "#0"},
				"west": {"uv": [9, 7, 9.25, 7.125], "texture": "#0"},
				"up": {"uv": [7.375, 9.25, 7.25, 9], "texture": "#0"},
				"down": {"uv": [9.125, 7.25, 9, 7.5], "texture": "#0"}
			}
		},
		{
			"from": [14.7, 1.3, 7.4875],
			"to": [16.3, 1.5, 7.4875],
			"rotation": {"angle": 0, "axis": "y", "origin": [-3.5, 0, -5.3625]},
			"faces": {
				"north": {"uv": [2.75, 9, 3.125, 9.125], "texture": "#0"},
				"east": {"uv": [6.75, 9, 7, 9.125], "texture": "#0"},
				"south": {"uv": [3.25, 9, 3.625, 9.125], "texture": "#0"},
				"west": {"uv": [9, 6.75, 9.25, 6.875], "texture": "#0"},
				"up": {"uv": [8.875, 7.25, 8.5, 7], "texture": "#0"},
				"down": {"uv": [8.875, 7.25, 8.5, 7.5], "texture": "#0"}
			}
		},
		{
			"from": [16.1, 1.5, 7.4875],
			"to": [16.3, 2.3, 7.4875],
			"rotation": {"angle": 0, "axis": "y", "origin": [-3.5, 0, -5.3625]},
			"faces": {
				"north": {"uv": [4.75, 9, 4.875, 9.25], "texture": "#0"},
				"east": {"uv": [7.5, 8.75, 7.75, 9], "texture": "#0"},
				"south": {"uv": [5, 9, 5.125, 9.25], "texture": "#0"},
				"west": {"uv": [7.75, 8.75, 8, 9], "texture": "#0"},
				"up": {"uv": [5.375, 9.25, 5.25, 9], "texture": "#0"},
				"down": {"uv": [5.625, 9, 5.5, 9.25], "texture": "#0"}
			}
		},
		{
			"from": [16, 2.1, 7.4875],
			"to": [16.1, 2.3, 7.4875],
			"rotation": {"angle": 0, "axis": "y", "origin": [-3.5, 0, -5.3625]},
			"faces": {
				"north": {"uv": [7.25, 9.25, 7.375, 9.375], "texture": "#0"},
				"east": {"uv": [9, 8, 9.25, 8.125], "texture": "#0"},
				"south": {"uv": [9.25, 7.25, 9.375, 7.375], "texture": "#0"},
				"west": {"uv": [8.25, 9, 8.5, 9.125], "texture": "#0"},
				"up": {"uv": [9.125, 8.5, 9, 8.25], "texture": "#0"},
				"down": {"uv": [8.625, 9, 8.5, 9.25], "texture": "#0"}
			}
		},
		{
			"from": [14.9, 2.1, 7.4875],
			"to": [15, 2.3, 7.4875],
			"rotation": {"angle": 0, "axis": "y", "origin": [-3.5, 0, -5.3625]},
			"faces": {
				"north": {"uv": [7, 9.25, 7.125, 9.375], "texture": "#0"},
				"east": {"uv": [7.5, 9, 7.75, 9.125], "texture": "#0"},
				"south": {"uv": [9.25, 7, 9.375, 7.125], "texture": "#0"},
				"west": {"uv": [9, 7.5, 9.25, 7.625], "texture": "#0"},
				"up": {"uv": [7.875, 9.25, 7.75, 9], "texture": "#0"},
				"down": {"uv": [8.125, 9, 8, 9.25], "texture": "#0"}
			}
		},
		{
			"from": [14.7, 1.5, 7.4875],
			"to": [14.9, 2.3, 7.4875],
			"rotation": {"angle": 0, "axis": "y", "origin": [-3.5, 0, -5.3625]},
			"faces": {
				"north": {"uv": [5.75, 9, 5.875, 9.25], "texture": "#0"},
				"east": {"uv": [8, 8.75, 8.25, 9], "texture": "#0"},
				"south": {"uv": [6, 9, 6.125, 9.25], "texture": "#0"},
				"west": {"uv": [8.75, 8, 9, 8.25], "texture": "#0"},
				"up": {"uv": [6.375, 9.25, 6.25, 9], "texture": "#0"},
				"down": {"uv": [6.625, 9, 6.5, 9.25], "texture": "#0"}
			}
		}
	],
	"display": {
		"thirdperson_righthand": {
			"scale": [0.3, 0.3, 0.3]
		},
		"thirdperson_lefthand": {
			"scale": [0.3, 0.3, 0.3]
		},
		"firstperson_righthand": {
			"scale": [0.3, 0.3, 0.3]
		},
		"firstperson_lefthand": {
			"scale": [0.3, 0.3, 0.3]
		},
		"ground": {
			"translation": [0, 5.25, 0]
		},
		"gui": {
			"scale": [0.5, 0.5, 0.5]
		},
		"fixed": {
			"translation": [0, -20, -7.75],
			"scale": [3, 3, 3]
		}
	},
	"groups": [
		{
			"name": "Rack",
			"origin": [0, 0, 0],
			"color": 0,
			"children": [0, 1, 2, 3, 4]
		},
		{
			"name": "Straps",
			"origin": [-3.5, 0, -5.3625],
			"color": 0,
			"children": [5, 6, 7, 8, 9, 10, 11, 12, 13, 14, 15, 16, 17, 18, 19, 20]
		},
		{
			"name": "Blanket",
			"origin": [-3.5, 0, -5.3625],
			"color": 0,
			"children": [21, 22, 23, 24, 25]
		},
		26,
		27,
		28,
		29,
		30,
		31,
		32,
		33,
		34,
		35,
		36,
		37
	]
}