{
	"credit": "Made with Blockbench",
	"texture_size": [32, 32],
	"textures": {
		"1": "block/Blanket Rack Colors/blanket_rack_empty",
		"particle": "block/Blanket Rack Colors/blanket_rack_black"
	},
	"elements": [
		{
			"from": [-4.5, 13.775, 7.0125],
			"to": [-3.5, 14.775, 10.5125],
			"rotation": {"angle": 0, "axis": "y", "origin": [-3.5, 0, -5.3625]},
			"faces": {
				"north": {"uv": [4.5, 4, 5, 4.5], "texture": "#1"},
				"east": {"uv": [0, 2, 1.75, 2.5], "texture": "#1"},
				"south": {"uv": [4.5, 4.5, 5, 5], "texture": "#1"},
				"west": {"uv": [2, 2, 3.75, 2.5], "texture": "#1"},
				"up": {"uv": [0.5, 4.25, 0, 2.5], "texture": "#1"},
				"down": {"uv": [1, 2.5, 0.5, 4.25], "texture": "#1"}
			}
		},
		{
			"from": [19.5, 13.775, 7.0125],
			"to": [20.5, 14.775, 10.5125],
			"rotation": {"angle": 0, "axis": "y", "origin": [-3.5, 0, -5.3625]},
			"faces": {
				"north": {"uv": [2, 5, 2.5, 5.5], "texture": "#1"},
				"east": {"uv": [1, 2.5, 2.75, 3], "texture": "#1"},
				"south": {"uv": [5, 2, 5.5, 2.5], "texture": "#1"},
				"west": {"uv": [1, 3, 2.75, 3.5], "texture": "#1"},
				"up": {"uv": [3.5, 4.25, 3, 2.5], "texture": "#1"},
				"down": {"uv": [1.5, 3.5, 1, 5.25], "texture": "#1"}
			}
		},
		{
			"from": [-4, 13.775, 6.5125],
			"to": [20, 14.775, 7.5125],
			"rotation": {"angle": 0, "axis": "y", "origin": [-3.5, 0, -5.3625]},
			"faces": {
				"north": {"uv": [0, 0, 12, 0.5], "texture": "#1"},
				"east": {"uv": [2.5, 5, 3, 5.5], "texture": "#1"},
				"south": {"uv": [0, 0.5, 12, 1], "texture": "#1"},
				"west": {"uv": [5, 2.5, 5.5, 3], "texture": "#1"},
				"up": {"uv": [12, 1.5, 0, 1], "texture": "#1"},
				"down": {"uv": [12, 1.5, 0, 2], "texture": "#1"}
			}
		},
		{
			"from": [19.35, 13.675, 9.5125],
			"to": [20.65, 14.975, 10.5125],
			"rotation": {"angle": 0, "axis": "y", "origin": [-3.5, 0, -5.3625]},
			"faces": {
				"north": {"uv": [1.5, 3.5, 2.25, 4.25], "texture": "#1"},
				"east": {"uv": [2.5, 3.5, 3, 4.25], "texture": "#1"},
				"south": {"uv": [3.5, 2.5, 4.25, 3.25], "texture": "#1"},
				"west": {"uv": [1.5, 4.5, 2, 5.25], "texture": "#1"},
				"up": {"uv": [4.75, 2.5, 4, 2], "texture": "#1"},
				"down": {"uv": [2.75, 4.5, 2, 5], "texture": "#1"}
			}
		},
		{
			"from": [-4.65, 13.675, 9.5125],
			"to": [-3.35, 14.975, 10.5125],
			"rotation": {"angle": 0, "axis": "y", "origin": [-3.5, 0, -5.3625]},
			"faces": {
				"north": {"uv": [3.5, 3.5, 4.25, 4.25], "texture": "#1"},
				"east": {"uv": [4.5, 2.5, 5, 3.25], "texture": "#1"},
				"south": {"uv": [0, 4.5, 0.75, 5.25], "texture": "#1"},
				"west": {"uv": [3, 4.5, 3.5, 5.25], "texture": "#1"},
				"up": {"uv": [4.25, 5, 3.5, 4.5], "texture": "#1"},
				"down": {"uv": [5.25, 3.5, 4.5, 4], "texture": "#1"}
			}
		}
	],
	"display": {
		"thirdperson_righthand": {
			"translation": [0, -2.5, 0],
			"scale": [0.3, 0.3, 0.3]
		},
		"thirdperson_lefthand": {
			"translation": [0, -2.5, 0],
			"scale": [0.3, 0.3, 0.3]
		},
		"firstperson_righthand": {
			"scale": [0.3, 0.3, 0.3]
		},
		"firstperson_lefthand": {
			"scale": [0.3, 0.3, 0.3]
		},
		"ground": {
			"translation": [0, 5.25, 0]
		},
		"gui": {
			"rotation": [24, 180, 0],
			"translation": [0, -3, 0],
			"scale": [0.5, 0.5, 0.5]
		},
		"fixed": {
			"translation": [0, -20, -7.75],
			"scale": [3, 3, 3]
		}
	},
	"groups": [
		{
			"name": "Rack",
			"origin": [0, 0, 0],
			"color": 0,
			"children": [0, 1, 2, 3, 4]
		}
	]
}