{
	"credit": "Made with Blockbench",
	"texture_size": [32, 32],
	"textures": {
		"0": "block/broom",
		"particle": "block/broom"
	},
	"elements": [
		{
			"from": [1, -4, 1.9],
			"to": [15, -1, 4.9],
			"rotation": {"angle": 0, "axis": "y", "origin": [1, 0, 5.15]},
			"faces": {
				"north": {"uv": [4, 3, 11, 4.5], "texture": "#0"},
				"east": {"uv": [4, 10, 5.5, 11.5], "texture": "#0"},
				"south": {"uv": [4, 4.5, 11, 6], "texture": "#0"},
				"west": {"uv": [5.5, 10, 7, 11.5], "texture": "#0"},
				"up": {"uv": [11, 7.5, 4, 6], "texture": "#0"},
				"down": {"uv": [11, 7.5, 4, 9], "texture": "#0"}
			}
		},
		{
			"from": [0.75, -1, 1.65],
			"to": [15.25, 0, 5.15],
			"rotation": {"angle": 0, "axis": "y", "origin": [0, 0, -1.35]},
			"faces": {
				"north": {"uv": [4, 9, 11.5, 9.5], "texture": "#0"},
				"east": {"uv": [9, 10, 10.5, 10.5], "texture": "#0"},
				"south": {"uv": [4, 9.5, 11.5, 10], "texture": "#0"},
				"west": {"uv": [9, 10.5, 10.5, 11], "texture": "#0"},
				"up": {"uv": [11.5, 1.5, 4, 0], "texture": "#0"},
				"down": {"uv": [11.5, 1.5, 4, 3], "texture": "#0"}
			}
		},
		{
			"from": [7, 2, 6.65],
			"to": [9, 32, 8.65],
			"rotation": {"angle": 22.5, "axis": "x", "origin": [1, 11, -0.35]},
			"faces": {
				"north": {"uv": [0, 0, 1, 15], "texture": "#0"},
				"east": {"uv": [1, 0, 2, 15], "texture": "#0"},
				"south": {"uv": [2, 0, 3, 15], "texture": "#0"},
				"west": {"uv": [3, 0, 4, 15], "texture": "#0"},
				"up": {"uv": [8, 11, 7, 10], "texture": "#0"},
				"down": {"uv": [9, 10, 8, 11], "texture": "#0"}
			}
		}
	],
	"display": {
		"thirdperson_righthand": {
			"rotation": [90, 0, 0],
			"translation": [0, -0.5, -5.75],
			"scale": [0.75, 0.75, 0.75]
		},
		"thirdperson_lefthand": {
			"rotation": [90, 0, 0],
			"translation": [0, -0.5, -5.75],
			"scale": [0.75, 0.75, 0.75]
		},
		"ground": {
			"translation": [0, 8, 0]
		},
		"gui": {
			"translation": [0, -2, 0],
			"scale": [0.4, 0.41, 0.4]
		},
		"fixed": {
			"rotation": [-90, 0, 0],
			"translation": [0, 0, -22],
			"scale": [2, 2, 2]
		}
	}
}