{
	"credit": "Made with Blockbench",
	"texture_size": [64, 64],
	"textures": {
		"0": "block/butterfly_jump_stand",
		"particle": "block/butterfly_jump_stand"
	},
	"elements": [
		{
			"from": [0, 0, 3],
			"to": [2, 1, 13],
			"faces": {
				"north": {"uv": [7, 8.5, 7.5, 8.75], "texture": "#0"},
				"east": {"uv": [3.5, 8.5, 6, 8.75], "texture": "#0"},
				"south": {"uv": [7.5, 8.5, 8, 8.75], "texture": "#0"},
				"west": {"uv": [8.5, 8, 11, 8.25], "texture": "#0"},
				"up": {"uv": [8.5, 10.5, 8, 8], "texture": "#0"},
				"down": {"uv": [2.5, 8.5, 2, 11], "texture": "#0"}
			}
		},
		{
			"from": [18, 0, 3],
			"to": [20, 1, 13],
			"faces": {
				"north": {"uv": [3.5, 8.75, 4, 9], "texture": "#0"},
				"east": {"uv": [8.5, 8.25, 11, 8.5], "texture": "#0"},
				"south": {"uv": [4, 8.75, 4.5, 9], "texture": "#0"},
				"west": {"uv": [8.5, 8.5, 11, 8.75], "texture": "#0"},
				"up": {"uv": [3, 11, 2.5, 8.5], "texture": "#0"},
				"down": {"uv": [3.5, 8.5, 3, 11], "texture": "#0"}
			}
		},
		{
			"from": [2, 1, 7],
			"to": [21, 2, 9],
			"faces": {
				"north": {"uv": [8, 7.5, 14, 7.75], "texture": "#0"},
				"east": {"uv": [4.5, 8.75, 5, 9], "texture": "#0"},
				"south": {"uv": [8, 7.75, 14, 8], "texture": "#0"},
				"west": {"uv": [5, 8.75, 5.5, 9], "texture": "#0"},
				"up": {"uv": [8, 8, 2, 7.5], "texture": "#0"},
				"down": {"uv": [8, 8, 2, 8.5], "texture": "#0"}
			}
		},
		{
			"from": [0, 1, 7],
			"to": [2, 29, 9],
			"faces": {
				"north": {"uv": [0, 7.5, 0.5, 14.5], "texture": "#0"},
				"east": {"uv": [0.5, 7.5, 1, 14.5], "texture": "#0"},
				"south": {"uv": [1, 7.5, 1.5, 14.5], "texture": "#0"},
				"west": {"uv": [1.5, 7.5, 2, 14.5], "texture": "#0"},
				"up": {"uv": [6.5, 9, 6, 8.5], "texture": "#0"},
				"down": {"uv": [7, 8.5, 6.5, 9], "texture": "#0"}
			}
		},
		{
			"name": "Butterfly",
			"from": [2, 2, 8],
			"to": [26, 32, 8],
			"faces": {
				"north": {"uv": [0, 0, 6, 7.5], "texture": "#0"},
				"east": {"uv": [0, 0, 0, 7.5], "texture": "#0"},
				"south": {"uv": [6, 0, 12, 7.5], "texture": "#0"},
				"west": {"uv": [0, 0, 0, 7.5], "texture": "#0"},
				"up": {"uv": [6, 0, 0, 0], "texture": "#0"},
				"down": {"uv": [6, 0, 0, 0], "texture": "#0"}
			}
		}
	],
	"display": {
		"thirdperson_righthand": {
			"scale": [0.3, 0.3, 0.3]
		},
		"thirdperson_lefthand": {
			"scale": [0.3, 0.3, 0.3]
		},
		"firstperson_righthand": {
			"scale": [0.3, 0.3, 0.3]
		},
		"firstperson_lefthand": {
			"scale": [0.3, 0.3, 0.3]
		},
		"ground": {
			"translation": [0, 5, 0]
		},
		"gui": {
			"translation": [-0.5, -4, 0],
			"scale": [0.5, 0.5, 0.5]
		},
		"fixed": {
			"rotation": [-90, 0, 0],
			"translation": [0, 0, -15],
			"scale": [2, 2, 2]
		}
	}
}