{
	"credit": "Made with Blockbench",
	"texture_size": [32, 32],
	"textures": {
		"0": "block/butterfly_jump_pole_side",
		"particle": "block/butterfly_jump_pole_side"
	},
	"elements": [
		{
			"from": [13, 24, 6],
			"to": [15, 25, 7],
			"rotation": {"angle": 0, "axis": "y", "origin": [-30, 17, 0]},
			"faces": {
				"north": {"uv": [11, 9, 12, 9.5], "texture": "#0"},
				"east": {"uv": [10, 12, 10.5, 12.5], "texture": "#0"},
				"south": {"uv": [11, 9.5, 12, 10], "texture": "#0"},
				"west": {"uv": [12, 10, 12.5, 10.5], "texture": "#0"},
				"up": {"uv": [11, 11.5, 10, 11], "texture": "#0"},
				"down": {"uv": [12, 10, 11, 10.5], "texture": "#0"}
			}
		},
		{
			"from": [13, 23, 7],
			"to": [15, 24, 9],
			"rotation": {"angle": 0, "axis": "y", "origin": [-30, 17, 0]},
			"faces": {
				"north": {"uv": [11, 10.5, 12, 11], "texture": "#0"},
				"east": {"uv": [11, 11, 12, 11.5], "texture": "#0"},
				"south": {"uv": [0, 11.5, 1, 12], "texture": "#0"},
				"west": {"uv": [1, 11.5, 2, 12], "texture": "#0"},
				"up": {"uv": [11, 11, 10, 10], "texture": "#0"},
				"down": {"uv": [1, 10.5, 0, 11.5], "texture": "#0"}
			}
		},
		{
			"from": [15, 24, 7],
			"to": [16, 26, 9],
			"rotation": {"angle": 0, "axis": "y", "origin": [-30, 17, 0]},
			"faces": {
				"north": {"uv": [2, 11.5, 2.5, 12.5], "texture": "#0"},
				"east": {"uv": [1, 10.5, 2, 11.5], "texture": "#0"},
				"south": {"uv": [2.5, 11.5, 3, 12.5], "texture": "#0"},
				"west": {"uv": [2, 10.5, 3, 11.5], "texture": "#0"},
				"up": {"uv": [3.5, 12.5, 3, 11.5], "texture": "#0"},
				"down": {"uv": [4, 11.5, 3.5, 12.5], "texture": "#0"}
			}
		},
		{
			"from": [13, 24, 9],
			"to": [15, 25, 10],
			"rotation": {"angle": 0, "axis": "y", "origin": [-30, 17, 0]},
			"faces": {
				"north": {"uv": [4, 11.5, 5, 12], "texture": "#0"},
				"east": {"uv": [10.5, 12, 11, 12.5], "texture": "#0"},
				"south": {"uv": [5, 11.5, 6, 12], "texture": "#0"},
				"west": {"uv": [12, 10.5, 12.5, 11], "texture": "#0"},
				"up": {"uv": [7, 12, 6, 11.5], "texture": "#0"},
				"down": {"uv": [8, 11.5, 7, 12], "texture": "#0"}
			}
		},
		{
			"from": [13, 18, 6],
			"to": [15, 19, 7],
			"rotation": {"angle": 0, "axis": "y", "origin": [-30, 17, 0]},
			"faces": {
				"north": {"uv": [8, 11.5, 9, 12], "texture": "#0"},
				"east": {"uv": [11, 12, 11.5, 12.5], "texture": "#0"},
				"south": {"uv": [9, 11.5, 10, 12], "texture": "#0"},
				"west": {"uv": [12, 11, 12.5, 11.5], "texture": "#0"},
				"up": {"uv": [11, 12, 10, 11.5], "texture": "#0"},
				"down": {"uv": [12, 11.5, 11, 12], "texture": "#0"}
			}
		},
		{
			"from": [13, 17, 7],
			"to": [15, 18, 9],
			"rotation": {"angle": 0, "axis": "y", "origin": [-30, 17, 0]},
			"faces": {
				"north": {"uv": [0, 12, 1, 12.5], "texture": "#0"},
				"east": {"uv": [1, 12, 2, 12.5], "texture": "#0"},
				"south": {"uv": [4, 12, 5, 12.5], "texture": "#0"},
				"west": {"uv": [5, 12, 6, 12.5], "texture": "#0"},
				"up": {"uv": [4, 11.5, 3, 10.5], "texture": "#0"},
				"down": {"uv": [5, 10.5, 4, 11.5], "texture": "#0"}
			}
		},
		{
			"from": [15, 18, 7],
			"to": [16, 20, 9],
			"rotation": {"angle": 0, "axis": "y", "origin": [-30, 17, 0]},
			"faces": {
				"north": {"uv": [6, 12, 6.5, 13], "texture": "#0"},
				"east": {"uv": [5, 10.5, 6, 11.5], "texture": "#0"},
				"south": {"uv": [6.5, 12, 7, 13], "texture": "#0"},
				"west": {"uv": [6, 10.5, 7, 11.5], "texture": "#0"},
				"up": {"uv": [7.5, 13, 7, 12], "texture": "#0"},
				"down": {"uv": [8, 12, 7.5, 13], "texture": "#0"}
			}
		},
		{
			"from": [13, 18, 9],
			"to": [15, 19, 10],
			"rotation": {"angle": 0, "axis": "y", "origin": [-30, 17, 0]},
			"faces": {
				"north": {"uv": [8, 12, 9, 12.5], "texture": "#0"},
				"east": {"uv": [11.5, 12, 12, 12.5], "texture": "#0"},
				"south": {"uv": [12, 8, 13, 8.5], "texture": "#0"},
				"west": {"uv": [12, 11.5, 12.5, 12], "texture": "#0"},
				"up": {"uv": [13, 9, 12, 8.5], "texture": "#0"},
				"down": {"uv": [10, 12, 9, 12.5], "texture": "#0"}
			}
		},
		{
			"from": [2, 0, 7],
			"to": [12, 1, 9],
			"faces": {
				"north": {"uv": [0, 10, 5, 10.5], "texture": "#0"},
				"east": {"uv": [12, 9, 13, 9.5], "texture": "#0"},
				"south": {"uv": [5, 10, 10, 10.5], "texture": "#0"},
				"west": {"uv": [12, 9.5, 13, 10], "texture": "#0"},
				"up": {"uv": [11, 9, 6, 8], "texture": "#0"},
				"down": {"uv": [11, 9, 6, 10], "texture": "#0"}
			}
		},
		{
			"from": [1, 1, 8],
			"to": [13, 11, 8],
			"faces": {
				"north": {"uv": [0, 0, 6, 5], "texture": "#0"},
				"east": {"uv": [0, 0, 0, 5], "texture": "#0"},
				"south": {"uv": [0, 5, 6, 10], "texture": "#0"},
				"west": {"uv": [0, 0, 0, 5], "texture": "#0"},
				"up": {"uv": [6, 0, 0, 0], "texture": "#0"},
				"down": {"uv": [6, 0, 0, 0], "texture": "#0"}
			}
		},
		{
			"from": [0, 18, 7],
			"to": [15, 20, 9],
			"faces": {
				"north": {"uv": [6, 0, 13.5, 1], "texture": "#0"},
				"east": {"uv": [7, 10.5, 8, 11.5], "texture": "#0"},
				"south": {"uv": [6, 1, 13.5, 2], "texture": "#0"},
				"west": {"uv": [8, 10.5, 9, 11.5], "texture": "#0"},
				"up": {"uv": [13.5, 3, 6, 2], "texture": "#0"},
				"down": {"uv": [13.5, 3, 6, 4], "texture": "#0"}
			}
		},
		{
			"from": [0, 24, 7],
			"to": [15, 26, 9],
			"faces": {
				"north": {"uv": [6, 4, 13.5, 5], "texture": "#0"},
				"east": {"uv": [9, 10.5, 10, 11.5], "texture": "#0"},
				"south": {"uv": [6, 5, 13.5, 6], "texture": "#0"},
				"west": {"uv": [11, 8, 12, 9], "texture": "#0"},
				"up": {"uv": [13.5, 7, 6, 6], "texture": "#0"},
				"down": {"uv": [13.5, 7, 6, 8], "texture": "#0"}
			}
		}
	],
	"display": {
		"thirdperson_righthand": {
			"scale": [0.3, 0.3, 0.3]
		},
		"thirdperson_lefthand": {
			"scale": [0.3, 0.3, 0.3]
		},
		"firstperson_righthand": {
			"scale": [0.3, 0.3, 0.3]
		},
		"firstperson_lefthand": {
			"scale": [0.3, 0.3, 0.3]
		},
		"ground": {
			"translation": [0, 4.25, 0]
		},
		"gui": {
			"translation": [0, -3, 0],
			"scale": [0.5, 0.5, 0.5]
		},
		"fixed": {
			"rotation": [-90, 0, 0],
			"translation": [0, 0, -15],
			"scale": [2, 2, 2]
		}
	},
	"groups": [
		{
			"name": "Cup",
			"origin": [8, 8, 8],
			"color": 0,
			"children": [0, 1, 2, 3]
		},
		{
			"name": "Cup",
			"origin": [8, 8, 8],
			"color": 0,
			"children": [4, 5, 6, 7]
		},
		{
			"name": "butterfly mini stand",
			"origin": [0, 0, 0],
			"color": 0,
			"children": [8, 9]
		},
		10,
		11
	]
}