{
	"credit": "Made with Blockbench",
	"texture_size": [64, 64],
	"textures": {
		"0": "block/butterfly_jump_pink_pole_middle",
		"particle": "block/butterfly_jump_pink_pole_middle"
	},
	"elements": [
		{
			"from": [3, 0, 7],
			"to": [13, 1, 9],
			"faces": {
				"north": {"uv": [5, 9.5, 7.5, 9.75], "texture": "#0"},
				"east": {"uv": [10, 4.25, 10.5, 4.5], "texture": "#0"},
				"south": {"uv": [7.5, 9.5, 10, 9.75], "texture": "#0"},
				"west": {"uv": [4.5, 10, 5, 10.25], "texture": "#0"},
				"up": {"uv": [2.5, 9.5, 0, 9], "texture": "#0"},
				"down": {"uv": [5, 9, 2.5, 9.5], "texture": "#0"}
			}
		},
		{
			"from": [2, 1, 8],
			"to": [14, 11, 8],
			"faces": {
				"north": {"uv": [0, 0, 3, 2.5], "texture": "#0"},
				"east": {"uv": [0, 0, 0, 2.5], "texture": "#0"},
				"south": {"uv": [0, 2.5, 3, 5], "texture": "#0"},
				"west": {"uv": [0, 0, 0, 2.5], "texture": "#0"},
				"up": {"uv": [3, 0, 0, 0], "texture": "#0"},
				"down": {"uv": [3, 0, 0, 0], "texture": "#0"}
			}
		},
		{
			"from": [0, 18, 7],
			"to": [16, 20, 9],
			"faces": {
				"north": {"uv": [6, 0, 10, 0.5], "texture": "#0"},
				"east": {"uv": [10, 0.25, 10.5, 0.75], "texture": "#0"},
				"south": {"uv": [6, 0.5, 10, 1], "texture": "#0"},
				"west": {"uv": [10, 0.75, 10.5, 1.25], "texture": "#0"},
				"up": {"uv": [10, 1.5, 6, 1], "texture": "#0"},
				"down": {"uv": [10, 1.5, 6, 2], "texture": "#0"}
			}
		},
		{
			"from": [0, 24, 7],
			"to": [16, 26, 9],
			"faces": {
				"north": {"uv": [6, 2, 10, 2.5], "texture": "#0"},
				"east": {"uv": [10, 1.25, 10.5, 1.75], "texture": "#0"},
				"south": {"uv": [6, 2.5, 10, 3], "texture": "#0"},
				"west": {"uv": [10, 1.75, 10.5, 2.25], "texture": "#0"},
				"up": {"uv": [10, 3.5, 6, 3], "texture": "#0"},
				"down": {"uv": [10, 3.5, 6, 4], "texture": "#0"}
			}
		},
		{
			"from": [19, 0, 7],
			"to": [29, 1, 9],
			"faces": {
				"north": {"uv": [5, 9.75, 7.5, 10], "texture": "#0"},
				"east": {"uv": [10, 4.5, 10.5, 4.75], "texture": "#0"},
				"south": {"uv": [7.5, 9.75, 10, 10], "texture": "#0"},
				"west": {"uv": [10, 4.75, 10.5, 5], "texture": "#0"},
				"up": {"uv": [7.5, 9.5, 5, 9], "texture": "#0"},
				"down": {"uv": [10, 9, 7.5, 9.5], "texture": "#0"}
			}
		},
		{
			"from": [-14, 1, 8],
			"to": [-2, 11, 8],
			"faces": {
				"north": {"uv": [0, 5, 3, 7.5], "texture": "#0"},
				"east": {"uv": [0, 0, 0, 2.5], "texture": "#0"},
				"south": {"uv": [3, 5, 6, 7.5], "texture": "#0"},
				"west": {"uv": [0, 0, 0, 2.5], "texture": "#0"},
				"up": {"uv": [3, 0, 0, 0], "texture": "#0"},
				"down": {"uv": [3, 0, 0, 0], "texture": "#0"}
			}
		},
		{
			"from": [-13, 0, 7],
			"to": [-3, 1, 9],
			"faces": {
				"north": {"uv": [0, 10, 2.5, 10.25], "texture": "#0"},
				"east": {"uv": [5, 10, 5.5, 10.25], "texture": "#0"},
				"south": {"uv": [10, 0, 12.5, 0.25], "texture": "#0"},
				"west": {"uv": [10, 5, 10.5, 5.25], "texture": "#0"},
				"up": {"uv": [2.5, 10, 0, 9.5], "texture": "#0"},
				"down": {"uv": [5, 9.5, 2.5, 10], "texture": "#0"}
			}
		},
		{
			"from": [18, 1, 8],
			"to": [30, 11, 8],
			"faces": {
				"north": {"uv": [3, 0, 6, 2.5], "texture": "#0"},
				"east": {"uv": [0, 0, 0, 2.5], "texture": "#0"},
				"south": {"uv": [3, 2.5, 6, 5], "texture": "#0"},
				"west": {"uv": [0, 0, 0, 2.5], "texture": "#0"},
				"up": {"uv": [3, 0, 0, 0], "texture": "#0"},
				"down": {"uv": [3, 0, 0, 0], "texture": "#0"}
			}
		},
		{
			"from": [-16, 24, 7],
			"to": [0, 26, 9],
			"faces": {
				"north": {"uv": [6, 4, 10, 4.5], "texture": "#0"},
				"east": {"uv": [10, 2.25, 10.5, 2.75], "texture": "#0"},
				"south": {"uv": [6, 4.5, 10, 5], "texture": "#0"},
				"west": {"uv": [2.5, 10, 3, 10.5], "texture": "#0"},
				"up": {"uv": [10, 5.5, 6, 5], "texture": "#0"},
				"down": {"uv": [10, 5.5, 6, 6], "texture": "#0"}
			}
		},
		{
			"from": [-16, 18, 7],
			"to": [0, 20, 9],
			"faces": {
				"north": {"uv": [6, 6, 10, 6.5], "texture": "#0"},
				"east": {"uv": [10, 2.75, 10.5, 3.25], "texture": "#0"},
				"south": {"uv": [6, 6.5, 10, 7], "texture": "#0"},
				"west": {"uv": [3, 10, 3.5, 10.5], "texture": "#0"},
				"up": {"uv": [10, 7.5, 6, 7], "texture": "#0"},
				"down": {"uv": [4, 7.5, 0, 8], "texture": "#0"}
			}
		},
		{
			"from": [16, 18, 7],
			"to": [32, 20, 9],
			"faces": {
				"north": {"uv": [8, 8, 12, 8.5], "texture": "#0"},
				"east": {"uv": [10, 3.75, 10.5, 4.25], "texture": "#0"},
				"south": {"uv": [0, 8.5, 4, 9], "texture": "#0"},
				"west": {"uv": [4, 10, 4.5, 10.5], "texture": "#0"},
				"up": {"uv": [8, 9, 4, 8.5], "texture": "#0"},
				"down": {"uv": [12, 8.5, 8, 9], "texture": "#0"}
			}
		},
		{
			"from": [16, 24, 7],
			"to": [32, 26, 9],
			"faces": {
				"north": {"uv": [4, 7.5, 8, 8], "texture": "#0"},
				"east": {"uv": [10, 3.25, 10.5, 3.75], "texture": "#0"},
				"south": {"uv": [0, 8, 4, 8.5], "texture": "#0"},
				"west": {"uv": [3.5, 10, 4, 10.5], "texture": "#0"},
				"up": {"uv": [8, 8.5, 4, 8], "texture": "#0"},
				"down": {"uv": [12, 7.5, 8, 8], "texture": "#0"}
			}
		}
	],
	"display": {
		"thirdperson_righthand": {
			"scale": [0.3, 0.3, 0.3]
		},
		"thirdperson_lefthand": {
			"scale": [0.3, 0.3, 0.3]
		},
		"firstperson_righthand": {
			"scale": [0.3, 0.3, 0.3]
		},
		"firstperson_lefthand": {
			"scale": [0.3, 0.3, 0.3]
		},
		"gui": {
			"translation": [0, -2, 0],
			"scale": [0.3, 0.3, 0.3]
		},
		"fixed": {
			"rotation": [-90, 0, 0],
			"translation": [0, 0, -15],
			"scale": [2, 2, 2]
		}
	},
	"groups": [
		{
			"name": "butterfly mini stand",
			"origin": [0, 0, 0],
			"color": 0,
			"children": [0, 1]
		},
		{
			"name": "bone",
			"origin": [0, 0, 0],
			"color": 0,
			"children": [2, 3]
		},
		4,
		5,
		6,
		7,
		8,
		9,
		10,
		11
	]
}