{
	"credit": "Made with Blockbench",
	"texture_size": [64, 64],
	"textures": {
		"0": "block/card_jump_stand",
		"particle": "block/card_jump_stand"
	},
	"elements": [
		{
			"name": "Card Front",
			"from": [-6, 16, 7.5],
			"to": [4, 30, 7.5],
			"rotation": {"angle": -22.5, "axis": "z", "origin": [0, 0, 0]},
			"faces": {
				"north": {"uv": [0, 0, 2.5, 3.5], "texture": "#0"},
				"east": {"uv": [0, 0, 0, 3.5], "texture": "#0"},
				"south": {"uv": [2.5, 0, 5, 3.5], "texture": "#0"},
				"west": {"uv": [0, 0, 0, 3.5], "texture": "#0"},
				"up": {"uv": [2.5, 0, 0, 0], "texture": "#0"},
				"down": {"uv": [2.5, 0, 0, 0], "texture": "#0"}
			}
		},
		{
			"name": "Card Middle",
			"from": [-9, 13, 8],
			"to": [1, 27, 8],
			"rotation": {"angle": -45, "axis": "z", "origin": [0, 0, 0]},
			"faces": {
				"north": {"uv": [0, 3.5, 2.5, 7], "texture": "#0"},
				"east": {"uv": [0, 0, 0, 3.5], "texture": "#0"},
				"south": {"uv": [2.5, 3.5, 5, 7], "texture": "#0"},
				"west": {"uv": [0, 0, 0, 3.5], "texture": "#0"},
				"up": {"uv": [2.5, 0, 0, 0], "texture": "#0"},
				"down": {"uv": [2.5, 0, 0, 0], "texture": "#0"}
			}
		},
		{
			"name": "Card Back",
			"from": [9, 4, 8.5],
			"to": [23, 14, 8.5],
			"rotation": {"angle": 22.5, "axis": "z", "origin": [0, 0, 0]},
			"faces": {
				"north": {"uv": [5, 0, 8.5, 2.5], "texture": "#0"},
				"east": {"uv": [0, 0, 0, 2.5], "texture": "#0"},
				"south": {"uv": [5, 2.5, 8.5, 5], "texture": "#0"},
				"west": {"uv": [0, 0, 0, 2.5], "texture": "#0"},
				"up": {"uv": [3.5, 0, 0, 0], "texture": "#0"},
				"down": {"uv": [3.5, 0, 0, 0], "texture": "#0"}
			}
		},
		{
			"from": [0, 0, 4],
			"to": [2, 1, 12],
			"faces": {
				"north": {"uv": [2.5, 8.5, 3, 8.75], "texture": "#0"},
				"east": {"uv": [7.5, 6.5, 9.5, 6.75], "texture": "#0"},
				"south": {"uv": [8.5, 2.5, 9, 2.75], "texture": "#0"},
				"west": {"uv": [7.5, 6.75, 9.5, 7], "texture": "#0"},
				"up": {"uv": [4, 9, 3.5, 7], "texture": "#0"},
				"down": {"uv": [4.5, 7, 4, 9], "texture": "#0"}
			}
		},
		{
			"from": [14, 0, 4],
			"to": [16, 1, 12],
			"faces": {
				"north": {"uv": [8.5, 2.75, 9, 3], "texture": "#0"},
				"east": {"uv": [7.5, 7, 9.5, 7.25], "texture": "#0"},
				"south": {"uv": [3, 8.5, 3.5, 8.75], "texture": "#0"},
				"west": {"uv": [7.5, 7.25, 9.5, 7.5], "texture": "#0"},
				"up": {"uv": [5, 9, 4.5, 7], "texture": "#0"},
				"down": {"uv": [7.5, 6.5, 7, 8.5], "texture": "#0"}
			}
		},
		{
			"from": [0, 1, 5],
			"to": [2, 2, 11],
			"faces": {
				"north": {"uv": [8.5, 3, 9, 3.25], "texture": "#0"},
				"east": {"uv": [8, 7.5, 9.5, 7.75], "texture": "#0"},
				"south": {"uv": [8.5, 3.25, 9, 3.5], "texture": "#0"},
				"west": {"uv": [8, 7.75, 9.5, 8], "texture": "#0"},
				"up": {"uv": [0.5, 9, 0, 7.5], "texture": "#0"},
				"down": {"uv": [1, 7.5, 0.5, 9], "texture": "#0"}
			}
		},
		{
			"from": [14, 1, 5],
			"to": [16, 2, 11],
			"faces": {
				"north": {"uv": [8.5, 3.5, 9, 3.75], "texture": "#0"},
				"east": {"uv": [8, 8, 9.5, 8.25], "texture": "#0"},
				"south": {"uv": [8.5, 3.75, 9, 4], "texture": "#0"},
				"west": {"uv": [8, 8.25, 9.5, 8.5], "texture": "#0"},
				"up": {"uv": [1.5, 9, 1, 7.5], "texture": "#0"},
				"down": {"uv": [2, 7.5, 1.5, 9], "texture": "#0"}
			}
		},
		{
			"from": [14, 2, 7],
			"to": [16, 6, 9],
			"faces": {
				"north": {"uv": [2, 7.5, 2.5, 8.5], "texture": "#0"},
				"east": {"uv": [2.5, 7.5, 3, 8.5], "texture": "#0"},
				"south": {"uv": [3, 7.5, 3.5, 8.5], "texture": "#0"},
				"west": {"uv": [7.5, 7.5, 8, 8.5], "texture": "#0"},
				"up": {"uv": [9, 0.5, 8.5, 0], "texture": "#0"},
				"down": {"uv": [9, 0.5, 8.5, 1], "texture": "#0"}
			}
		},
		{
			"from": [0, 2, 7],
			"to": [2, 30, 9],
			"faces": {
				"north": {"uv": [5, 5, 5.5, 12], "texture": "#0"},
				"east": {"uv": [5.5, 5, 6, 12], "texture": "#0"},
				"south": {"uv": [6, 5, 6.5, 12], "texture": "#0"},
				"west": {"uv": [6.5, 5, 7, 12], "texture": "#0"},
				"up": {"uv": [9, 1.5, 8.5, 1], "texture": "#0"},
				"down": {"uv": [9, 1.5, 8.5, 2], "texture": "#0"}
			}
		},
		{
			"from": [2, 6, 7],
			"to": [16, 8, 9],
			"faces": {
				"north": {"uv": [0, 7, 3.5, 7.5], "texture": "#0"},
				"east": {"uv": [2, 8.5, 2.5, 9], "texture": "#0"},
				"south": {"uv": [7, 5, 10.5, 5.5], "texture": "#0"},
				"west": {"uv": [8.5, 2, 9, 2.5], "texture": "#0"},
				"up": {"uv": [10.5, 6, 7, 5.5], "texture": "#0"},
				"down": {"uv": [10.5, 6, 7, 6.5], "texture": "#0"}
			}
		}
	],
	"display": {
		"thirdperson_righthand": {
			"scale": [0.3, 0.3, 0.3]
		},
		"thirdperson_lefthand": {
			"scale": [0.3, 0.3, 0.3]
		},
		"firstperson_righthand": {
			"scale": [0.3, 0.3, 0.3]
		},
		"firstperson_lefthand": {
			"scale": [0.3, 0.3, 0.3]
		},
		"ground": {
			"translation": [0, 4.5, 0]
		},
		"gui": {
			"rotation": [0, 180, 0],
			"translation": [0, -3.5, 0],
			"scale": [0.5, 0.5, 0.5]
		},
		"fixed": {
			"rotation": [-90, 0, 0],
			"translation": [0, 0, -15],
			"scale": [2, 2, 2]
		}
	},
	"groups": [
		0,
		1,
		2,
		{
			"name": "Stand",
			"origin": [0, 0, 0],
			"color": 0,
			"children": [3, 4, 5, 6, 7, 8, 9]
		}
	]
}