{
	"credit": "Made with Blockbench",
	"texture_size": [32, 32],
	"textures": {
		"2": "block/card_jump_middle_2",
		"particle": "block/card_jump_middle_2"
	},
	"elements": [
		{
			"from": [0, 26, 7],
			"to": [16, 28, 9],
			"faces": {
				"north": {"uv": [0, 6, 8, 7], "texture": "#2"},
				"east": {"uv": [2, 10, 3, 11], "texture": "#2"},
				"south": {"uv": [0, 7, 8, 8], "texture": "#2"},
				"west": {"uv": [3, 10, 4, 11], "texture": "#2"},
				"up": {"uv": [8, 9, 0, 8], "texture": "#2"},
				"down": {"uv": [16, 0, 8, 1], "texture": "#2"}
			}
		},
		{
			"from": [0, 16, 7],
			"to": [16, 18, 9],
			"faces": {
				"north": {"uv": [8, 1, 16, 2], "texture": "#2"},
				"east": {"uv": [4, 10, 5, 11], "texture": "#2"},
				"south": {"uv": [8, 2, 16, 3], "texture": "#2"},
				"west": {"uv": [5, 10, 6, 11], "texture": "#2"},
				"up": {"uv": [16, 4, 8, 3], "texture": "#2"},
				"down": {"uv": [16, 4, 8, 5], "texture": "#2"}
			}
		},
		{
			"from": [0, 11, 7],
			"to": [16, 13, 9],
			"faces": {
				"north": {"uv": [8, 5, 16, 6], "texture": "#2"},
				"east": {"uv": [6, 10, 7, 11], "texture": "#2"},
				"south": {"uv": [8, 6, 16, 7], "texture": "#2"},
				"west": {"uv": [7, 10, 8, 11], "texture": "#2"},
				"up": {"uv": [16, 8, 8, 7], "texture": "#2"},
				"down": {"uv": [16, 8, 8, 9], "texture": "#2"}
			}
		},
		{
			"from": [0, 3, 7],
			"to": [16, 9, 9],
			"faces": {
				"north": {"uv": [0, 0, 8, 3], "texture": "#2"},
				"east": {"uv": [0, 10, 1, 13], "texture": "#2"},
				"south": {"uv": [0, 3, 8, 6], "texture": "#2"},
				"west": {"uv": [1, 10, 2, 13], "texture": "#2"},
				"up": {"uv": [8, 10, 0, 9], "texture": "#2"},
				"down": {"uv": [16, 9, 8, 10], "texture": "#2"}
			}
		},
		{
			"from": [16, 26, 7],
			"to": [32, 28, 9],
			"faces": {
				"north": {"uv": [0, 6, 8, 7], "texture": "#2"},
				"east": {"uv": [2, 10, 3, 11], "texture": "#2"},
				"south": {"uv": [0, 7, 8, 8], "texture": "#2"},
				"west": {"uv": [3, 10, 4, 11], "texture": "#2"},
				"up": {"uv": [8, 9, 0, 8], "texture": "#2"},
				"down": {"uv": [16, 0, 8, 1], "texture": "#2"}
			}
		},
		{
			"from": [16, 16, 7],
			"to": [32, 18, 9],
			"faces": {
				"north": {"uv": [8, 1, 16, 2], "texture": "#2"},
				"east": {"uv": [4, 10, 5, 11], "texture": "#2"},
				"south": {"uv": [8, 2, 16, 3], "texture": "#2"},
				"west": {"uv": [5, 10, 6, 11], "texture": "#2"},
				"up": {"uv": [16, 4, 8, 3], "texture": "#2"},
				"down": {"uv": [16, 4, 8, 5], "texture": "#2"}
			}
		},
		{
			"from": [16, 11, 7],
			"to": [32, 13, 9],
			"faces": {
				"north": {"uv": [8, 5, 16, 6], "texture": "#2"},
				"east": {"uv": [6, 10, 7, 11], "texture": "#2"},
				"south": {"uv": [8, 6, 16, 7], "texture": "#2"},
				"west": {"uv": [7, 10, 8, 11], "texture": "#2"},
				"up": {"uv": [16, 8, 8, 7], "texture": "#2"},
				"down": {"uv": [16, 8, 8, 9], "texture": "#2"}
			}
		},
		{
			"from": [16, 3, 7],
			"to": [32, 9, 9],
			"faces": {
				"north": {"uv": [0, 0, 8, 3], "texture": "#2"},
				"east": {"uv": [0, 10, 1, 13], "texture": "#2"},
				"south": {"uv": [0, 3, 8, 6], "texture": "#2"},
				"west": {"uv": [1, 10, 2, 13], "texture": "#2"},
				"up": {"uv": [8, 10, 0, 9], "texture": "#2"},
				"down": {"uv": [16, 9, 8, 10], "texture": "#2"}
			}
		},
		{
			"from": [-16, 26, 7],
			"to": [0, 28, 9],
			"faces": {
				"north": {"uv": [0, 6, 8, 7], "texture": "#2"},
				"east": {"uv": [2, 10, 3, 11], "texture": "#2"},
				"south": {"uv": [0, 7, 8, 8], "texture": "#2"},
				"west": {"uv": [3, 10, 4, 11], "texture": "#2"},
				"up": {"uv": [8, 9, 0, 8], "texture": "#2"},
				"down": {"uv": [16, 0, 8, 1], "texture": "#2"}
			}
		},
		{
			"from": [-16, 16, 7],
			"to": [0, 18, 9],
			"faces": {
				"north": {"uv": [8, 1, 16, 2], "texture": "#2"},
				"east": {"uv": [4, 10, 5, 11], "texture": "#2"},
				"south": {"uv": [8, 2, 16, 3], "texture": "#2"},
				"west": {"uv": [5, 10, 6, 11], "texture": "#2"},
				"up": {"uv": [16, 4, 8, 3], "texture": "#2"},
				"down": {"uv": [16, 4, 8, 5], "texture": "#2"}
			}
		},
		{
			"from": [-16, 11, 7],
			"to": [0, 13, 9],
			"faces": {
				"north": {"uv": [8, 5, 16, 6], "texture": "#2"},
				"east": {"uv": [6, 10, 7, 11], "texture": "#2"},
				"south": {"uv": [8, 6, 16, 7], "texture": "#2"},
				"west": {"uv": [7, 10, 8, 11], "texture": "#2"},
				"up": {"uv": [16, 8, 8, 7], "texture": "#2"},
				"down": {"uv": [16, 8, 8, 9], "texture": "#2"}
			}
		},
		{
			"from": [-16, 3, 7],
			"to": [0, 9, 9],
			"faces": {
				"north": {"uv": [0, 0, 8, 3], "texture": "#2"},
				"east": {"uv": [0, 10, 1, 13], "texture": "#2"},
				"south": {"uv": [0, 3, 8, 6], "texture": "#2"},
				"west": {"uv": [1, 10, 2, 13], "texture": "#2"},
				"up": {"uv": [8, 10, 0, 9], "texture": "#2"},
				"down": {"uv": [16, 9, 8, 10], "texture": "#2"}
			}
		}
	],
	"display": {
		"thirdperson_righthand": {
			"scale": [0.3, 0.3, 0.3]
		},
		"thirdperson_lefthand": {
			"scale": [0.3, 0.3, 0.3]
		},
		"firstperson_righthand": {
			"scale": [0.3, 0.3, 0.3]
		},
		"firstperson_lefthand": {
			"scale": [0.3, 0.3, 0.3]
		},
		"gui": {
			"translation": [0, -3.75, 0],
			"scale": [0.3, 0.3, 0.3]
		},
		"fixed": {
			"rotation": [-90, 0, 0],
			"translation": [0, 0, -15],
			"scale": [2, 2, 2]
		}
	},
	"groups": [
		{
			"name": "bone",
			"origin": [0, 0, 0],
			"color": 0,
			"children": [0, 1, 2, 3, 4, 5, 6, 7, 8, 9, 10, 11]
		}
	]
}