{
	"credit": "Made with Blockbench",
	"texture_size": [32, 32],
	"textures": {
		"0": "block/card_jump_side",
		"particle": "block/card_jump_side"
	},
	"elements": [
		{
			"from": [13, 11, 6],
			"to": [15, 12, 7],
			"rotation": {"angle": 0, "axis": "y", "origin": [-30, 17, 0]},
			"faces": {
				"north": {"uv": [0, 13, 1, 13.5], "texture": "#0"},
				"east": {"uv": [14, 10, 14.5, 10.5], "texture": "#0"},
				"south": {"uv": [1, 13, 2, 13.5], "texture": "#0"},
				"west": {"uv": [14, 10.5, 14.5, 11], "texture": "#0"},
				"up": {"uv": [3, 13.5, 2, 13], "texture": "#0"},
				"down": {"uv": [4, 13, 3, 13.5], "texture": "#0"}
			}
		},
		{
			"from": [13, 10, 7],
			"to": [15, 11, 9],
			"rotation": {"angle": 0, "axis": "y", "origin": [-30, 17, 0]},
			"faces": {
				"north": {"uv": [4, 13, 5, 13.5], "texture": "#0"},
				"east": {"uv": [5, 13, 6, 13.5], "texture": "#0"},
				"south": {"uv": [6, 13, 7, 13.5], "texture": "#0"},
				"west": {"uv": [7, 13, 8, 13.5], "texture": "#0"},
				"up": {"uv": [3, 12, 2, 11], "texture": "#0"},
				"down": {"uv": [4, 11, 3, 12], "texture": "#0"}
			}
		},
		{
			"from": [15, 11, 7],
			"to": [16, 13, 9],
			"rotation": {"angle": 0, "axis": "y", "origin": [-30, 17, 0]},
			"faces": {
				"north": {"uv": [8, 13, 8.5, 14], "texture": "#0"},
				"east": {"uv": [4, 11, 5, 12], "texture": "#0"},
				"south": {"uv": [8.5, 13, 9, 14], "texture": "#0"},
				"west": {"uv": [5, 11, 6, 12], "texture": "#0"},
				"up": {"uv": [9.5, 14, 9, 13], "texture": "#0"},
				"down": {"uv": [10, 13, 9.5, 14], "texture": "#0"}
			}
		},
		{
			"from": [13, 11, 9],
			"to": [15, 12, 10],
			"rotation": {"angle": 0, "axis": "y", "origin": [-30, 17, 0]},
			"faces": {
				"north": {"uv": [10, 13, 11, 13.5], "texture": "#0"},
				"east": {"uv": [14, 11, 14.5, 11.5], "texture": "#0"},
				"south": {"uv": [13, 10, 14, 10.5], "texture": "#0"},
				"west": {"uv": [14, 11.5, 14.5, 12], "texture": "#0"},
				"up": {"uv": [14, 11, 13, 10.5], "texture": "#0"},
				"down": {"uv": [12, 13, 11, 13.5], "texture": "#0"}
			}
		},
		{
			"from": [13, 16, 6],
			"to": [15, 17, 7],
			"rotation": {"angle": 0, "axis": "y", "origin": [-30, 17, 0]},
			"faces": {
				"north": {"uv": [1, 13.5, 2, 14], "texture": "#0"},
				"east": {"uv": [2.5, 14.5, 3, 15], "texture": "#0"},
				"south": {"uv": [2, 13.5, 3, 14], "texture": "#0"},
				"west": {"uv": [3, 14.5, 3.5, 15], "texture": "#0"},
				"up": {"uv": [4, 14, 3, 13.5], "texture": "#0"},
				"down": {"uv": [5, 13.5, 4, 14], "texture": "#0"}
			}
		},
		{
			"from": [13, 15, 7],
			"to": [15, 16, 9],
			"rotation": {"angle": 0, "axis": "y", "origin": [-30, 17, 0]},
			"faces": {
				"north": {"uv": [5, 13.5, 6, 14], "texture": "#0"},
				"east": {"uv": [6, 13.5, 7, 14], "texture": "#0"},
				"south": {"uv": [7, 13.5, 8, 14], "texture": "#0"},
				"west": {"uv": [10, 13.5, 11, 14], "texture": "#0"},
				"up": {"uv": [9, 12, 8, 11], "texture": "#0"},
				"down": {"uv": [10, 11, 9, 12], "texture": "#0"}
			}
		},
		{
			"from": [15, 16, 7],
			"to": [16, 18, 9],
			"rotation": {"angle": 0, "axis": "y", "origin": [-30, 17, 0]},
			"faces": {
				"north": {"uv": [11, 13.5, 11.5, 14.5], "texture": "#0"},
				"east": {"uv": [10, 11, 11, 12], "texture": "#0"},
				"south": {"uv": [11.5, 13.5, 12, 14.5], "texture": "#0"},
				"west": {"uv": [11, 11, 12, 12], "texture": "#0"},
				"up": {"uv": [14, 13, 13.5, 12], "texture": "#0"},
				"down": {"uv": [14, 13, 13.5, 14], "texture": "#0"}
			}
		},
		{
			"from": [13, 16, 9],
			"to": [15, 17, 10],
			"rotation": {"angle": 0, "axis": "y", "origin": [-30, 17, 0]},
			"faces": {
				"north": {"uv": [14, 0, 15, 0.5], "texture": "#0"},
				"east": {"uv": [3.5, 14.5, 4, 15], "texture": "#0"},
				"south": {"uv": [14, 0.5, 15, 1], "texture": "#0"},
				"west": {"uv": [4, 14.5, 4.5, 15], "texture": "#0"},
				"up": {"uv": [2, 14.5, 1, 14], "texture": "#0"},
				"down": {"uv": [15, 1, 14, 1.5], "texture": "#0"}
			}
		},
		{
			"from": [13, 26, 6],
			"to": [15, 27, 7],
			"rotation": {"angle": 0, "axis": "y", "origin": [-30, 17, 0]},
			"faces": {
				"north": {"uv": [14, 1.5, 15, 2], "texture": "#0"},
				"east": {"uv": [4.5, 14.5, 5, 15], "texture": "#0"},
				"south": {"uv": [2, 14, 3, 14.5], "texture": "#0"},
				"west": {"uv": [7, 14.5, 7.5, 15], "texture": "#0"},
				"up": {"uv": [15, 2.5, 14, 2], "texture": "#0"},
				"down": {"uv": [15, 2.5, 14, 3], "texture": "#0"}
			}
		},
		{
			"from": [13, 25, 7],
			"to": [15, 26, 9],
			"rotation": {"angle": 0, "axis": "y", "origin": [-30, 17, 0]},
			"faces": {
				"north": {"uv": [3, 14, 4, 14.5], "texture": "#0"},
				"east": {"uv": [14, 3, 15, 3.5], "texture": "#0"},
				"south": {"uv": [14, 3.5, 15, 4], "texture": "#0"},
				"west": {"uv": [4, 14, 5, 14.5], "texture": "#0"},
				"up": {"uv": [3, 13, 2, 12], "texture": "#0"},
				"down": {"uv": [4, 12, 3, 13], "texture": "#0"}
			}
		},
		{
			"from": [15, 26, 7],
			"to": [16, 28, 9],
			"rotation": {"angle": 0, "axis": "y", "origin": [-30, 17, 0]},
			"faces": {
				"north": {"uv": [5, 14, 5.5, 15], "texture": "#0"},
				"east": {"uv": [4, 12, 5, 13], "texture": "#0"},
				"south": {"uv": [5.5, 14, 6, 15], "texture": "#0"},
				"west": {"uv": [5, 12, 6, 13], "texture": "#0"},
				"up": {"uv": [6.5, 15, 6, 14], "texture": "#0"},
				"down": {"uv": [7, 14, 6.5, 15], "texture": "#0"}
			}
		},
		{
			"from": [13, 26, 9],
			"to": [15, 27, 10],
			"rotation": {"angle": 0, "axis": "y", "origin": [-30, 17, 0]},
			"faces": {
				"north": {"uv": [7, 14, 8, 14.5], "texture": "#0"},
				"east": {"uv": [7.5, 14.5, 8, 15], "texture": "#0"},
				"south": {"uv": [8, 14, 9, 14.5], "texture": "#0"},
				"west": {"uv": [8, 14.5, 8.5, 15], "texture": "#0"},
				"up": {"uv": [10, 14.5, 9, 14], "texture": "#0"},
				"down": {"uv": [11, 14, 10, 14.5], "texture": "#0"}
			}
		},
		{
			"from": [14, 7, 6],
			"to": [15, 8, 7],
			"rotation": {"angle": 0, "axis": "y", "origin": [-30, 17, 0]},
			"faces": {
				"north": {"uv": [12, 14, 12.5, 14.5], "texture": "#0"},
				"east": {"uv": [14, 12, 14.5, 12.5], "texture": "#0"},
				"south": {"uv": [12.5, 14, 13, 14.5], "texture": "#0"},
				"west": {"uv": [14, 12.5, 14.5, 13], "texture": "#0"},
				"up": {"uv": [13.5, 14.5, 13, 14], "texture": "#0"},
				"down": {"uv": [14.5, 13, 14, 13.5], "texture": "#0"}
			}
		},
		{
			"from": [14, 6, 7],
			"to": [15, 7, 9],
			"rotation": {"angle": 0, "axis": "y", "origin": [-30, 17, 0]},
			"faces": {
				"north": {"uv": [13.5, 14, 14, 14.5], "texture": "#0"},
				"east": {"uv": [13, 11, 14, 11.5], "texture": "#0"},
				"south": {"uv": [14, 13.5, 14.5, 14], "texture": "#0"},
				"west": {"uv": [13, 11.5, 14, 12], "texture": "#0"},
				"up": {"uv": [12.5, 14, 12, 13], "texture": "#0"},
				"down": {"uv": [13.5, 12, 13, 13], "texture": "#0"}
			}
		},
		{
			"from": [15, 7, 7],
			"to": [16, 9, 9],
			"rotation": {"angle": 0, "axis": "y", "origin": [-30, 17, 0]},
			"faces": {
				"north": {"uv": [12.5, 13, 13, 14], "texture": "#0"},
				"east": {"uv": [6, 11, 7, 12], "texture": "#0"},
				"south": {"uv": [13, 13, 13.5, 14], "texture": "#0"},
				"west": {"uv": [7, 11, 8, 12], "texture": "#0"},
				"up": {"uv": [0.5, 14.5, 0, 13.5], "texture": "#0"},
				"down": {"uv": [1, 13.5, 0.5, 14.5], "texture": "#0"}
			}
		},
		{
			"from": [14, 7, 9],
			"to": [15, 8, 10],
			"rotation": {"angle": 0, "axis": "y", "origin": [-30, 17, 0]},
			"faces": {
				"north": {"uv": [14, 14, 14.5, 14.5], "texture": "#0"},
				"east": {"uv": [0, 14.5, 0.5, 15], "texture": "#0"},
				"south": {"uv": [0.5, 14.5, 1, 15], "texture": "#0"},
				"west": {"uv": [1, 14.5, 1.5, 15], "texture": "#0"},
				"up": {"uv": [2, 15, 1.5, 14.5], "texture": "#0"},
				"down": {"uv": [2.5, 14.5, 2, 15], "texture": "#0"}
			}
		},
		{
			"from": [0, 7, 7],
			"to": [15, 9, 9],
			"faces": {
				"north": {"uv": [0, 4, 7.5, 5], "texture": "#0"},
				"east": {"uv": [6, 12, 7, 13], "texture": "#0"},
				"south": {"uv": [0, 5, 7.5, 6], "texture": "#0"},
				"west": {"uv": [7, 12, 8, 13], "texture": "#0"},
				"up": {"uv": [7.5, 7, 0, 6], "texture": "#0"},
				"down": {"uv": [14, 0, 6.5, 1], "texture": "#0"}
			}
		},
		{
			"from": [0, 11, 7],
			"to": [15, 13, 9],
			"faces": {
				"north": {"uv": [6.5, 1, 14, 2], "texture": "#0"},
				"east": {"uv": [8, 12, 9, 13], "texture": "#0"},
				"south": {"uv": [6.5, 2, 14, 3], "texture": "#0"},
				"west": {"uv": [9, 12, 10, 13], "texture": "#0"},
				"up": {"uv": [14, 4, 6.5, 3], "texture": "#0"},
				"down": {"uv": [7.5, 7, 0, 8], "texture": "#0"}
			}
		},
		{
			"from": [0, 16, 7],
			"to": [15, 18, 9],
			"faces": {
				"north": {"uv": [7.5, 4, 15, 5], "texture": "#0"},
				"east": {"uv": [10, 12, 11, 13], "texture": "#0"},
				"south": {"uv": [7.5, 5, 15, 6], "texture": "#0"},
				"west": {"uv": [11, 12, 12, 13], "texture": "#0"},
				"up": {"uv": [15, 7, 7.5, 6], "texture": "#0"},
				"down": {"uv": [15, 7, 7.5, 8], "texture": "#0"}
			}
		},
		{
			"from": [0, 26, 7],
			"to": [15, 28, 9],
			"faces": {
				"north": {"uv": [0, 8, 7.5, 9], "texture": "#0"},
				"east": {"uv": [12, 11, 13, 12], "texture": "#0"},
				"south": {"uv": [7.5, 8, 15, 9], "texture": "#0"},
				"west": {"uv": [12, 12, 13, 13], "texture": "#0"},
				"up": {"uv": [7.5, 10, 0, 9], "texture": "#0"},
				"down": {"uv": [15, 9, 7.5, 10], "texture": "#0"}
			}
		},
		{
			"from": [0, 3, 7],
			"to": [13, 7, 9],
			"faces": {
				"north": {"uv": [0, 0, 6.5, 2], "texture": "#0"},
				"east": {"uv": [0, 11, 1, 13], "texture": "#0"},
				"south": {"uv": [0, 2, 6.5, 4], "texture": "#0"},
				"west": {"uv": [1, 11, 2, 13], "texture": "#0"},
				"up": {"uv": [6.5, 11, 0, 10], "texture": "#0"},
				"down": {"uv": [13, 10, 6.5, 11], "texture": "#0"}
			}
		}
	],
	"display": {
		"thirdperson_righthand": {
			"scale": [0.3, 0.3, 0.3]
		},
		"thirdperson_lefthand": {
			"scale": [0.3, 0.3, 0.3]
		},
		"firstperson_righthand": {
			"scale": [0.3, 0.3, 0.3]
		},
		"firstperson_lefthand": {
			"scale": [0.3, 0.3, 0.3]
		},
		"gui": {
			"translation": [0, -3.75, 0],
			"scale": [0.5, 0.5, 0.5]
		},
		"fixed": {
			"rotation": [-90, 0, 0],
			"translation": [0, 0, -15],
			"scale": [2, 2, 2]
		}
	},
	"groups": [
		{
			"name": "Cup",
			"origin": [8, 8, 8],
			"color": 0,
			"children": [0, 1, 2, 3]
		},
		{
			"name": "Cup",
			"origin": [8, 8, 8],
			"color": 0,
			"children": [4, 5, 6, 7]
		},
		{
			"name": "Cup",
			"origin": [8, 8, 8],
			"color": 0,
			"children": [8, 9, 10, 11]
		},
		{
			"name": "Cup Small",
			"origin": [8, 8, 8],
			"color": 0,
			"children": [12, 13, 14, 15]
		},
		16,
		17,
		18,
		19,
		20
	]
}