{
	"credit": "Made with Blockbench",
	"texture_size": [128, 128],
	"textures": {
		"0": "block/castle_jump_stand",
		"particle": "block/castle_jump_stand"
	},
	"elements": [
		{
			"from": [17, -16, 1],
			"to": [31, 11, 15],
			"rotation": {"angle": 0, "axis": "y", "origin": [0, 0, 0]},
			"faces": {
				"north": {"uv": [3.875, 0, 5.625, 3.375], "texture": "#0"},
				"east": {"uv": [3.875, 3.375, 5.625, 6.75], "texture": "#0"},
				"south": {"uv": [0, 4, 1.75, 7.375], "texture": "#0"},
				"west": {"uv": [1.75, 4, 3.5, 7.375], "texture": "#0"},
				"up": {"uv": [1.75, 11.125, 0, 9.375], "texture": "#0"},
				"down": {"uv": [3.5, 9.375, 1.75, 11.125], "texture": "#0"}
			}
		},
		{
			"from": [17, 19, 1],
			"to": [31, 22, 15],
			"rotation": {"angle": 0, "axis": "y", "origin": [0, 0, 0]},
			"faces": {
				"north": {"uv": [7.625, 4.75, 9.375, 5.125], "texture": "#0"},
				"east": {"uv": [11.5, 0, 13.25, 0.375], "texture": "#0"},
				"south": {"uv": [11.5, 0.375, 13.25, 0.75], "texture": "#0"},
				"west": {"uv": [11.5, 0.75, 13.25, 1.125], "texture": "#0"},
				"up": {"uv": [11.125, 3.5, 9.375, 1.75], "texture": "#0"},
				"down": {"uv": [5.25, 9.375, 3.5, 11.125], "texture": "#0"}
			}
		},
		{
			"from": [27, 11, 1],
			"to": [31, 19, 15],
			"rotation": {"angle": 0, "axis": "y", "origin": [0, 0, 0]},
			"faces": {
				"north": {"uv": [6.25, 9.875, 6.75, 10.875], "texture": "#0"},
				"east": {"uv": [7.625, 3.75, 9.375, 4.75], "texture": "#0"},
				"south": {"uv": [2.5, 11.875, 3, 12.875], "texture": "#0"},
				"west": {"uv": [10.5, 10.375, 12.25, 11.375], "texture": "#0"},
				"up": {"uv": [11, 13.125, 10.5, 11.375], "texture": "#0"},
				"down": {"uv": [11.5, 11.375, 11, 13.125], "texture": "#0"}
			}
		},
		{
			"from": [26, 18.1, 1],
			"to": [27, 19, 15],
			"rotation": {"angle": 0, "axis": "y", "origin": [0, 0, 0]},
			"faces": {
				"north": {"uv": [12.25, 14.25, 12.375, 14.375], "texture": "#0"},
				"east": {"uv": [13.25, 0.5, 15, 0.625], "texture": "#0"},
				"south": {"uv": [12.375, 14.25, 12.5, 14.375], "texture": "#0"},
				"west": {"uv": [13.25, 0.625, 15, 0.75], "texture": "#0"},
				"up": {"uv": [1.625, 14.875, 1.5, 13.125], "texture": "#0"},
				"down": {"uv": [1.75, 13.125, 1.625, 14.875], "texture": "#0"}
			}
		},
		{
			"from": [21, 18.1, 1],
			"to": [22, 19, 15],
			"rotation": {"angle": 0, "axis": "y", "origin": [0, 0, 0]},
			"faces": {
				"north": {"uv": [14.25, 12.375, 14.375, 12.5], "texture": "#0"},
				"east": {"uv": [13.25, 0.75, 15, 0.875], "texture": "#0"},
				"south": {"uv": [12.5, 14.25, 12.625, 14.375], "texture": "#0"},
				"west": {"uv": [13.25, 0.875, 15, 1], "texture": "#0"},
				"up": {"uv": [11.5, 14.875, 11.375, 13.125], "texture": "#0"},
				"down": {"uv": [11.625, 13.125, 11.5, 14.875], "texture": "#0"}
			}
		},
		{
			"from": [17, 11, 1],
			"to": [21, 19, 15],
			"rotation": {"angle": 0, "axis": "y", "origin": [0, 0, 0]},
			"faces": {
				"north": {"uv": [3, 11.875, 3.5, 12.875], "texture": "#0"},
				"east": {"uv": [10.875, 3.5, 12.625, 4.5], "texture": "#0"},
				"south": {"uv": [6.25, 12, 6.75, 13], "texture": "#0"},
				"west": {"uv": [6.25, 11, 8, 12], "texture": "#0"},
				"up": {"uv": [12, 9.625, 11.5, 7.875], "texture": "#0"},
				"down": {"uv": [12, 11.375, 11.5, 13.125], "texture": "#0"}
			}
		},
		{
			"from": [16, 22, 0],
			"to": [32, 24, 16],
			"rotation": {"angle": 0, "axis": "y", "origin": [0, 0, 0]},
			"faces": {
				"north": {"uv": [11.75, 6.125, 13.75, 6.375], "texture": "#0"},
				"east": {"uv": [11.75, 6.375, 13.75, 6.625], "texture": "#0"},
				"south": {"uv": [11.75, 6.625, 13.75, 6.875], "texture": "#0"},
				"west": {"uv": [11.75, 6.875, 13.75, 7.125], "texture": "#0"},
				"up": {"uv": [2, 9.375, 0, 7.375], "texture": "#0"},
				"down": {"uv": [9.375, 5.25, 7.375, 7.25], "texture": "#0"}
			}
		},
		{
			"from": [30, 24, 6],
			"to": [32, 26, 10],
			"rotation": {"angle": 0, "axis": "y", "origin": [0, 0, 0]},
			"faces": {
				"north": {"uv": [11.25, 8.375, 11.5, 8.625], "texture": "#0"},
				"east": {"uv": [10.5, 1.125, 11, 1.375], "texture": "#0"},
				"south": {"uv": [11.75, 7.625, 12, 7.875], "texture": "#0"},
				"west": {"uv": [10.5, 1.375, 11, 1.625], "texture": "#0"},
				"up": {"uv": [3.75, 6.25, 3.5, 5.75], "texture": "#0"},
				"down": {"uv": [3.75, 6.25, 3.5, 6.75], "texture": "#0"}
			}
		},
		{
			"from": [16, 24, 6],
			"to": [18, 26, 10],
			"rotation": {"angle": 0, "axis": "y", "origin": [0, 0, 0]},
			"faces": {
				"north": {"uv": [5.75, 13.375, 6, 13.625], "texture": "#0"},
				"east": {"uv": [11.625, 13.25, 12.125, 13.5], "texture": "#0"},
				"south": {"uv": [2, 13.875, 2.25, 14.125], "texture": "#0"},
				"west": {"uv": [13.125, 13.25, 13.625, 13.5], "texture": "#0"},
				"up": {"uv": [7.375, 8.375, 7.125, 7.875], "texture": "#0"},
				"down": {"uv": [7.375, 8.375, 7.125, 8.875], "texture": "#0"}
			}
		},
		{
			"from": [22, 24, 0],
			"to": [26, 26, 2],
			"rotation": {"angle": 0, "axis": "y", "origin": [24, 25, 8]},
			"faces": {
				"north": {"uv": [5.25, 13.375, 5.75, 13.625], "texture": "#0"},
				"east": {"uv": [2.25, 13.875, 2.5, 14.125], "texture": "#0"},
				"south": {"uv": [10.5, 13.375, 11, 13.625], "texture": "#0"},
				"west": {"uv": [5.25, 13.875, 5.5, 14.125], "texture": "#0"},
				"up": {"uv": [12.125, 13.75, 11.625, 13.5], "texture": "#0"},
				"down": {"uv": [13.625, 13.5, 13.125, 13.75], "texture": "#0"}
			}
		},
		{
			"from": [22, 24, 14],
			"to": [26, 26, 16],
			"rotation": {"angle": 0, "axis": "y", "origin": [24, 25, 8]},
			"faces": {
				"north": {"uv": [5.25, 13.625, 5.75, 13.875], "texture": "#0"},
				"east": {"uv": [5.5, 13.875, 5.75, 14.125], "texture": "#0"},
				"south": {"uv": [5.75, 13.625, 6.25, 13.875], "texture": "#0"},
				"west": {"uv": [5.75, 13.875, 6, 14.125], "texture": "#0"},
				"up": {"uv": [11, 13.875, 10.5, 13.625], "texture": "#0"},
				"down": {"uv": [14.125, 13.25, 13.625, 13.5], "texture": "#0"}
			}
		},
		{
			"from": [28, 24, 0],
			"to": [30, 26, 2],
			"rotation": {"angle": 0, "axis": "y", "origin": [24, 25, 8]},
			"faces": {
				"north": {"uv": [6, 13.875, 6.25, 14.125], "texture": "#0"},
				"east": {"uv": [6.75, 13.875, 7, 14.125], "texture": "#0"},
				"south": {"uv": [7, 13.875, 7.25, 14.125], "texture": "#0"},
				"west": {"uv": [7.25, 13.875, 7.5, 14.125], "texture": "#0"},
				"up": {"uv": [7.75, 14.125, 7.5, 13.875], "texture": "#0"},
				"down": {"uv": [8, 13.875, 7.75, 14.125], "texture": "#0"}
			}
		},
		{
			"from": [18, 24, 0],
			"to": [20, 26, 2],
			"rotation": {"angle": 0, "axis": "y", "origin": [24, 25, 8]},
			"faces": {
				"north": {"uv": [10.5, 13.875, 10.75, 14.125], "texture": "#0"},
				"east": {"uv": [10.75, 13.875, 11, 14.125], "texture": "#0"},
				"south": {"uv": [11, 13.875, 11.25, 14.125], "texture": "#0"},
				"west": {"uv": [12.75, 13.875, 13, 14.125], "texture": "#0"},
				"up": {"uv": [14.125, 14, 13.875, 13.75], "texture": "#0"},
				"down": {"uv": [14.25, 1.625, 14, 1.875], "texture": "#0"}
			}
		},
		{
			"from": [18, 24, 14],
			"to": [20, 26, 16],
			"rotation": {"angle": 0, "axis": "y", "origin": [24, 25, 8]},
			"faces": {
				"north": {"uv": [12.125, 14, 12.375, 14.25], "texture": "#0"},
				"east": {"uv": [12.375, 14, 12.625, 14.25], "texture": "#0"},
				"south": {"uv": [14, 12.375, 14.25, 12.625], "texture": "#0"},
				"west": {"uv": [13.125, 14, 13.375, 14.25], "texture": "#0"},
				"up": {"uv": [13.625, 14.25, 13.375, 14], "texture": "#0"},
				"down": {"uv": [14.125, 14, 13.875, 14.25], "texture": "#0"}
			}
		},
		{
			"from": [28, 24, 14],
			"to": [30, 26, 16],
			"rotation": {"angle": 0, "axis": "y", "origin": [24, 25, 8]},
			"faces": {
				"north": {"uv": [2, 14.125, 2.25, 14.375], "texture": "#0"},
				"east": {"uv": [2.25, 14.125, 2.5, 14.375], "texture": "#0"},
				"south": {"uv": [5.25, 14.125, 5.5, 14.375], "texture": "#0"},
				"west": {"uv": [5.5, 14.125, 5.75, 14.375], "texture": "#0"},
				"up": {"uv": [6, 14.375, 5.75, 14.125], "texture": "#0"},
				"down": {"uv": [6.25, 14.125, 6, 14.375], "texture": "#0"}
			}
		},
		{
			"from": [30, 24, 12],
			"to": [32, 26, 16],
			"rotation": {"angle": 0, "axis": "y", "origin": [0, 0, 0]},
			"faces": {
				"north": {"uv": [6.75, 14.125, 7, 14.375], "texture": "#0"},
				"east": {"uv": [13.625, 13.5, 14.125, 13.75], "texture": "#0"},
				"south": {"uv": [7, 14.125, 7.25, 14.375], "texture": "#0"},
				"west": {"uv": [13.75, 6.125, 14.25, 6.375], "texture": "#0"},
				"up": {"uv": [7, 10.375, 6.75, 9.875], "texture": "#0"},
				"down": {"uv": [7, 10.375, 6.75, 10.875], "texture": "#0"}
			}
		},
		{
			"from": [30, 24, 0],
			"to": [32, 26, 4],
			"rotation": {"angle": 0, "axis": "y", "origin": [0, 0, 0]},
			"faces": {
				"north": {"uv": [7.25, 14.125, 7.5, 14.375], "texture": "#0"},
				"east": {"uv": [13.75, 6.375, 14.25, 6.625], "texture": "#0"},
				"south": {"uv": [7.5, 14.125, 7.75, 14.375], "texture": "#0"},
				"west": {"uv": [13.75, 6.625, 14.25, 6.875], "texture": "#0"},
				"up": {"uv": [11.5, 8.375, 11.25, 7.875], "texture": "#0"},
				"down": {"uv": [11.25, 13.375, 11, 13.875], "texture": "#0"}
			}
		},
		{
			"from": [16, 24, 0],
			"to": [18, 26, 4],
			"rotation": {"angle": 0, "axis": "y", "origin": [0, 0, 0]},
			"faces": {
				"north": {"uv": [7.75, 14.125, 8, 14.375], "texture": "#0"},
				"east": {"uv": [13.75, 6.875, 14.25, 7.125], "texture": "#0"},
				"south": {"uv": [10.5, 14.125, 10.75, 14.375], "texture": "#0"},
				"west": {"uv": [13.75, 7.125, 14.25, 7.375], "texture": "#0"},
				"up": {"uv": [11.875, 14.25, 11.625, 13.75], "texture": "#0"},
				"down": {"uv": [12.125, 13.75, 11.875, 14.25], "texture": "#0"}
			}
		},
		{
			"from": [16, 24, 12],
			"to": [18, 26, 16],
			"rotation": {"angle": 0, "axis": "y", "origin": [0, 0, 0]},
			"faces": {
				"north": {"uv": [10.75, 14.125, 11, 14.375], "texture": "#0"},
				"east": {"uv": [13.75, 7.375, 14.25, 7.625], "texture": "#0"},
				"south": {"uv": [11, 14.125, 11.25, 14.375], "texture": "#0"},
				"west": {"uv": [13.125, 13.75, 13.625, 14], "texture": "#0"},
				"up": {"uv": [13.875, 14.25, 13.625, 13.75], "texture": "#0"},
				"down": {"uv": [2, 13.875, 1.75, 14.375], "texture": "#0"}
			}
		},
		{
			"from": [1, -16, 1],
			"to": [17, 5, 15],
			"rotation": {"angle": 0, "axis": "y", "origin": [0, 0, 0]},
			"faces": {
				"north": {"uv": [5.625, 0, 7.625, 2.625], "texture": "#0"},
				"east": {"uv": [5.625, 5.25, 7.375, 7.875], "texture": "#0"},
				"south": {"uv": [5.625, 2.625, 7.625, 5.25], "texture": "#0"},
				"west": {"uv": [3.5, 6.75, 5.25, 9.375], "texture": "#0"},
				"up": {"uv": [9.375, 9, 7.375, 7.25], "texture": "#0"},
				"down": {"uv": [9.625, 0, 7.625, 1.75], "texture": "#0"}
			}
		},
		{
			"from": [-1, -16, 1],
			"to": [1, 0, 15],
			"rotation": {"angle": 0, "axis": "y", "origin": [0, 0, 0]},
			"faces": {
				"north": {"uv": [6, 11.625, 6.25, 13.625], "texture": "#0"},
				"east": {"uv": [7.625, 1.75, 9.375, 3.75], "texture": "#0"},
				"south": {"uv": [1.75, 11.875, 2, 13.875], "texture": "#0"},
				"west": {"uv": [5.25, 7.875, 7, 9.875], "texture": "#0"},
				"up": {"uv": [13, 5.25, 12.75, 3.5], "texture": "#0"},
				"down": {"uv": [13, 12.125, 12.75, 13.875], "texture": "#0"}
			}
		},
		{
			"from": [-10, -16, 1],
			"to": [-8, 0, 15],
			"rotation": {"angle": 0, "axis": "y", "origin": [0, 0, 0]},
			"faces": {
				"north": {"uv": [2, 11.875, 2.25, 13.875], "texture": "#0"},
				"east": {"uv": [7, 9, 8.75, 11], "texture": "#0"},
				"south": {"uv": [2.25, 11.875, 2.5, 13.875], "texture": "#0"},
				"west": {"uv": [8.75, 9, 10.5, 11], "texture": "#0"},
				"up": {"uv": [2.75, 14.625, 2.5, 12.875], "texture": "#0"},
				"down": {"uv": [3, 12.875, 2.75, 14.625], "texture": "#0"}
			}
		},
		{
			"from": [-8, -6.4, 1],
			"to": [-7, -5, 15],
			"rotation": {"angle": 0, "axis": "y", "origin": [0, 0, 0]},
			"faces": {
				"north": {"uv": [11.75, 14.25, 11.875, 14.375], "texture": "#0"},
				"east": {"uv": [13.25, 0, 15, 0.125], "texture": "#0"},
				"south": {"uv": [11.875, 14.25, 12, 14.375], "texture": "#0"},
				"west": {"uv": [13.25, 0.125, 15, 0.25], "texture": "#0"},
				"up": {"uv": [1.125, 14.875, 1, 13.125], "texture": "#0"},
				"down": {"uv": [1.25, 13.125, 1.125, 14.875], "texture": "#0"}
			}
		},
		{
			"from": [-2, -6.4, 1],
			"to": [-1, -5, 15],
			"rotation": {"angle": 0, "axis": "y", "origin": [0, 0, 0]},
			"faces": {
				"north": {"uv": [12, 14.25, 12.125, 14.375], "texture": "#0"},
				"east": {"uv": [13.25, 0.25, 15, 0.375], "texture": "#0"},
				"south": {"uv": [12.125, 14.25, 12.25, 14.375], "texture": "#0"},
				"west": {"uv": [13.25, 0.375, 15, 0.5], "texture": "#0"},
				"up": {"uv": [1.375, 14.875, 1.25, 13.125], "texture": "#0"},
				"down": {"uv": [1.5, 13.125, 1.375, 14.875], "texture": "#0"}
			}
		},
		{
			"from": [-13.6, 10, 0],
			"to": [17.4, 12, 16],
			"rotation": {"angle": 22.5, "axis": "z", "origin": [17, 11, 8]},
			"faces": {
				"north": {"uv": [11.125, 3.25, 15, 3.5], "texture": "#0"},
				"east": {"uv": [11.75, 7.125, 13.75, 7.375], "texture": "#0"},
				"south": {"uv": [11.25, 5.875, 15.125, 6.125], "texture": "#0"},
				"west": {"uv": [11.75, 7.375, 13.75, 7.625], "texture": "#0"},
				"up": {"uv": [3.875, 2, 0, 0], "texture": "#0"},
				"down": {"uv": [3.875, 2, 0, 4], "texture": "#0"}
			}
		},
		{
			"from": [5, 5, 1],
			"to": [17, 7, 15],
			"rotation": {"angle": 0, "axis": "y", "origin": [0, 0, 0]},
			"faces": {
				"north": {"uv": [2, 9.125, 3.5, 9.375], "texture": "#0"},
				"east": {"uv": [12.5, 8.875, 14.25, 9.125], "texture": "#0"},
				"south": {"uv": [13, 1.375, 14.5, 1.625], "texture": "#0"},
				"west": {"uv": [12.5, 9.125, 14.25, 9.375], "texture": "#0"},
				"up": {"uv": [3.5, 9.125, 2, 7.375], "texture": "#0"},
				"down": {"uv": [10.875, 3.5, 9.375, 5.25], "texture": "#0"}
			}
		},
		{
			"from": [10, 7, 1],
			"to": [17, 9, 15],
			"rotation": {"angle": 0, "axis": "y", "origin": [0, 0, 0]},
			"faces": {
				"north": {"uv": [10.5, 13.125, 11.375, 13.375], "texture": "#0"},
				"east": {"uv": [0, 12.875, 1.75, 13.125], "texture": "#0"},
				"south": {"uv": [13.125, 12.375, 14, 12.625], "texture": "#0"},
				"west": {"uv": [12.875, 2.625, 14.625, 2.875], "texture": "#0"},
				"up": {"uv": [8.875, 12.75, 8, 11], "texture": "#0"},
				"down": {"uv": [9.75, 11, 8.875, 12.75], "texture": "#0"}
			}
		},
		{
			"from": [14, 9, 1],
			"to": [17, 10, 15],
			"rotation": {"angle": 0, "axis": "y", "origin": [0, 0, 0]},
			"faces": {
				"north": {"uv": [10.125, 8.875, 10.5, 9], "texture": "#0"},
				"east": {"uv": [7.625, 5.125, 9.375, 5.25], "texture": "#0"},
				"south": {"uv": [12, 9.5, 12.375, 9.625], "texture": "#0"},
				"west": {"uv": [13.125, 12.625, 14.875, 12.75], "texture": "#0"},
				"up": {"uv": [3.875, 5.75, 3.5, 4], "texture": "#0"},
				"down": {"uv": [5.25, 11.125, 4.875, 12.875], "texture": "#0"}
			}
		},
		{
			"from": [-7, 0, 1],
			"to": [1, 2, 15],
			"rotation": {"angle": 0, "axis": "y", "origin": [0, 0, 0]},
			"faces": {
				"north": {"uv": [9.375, 8.625, 10.375, 8.875], "texture": "#0"},
				"east": {"uv": [12.875, 2.875, 14.625, 3.125], "texture": "#0"},
				"south": {"uv": [13, 1.625, 14, 1.875], "texture": "#0"},
				"west": {"uv": [13, 1.125, 14.75, 1.375], "texture": "#0"},
				"up": {"uv": [6.25, 11.625, 5.25, 9.875], "texture": "#0"},
				"down": {"uv": [11.5, 8.625, 10.5, 10.375], "texture": "#0"}
			}
		},
		{
			"from": [-8, -5, 1],
			"to": [-1, 0, 15],
			"rotation": {"angle": 0, "axis": "y", "origin": [0, 0, 0]},
			"faces": {
				"north": {"uv": [9.625, 1.125, 10.5, 1.75], "texture": "#0"},
				"east": {"uv": [11.125, 2.625, 12.875, 3.25], "texture": "#0"},
				"south": {"uv": [11.5, 9.625, 12.375, 10.25], "texture": "#0"},
				"west": {"uv": [11.25, 5.25, 13, 5.875], "texture": "#0"},
				"up": {"uv": [0.875, 12.875, 0, 11.125], "texture": "#0"},
				"down": {"uv": [1.75, 11.125, 0.875, 12.875], "texture": "#0"}
			}
		},
		{
			"from": [-3, 2, 1],
			"to": [1, 3, 15],
			"rotation": {"angle": 0, "axis": "y", "origin": [0, 0, 0]},
			"faces": {
				"north": {"uv": [10.5, 1.625, 11, 1.75], "texture": "#0"},
				"east": {"uv": [13.125, 12.75, 14.875, 12.875], "texture": "#0"},
				"south": {"uv": [11.5, 10.25, 12, 10.375], "texture": "#0"},
				"west": {"uv": [13.125, 12.875, 14.875, 13], "texture": "#0"},
				"up": {"uv": [4.875, 12.875, 4.375, 11.125], "texture": "#0"},
				"down": {"uv": [11.75, 6.125, 11.25, 7.875], "texture": "#0"}
			}
		},
		{
			"from": [-2, 3, 1],
			"to": [1, 4, 15],
			"rotation": {"angle": 0, "axis": "y", "origin": [0, 0, 0]},
			"faces": {
				"north": {"uv": [11.625, 13.125, 12, 13.25], "texture": "#0"},
				"east": {"uv": [13.125, 13, 14.875, 13.125], "texture": "#0"},
				"south": {"uv": [13.25, 1, 13.625, 1.125], "texture": "#0"},
				"west": {"uv": [13.125, 13.125, 14.875, 13.25], "texture": "#0"},
				"up": {"uv": [5.625, 13.375, 5.25, 11.625], "texture": "#0"},
				"down": {"uv": [6, 11.625, 5.625, 13.375], "texture": "#0"}
			}
		},
		{
			"from": [1.4, 12, 0],
			"to": [2.4, 12.5, 16],
			"rotation": {"angle": 22.5, "axis": "z", "origin": [17, 11, 8]},
			"faces": {
				"north": {"uv": [11, 1.625, 11.125, 1.75], "texture": "#0"},
				"east": {"uv": [12.5, 9.375, 14.5, 9.5], "texture": "#0"},
				"south": {"uv": [12.625, 14, 12.75, 14.125], "texture": "#0"},
				"west": {"uv": [12.875, 3.125, 14.875, 3.25], "texture": "#0"},
				"up": {"uv": [3.625, 13.875, 3.5, 11.875], "texture": "#0"},
				"down": {"uv": [3.125, 12.875, 3, 14.875], "texture": "#0"}
			}
		},
		{
			"from": [4.4, 12, 0],
			"to": [5.4, 12.5, 16],
			"rotation": {"angle": 22.5, "axis": "z", "origin": [17, 11, 8]},
			"faces": {
				"north": {"uv": [12.875, 14.125, 13, 14.25], "texture": "#0"},
				"east": {"uv": [13, 1.875, 15, 2], "texture": "#0"},
				"south": {"uv": [14.25, 6.625, 14.375, 6.75], "texture": "#0"},
				"west": {"uv": [13, 2, 15, 2.125], "texture": "#0"},
				"up": {"uv": [3.25, 14.875, 3.125, 12.875], "texture": "#0"},
				"down": {"uv": [3.375, 12.875, 3.25, 14.875], "texture": "#0"}
			}
		},
		{
			"from": [7.4, 12, 0],
			"to": [8.4, 12.5, 16],
			"rotation": {"angle": 22.5, "axis": "z", "origin": [17, 11, 8]},
			"faces": {
				"north": {"uv": [14.25, 6.75, 14.375, 6.875], "texture": "#0"},
				"east": {"uv": [13, 2.125, 15, 2.25], "texture": "#0"},
				"south": {"uv": [14.25, 6.875, 14.375, 7], "texture": "#0"},
				"west": {"uv": [13, 2.25, 15, 2.375], "texture": "#0"},
				"up": {"uv": [3.5, 14.875, 3.375, 12.875], "texture": "#0"},
				"down": {"uv": [4.5, 12.875, 4.375, 14.875], "texture": "#0"}
			}
		},
		{
			"from": [10.4, 12, 0],
			"to": [11.4, 12.5, 16],
			"rotation": {"angle": 22.5, "axis": "z", "origin": [17, 11, 8]},
			"faces": {
				"north": {"uv": [14.25, 7, 14.375, 7.125], "texture": "#0"},
				"east": {"uv": [13, 2.375, 15, 2.5], "texture": "#0"},
				"south": {"uv": [14.25, 7.125, 14.375, 7.25], "texture": "#0"},
				"west": {"uv": [13, 2.5, 15, 2.625], "texture": "#0"},
				"up": {"uv": [4.625, 14.875, 4.5, 12.875], "texture": "#0"},
				"down": {"uv": [4.75, 12.875, 4.625, 14.875], "texture": "#0"}
			}
		},
		{
			"from": [13.4, 12, 0],
			"to": [14.4, 12.5, 16],
			"rotation": {"angle": 22.5, "axis": "z", "origin": [17, 11, 8]},
			"faces": {
				"north": {"uv": [14.25, 7.25, 14.375, 7.375], "texture": "#0"},
				"east": {"uv": [13, 3.5, 15, 3.625], "texture": "#0"},
				"south": {"uv": [14.25, 7.375, 14.375, 7.5], "texture": "#0"},
				"west": {"uv": [13, 3.625, 15, 3.75], "texture": "#0"},
				"up": {"uv": [4.875, 14.875, 4.75, 12.875], "texture": "#0"},
				"down": {"uv": [5, 12.875, 4.875, 14.875], "texture": "#0"}
			}
		},
		{
			"from": [16.4, 12, 0],
			"to": [17.4, 12.5, 16],
			"rotation": {"angle": 22.5, "axis": "z", "origin": [17, 11, 8]},
			"faces": {
				"north": {"uv": [14.25, 7.5, 14.375, 7.625], "texture": "#0"},
				"east": {"uv": [13, 3.75, 15, 3.875], "texture": "#0"},
				"south": {"uv": [14.25, 8.875, 14.375, 9], "texture": "#0"},
				"west": {"uv": [13, 3.875, 15, 4], "texture": "#0"},
				"up": {"uv": [5.125, 14.875, 5, 12.875], "texture": "#0"},
				"down": {"uv": [5.25, 12.875, 5.125, 14.875], "texture": "#0"}
			}
		},
		{
			"from": [-1.6, 12, 0],
			"to": [-0.6, 12.5, 16],
			"rotation": {"angle": 22.5, "axis": "z", "origin": [17, 11, 8]},
			"faces": {
				"north": {"uv": [14.25, 9, 14.375, 9.125], "texture": "#0"},
				"east": {"uv": [13, 4, 15, 4.125], "texture": "#0"},
				"south": {"uv": [14.25, 9.125, 14.375, 9.25], "texture": "#0"},
				"west": {"uv": [13, 4.125, 15, 4.25], "texture": "#0"},
				"up": {"uv": [9.875, 14.875, 9.75, 12.875], "texture": "#0"},
				"down": {"uv": [10, 12.875, 9.875, 14.875], "texture": "#0"}
			}
		},
		{
			"from": [-4.6, 12, 0],
			"to": [-3.6, 12.5, 16],
			"rotation": {"angle": 22.5, "axis": "z", "origin": [17, 11, 8]},
			"faces": {
				"north": {"uv": [14.25, 9.25, 14.375, 9.375], "texture": "#0"},
				"east": {"uv": [13, 4.25, 15, 4.375], "texture": "#0"},
				"south": {"uv": [14.25, 9.5, 14.375, 9.625], "texture": "#0"},
				"west": {"uv": [13, 4.375, 15, 4.5], "texture": "#0"},
				"up": {"uv": [10.125, 14.875, 10, 12.875], "texture": "#0"},
				"down": {"uv": [10.25, 12.875, 10.125, 14.875], "texture": "#0"}
			}
		},
		{
			"from": [-7.6, 12, 0],
			"to": [-6.6, 12.5, 16],
			"rotation": {"angle": 22.5, "axis": "z", "origin": [17, 11, 8]},
			"faces": {
				"north": {"uv": [14.25, 9.625, 14.375, 9.75], "texture": "#0"},
				"east": {"uv": [13, 4.5, 15, 4.625], "texture": "#0"},
				"south": {"uv": [14.25, 9.75, 14.375, 9.875], "texture": "#0"},
				"west": {"uv": [13, 4.625, 15, 4.75], "texture": "#0"},
				"up": {"uv": [10.375, 14.875, 10.25, 12.875], "texture": "#0"},
				"down": {"uv": [10.5, 12.875, 10.375, 14.875], "texture": "#0"}
			}
		},
		{
			"from": [-10.6, 12, 0],
			"to": [-9.6, 12.5, 16],
			"rotation": {"angle": 22.5, "axis": "z", "origin": [17, 11, 8]},
			"faces": {
				"north": {"uv": [14.25, 9.875, 14.375, 10], "texture": "#0"},
				"east": {"uv": [13, 4.75, 15, 4.875], "texture": "#0"},
				"south": {"uv": [14.25, 10, 14.375, 10.125], "texture": "#0"},
				"west": {"uv": [13, 4.875, 15, 5], "texture": "#0"},
				"up": {"uv": [3.75, 15, 3.625, 13], "texture": "#0"},
				"down": {"uv": [3.875, 13, 3.75, 15], "texture": "#0"}
			}
		},
		{
			"from": [-13.6, 12, 0],
			"to": [-12.6, 12.5, 16],
			"rotation": {"angle": 22.5, "axis": "z", "origin": [17, 11, 8]},
			"faces": {
				"north": {"uv": [14.25, 10.125, 14.375, 10.25], "texture": "#0"},
				"east": {"uv": [13, 5, 15, 5.125], "texture": "#0"},
				"south": {"uv": [11.625, 14.25, 11.75, 14.375], "texture": "#0"},
				"west": {"uv": [13, 5.125, 15, 5.25], "texture": "#0"},
				"up": {"uv": [4, 15, 3.875, 13], "texture": "#0"},
				"down": {"uv": [4.125, 13, 4, 15], "texture": "#0"}
			}
		},
		{
			"name": "hexadecagon",
			"from": [-5.29565, -5.2, 0.5],
			"to": [-3.70435, -4.2, 15.5],
			"rotation": {"angle": -45, "axis": "z", "origin": [-4.5, -8.2, 2.5]},
			"faces": {
				"north": {"uv": [7.125, 8.875, 7.375, 9], "texture": "#0"},
				"east": {"uv": [13, 5.25, 14.875, 5.375], "texture": "#0"},
				"south": {"uv": [12, 10.25, 12.25, 10.375], "texture": "#0"},
				"west": {"uv": [13, 5.375, 14.875, 5.5], "texture": "#0"},
				"up": {"uv": [7, 13.875, 6.75, 12], "texture": "#0"},
				"down": {"uv": [7.25, 12, 7, 13.875], "texture": "#0"}
			}
		},
		{
			"name": "hexadecagon",
			"from": [-5.29565, -5.2, 0.5],
			"to": [-3.70435, -4.2, 15.5],
			"rotation": {"angle": -22.5, "axis": "z", "origin": [-4.5, -8.2, 2.5]},
			"faces": {
				"north": {"uv": [13.625, 1, 13.875, 1.125], "texture": "#0"},
				"east": {"uv": [13, 5.5, 14.875, 5.625], "texture": "#0"},
				"south": {"uv": [13.875, 1, 14.125, 1.125], "texture": "#0"},
				"west": {"uv": [13, 5.625, 14.875, 5.75], "texture": "#0"},
				"up": {"uv": [7.5, 13.875, 7.25, 12], "texture": "#0"},
				"down": {"uv": [7.75, 12, 7.5, 13.875], "texture": "#0"}
			}
		},
		{
			"name": "hexadecagon",
			"from": [-5.29565, -5.2, 0.5],
			"to": [-3.70435, -4.2, 15.5],
			"rotation": {"angle": 0, "axis": "z", "origin": [-4.5, -8.2, 2.5]},
			"faces": {
				"north": {"uv": [14.125, 1, 14.375, 1.125], "texture": "#0"},
				"east": {"uv": [13, 5.75, 14.875, 5.875], "texture": "#0"},
				"south": {"uv": [12.625, 14.125, 12.875, 14.25], "texture": "#0"},
				"west": {"uv": [13, 10.25, 14.875, 10.375], "texture": "#0"},
				"up": {"uv": [12.25, 9.5, 12, 7.625], "texture": "#0"},
				"down": {"uv": [8, 12, 7.75, 13.875], "texture": "#0"}
			}
		},
		{
			"name": "hexadecagon",
			"from": [-5.29565, -5.2, 0.5],
			"to": [-3.70435, -4.2, 15.5],
			"rotation": {"angle": 22.5, "axis": "z", "origin": [-4.5, -8.2, 2.5]},
			"faces": {
				"north": {"uv": [14.125, 13.25, 14.375, 13.375], "texture": "#0"},
				"east": {"uv": [13, 10.375, 14.875, 10.5], "texture": "#0"},
				"south": {"uv": [14.125, 13.375, 14.375, 13.5], "texture": "#0"},
				"west": {"uv": [13, 10.5, 14.875, 10.625], "texture": "#0"},
				"up": {"uv": [12.25, 13.25, 12, 11.375], "texture": "#0"},
				"down": {"uv": [12.5, 7.625, 12.25, 9.5], "texture": "#0"}
			}
		},
		{
			"name": "hexadecagon",
			"from": [-5.29565, -5.2, 0.5],
			"to": [-3.70435, -4.2, 15.5],
			"rotation": {"angle": 45, "axis": "z", "origin": [-4.5, -8.2, 2.5]},
			"faces": {
				"north": {"uv": [14.125, 13.5, 14.375, 13.625], "texture": "#0"},
				"east": {"uv": [13, 10.625, 14.875, 10.75], "texture": "#0"},
				"south": {"uv": [14.125, 13.625, 14.375, 13.75], "texture": "#0"},
				"west": {"uv": [13, 10.75, 14.875, 10.875], "texture": "#0"},
				"up": {"uv": [12.5, 12.125, 12.25, 10.25], "texture": "#0"},
				"down": {"uv": [12.5, 12.125, 12.25, 14], "texture": "#0"}
			}
		},
		{
			"name": "hexadecagon",
			"from": [-8.5, -8.99565, 0.5],
			"to": [-7.5, -7.40435, 15.5],
			"rotation": {"angle": -22.5, "axis": "z", "origin": [-4.5, -8.2, 2.5]},
			"faces": {
				"north": {"uv": [3.75, 6.5, 3.875, 6.75], "texture": "#0"},
				"east": {"uv": [12.375, 9.5, 14.25, 9.75], "texture": "#0"},
				"south": {"uv": [10.375, 8.625, 10.5, 8.875], "texture": "#0"},
				"west": {"uv": [12.375, 9.75, 14.25, 10], "texture": "#0"},
				"up": {"uv": [4.25, 14.875, 4.125, 13], "texture": "#0"},
				"down": {"uv": [4.375, 13, 4.25, 14.875], "texture": "#0"}
			}
		},
		{
			"name": "hexadecagon",
			"from": [-8.5, -15.99565, 0.5],
			"to": [-7.5, -7.40435, 15.5],
			"rotation": {"angle": 0, "axis": "z", "origin": [-4.5, -8.2, 2.5]},
			"faces": {
				"north": {"uv": [5.25, 6.75, 5.375, 7.875], "texture": "#0"},
				"east": {"uv": [9.375, 5.25, 11.25, 6.375], "texture": "#0"},
				"south": {"uv": [5.375, 6.75, 5.5, 7.875], "texture": "#0"},
				"west": {"uv": [9.375, 6.375, 11.25, 7.5], "texture": "#0"},
				"up": {"uv": [6.375, 14.875, 6.25, 13], "texture": "#0"},
				"down": {"uv": [6.5, 13, 6.375, 14.875], "texture": "#0"}
			}
		},
		{
			"name": "hexadecagon",
			"from": [-1.5, -15.99565, 0.5],
			"to": [-0.5, -7.40435, 15.5],
			"rotation": {"angle": 0, "axis": "z", "origin": [-4.5, -8.2, 2.5]},
			"faces": {
				"north": {"uv": [5.5, 6.75, 5.625, 7.875], "texture": "#0"},
				"east": {"uv": [9.375, 7.5, 11.25, 8.625], "texture": "#0"},
				"south": {"uv": [7, 7.875, 7.125, 9], "texture": "#0"},
				"west": {"uv": [9.625, 0, 11.5, 1.125], "texture": "#0"},
				"up": {"uv": [6.625, 14.875, 6.5, 13], "texture": "#0"},
				"down": {"uv": [6.75, 13, 6.625, 14.875], "texture": "#0"}
			}
		},
		{
			"name": "hexadecagon",
			"from": [-1.5, -8.99565, 0.5],
			"to": [-0.5, -7.40435, 15.5],
			"rotation": {"angle": 22.5, "axis": "z", "origin": [-4.5, -8.2, 2.5]},
			"faces": {
				"north": {"uv": [11, 1.125, 11.125, 1.375], "texture": "#0"},
				"east": {"uv": [12.375, 10, 14.25, 10.25], "texture": "#0"},
				"south": {"uv": [11, 1.375, 11.125, 1.625], "texture": "#0"},
				"west": {"uv": [12.5, 7.625, 14.375, 7.875], "texture": "#0"},
				"up": {"uv": [13.125, 12.75, 13, 10.875], "texture": "#0"},
				"down": {"uv": [13.125, 12.75, 13, 14.625], "texture": "#0"}
			}
		},
		{
			"name": "hexadecagon",
			"from": [23.20435, 18.8, 0.5],
			"to": [24.79565, 19.8, 15.5],
			"rotation": {"angle": -45, "axis": "z", "origin": [24, 15.8, 2.5]},
			"faces": {
				"north": {"uv": [14.125, 13.75, 14.375, 13.875], "texture": "#0"},
				"east": {"uv": [13.125, 10.875, 15, 11], "texture": "#0"},
				"south": {"uv": [14.125, 13.875, 14.375, 14], "texture": "#0"},
				"west": {"uv": [13.125, 11, 15, 11.125], "texture": "#0"},
				"up": {"uv": [12.75, 12.125, 12.5, 10.25], "texture": "#0"},
				"down": {"uv": [12.75, 12.125, 12.5, 14], "texture": "#0"}
			}
		},
		{
			"name": "hexadecagon",
			"from": [23.20435, 18.8, 0.5],
			"to": [24.79565, 19.8, 15.5],
			"rotation": {"angle": -22.5, "axis": "z", "origin": [24, 15.8, 2.5]},
			"faces": {
				"north": {"uv": [14.125, 14, 14.375, 14.125], "texture": "#0"},
				"east": {"uv": [13.125, 11.125, 15, 11.25], "texture": "#0"},
				"south": {"uv": [14.125, 14.125, 14.375, 14.25], "texture": "#0"},
				"west": {"uv": [13.125, 11.25, 15, 11.375], "texture": "#0"},
				"up": {"uv": [8.25, 14.625, 8, 12.75], "texture": "#0"},
				"down": {"uv": [8.5, 12.75, 8.25, 14.625], "texture": "#0"}
			}
		},
		{
			"name": "hexadecagon",
			"from": [23.20435, 18.8, 0.5],
			"to": [24.79565, 19.8, 15.5],
			"rotation": {"angle": 0, "axis": "z", "origin": [24, 15.8, 2.5]},
			"faces": {
				"north": {"uv": [14.25, 1.625, 14.5, 1.75], "texture": "#0"},
				"east": {"uv": [13.125, 11.375, 15, 11.5], "texture": "#0"},
				"south": {"uv": [14.25, 1.75, 14.5, 1.875], "texture": "#0"},
				"west": {"uv": [13.125, 11.5, 15, 11.625], "texture": "#0"},
				"up": {"uv": [8.75, 14.625, 8.5, 12.75], "texture": "#0"},
				"down": {"uv": [9, 12.75, 8.75, 14.625], "texture": "#0"}
			}
		},
		{
			"name": "hexadecagon",
			"from": [23.20435, 18.8, 0.5],
			"to": [24.79565, 19.8, 15.5],
			"rotation": {"angle": 22.5, "axis": "z", "origin": [24, 15.8, 2.5]},
			"faces": {
				"north": {"uv": [14.25, 6.125, 14.5, 6.25], "texture": "#0"},
				"east": {"uv": [13.125, 11.625, 15, 11.75], "texture": "#0"},
				"south": {"uv": [14.25, 6.25, 14.5, 6.375], "texture": "#0"},
				"west": {"uv": [13.125, 11.75, 15, 11.875], "texture": "#0"},
				"up": {"uv": [9.25, 14.625, 9, 12.75], "texture": "#0"},
				"down": {"uv": [9.5, 12.75, 9.25, 14.625], "texture": "#0"}
			}
		},
		{
			"name": "hexadecagon",
			"from": [23.20435, 18.8, 0.5],
			"to": [24.79565, 19.8, 15.5],
			"rotation": {"angle": 45, "axis": "z", "origin": [24, 15.8, 2.5]},
			"faces": {
				"north": {"uv": [14.25, 6.375, 14.5, 6.5], "texture": "#0"},
				"east": {"uv": [13.125, 11.875, 15, 12], "texture": "#0"},
				"south": {"uv": [14.25, 6.5, 14.5, 6.625], "texture": "#0"},
				"west": {"uv": [13.125, 12, 15, 12.125], "texture": "#0"},
				"up": {"uv": [9.75, 14.625, 9.5, 12.75], "texture": "#0"},
				"down": {"uv": [13, 10.25, 12.75, 12.125], "texture": "#0"}
			}
		},
		{
			"name": "hexadecagon",
			"from": [20, 15.00435, 0.5],
			"to": [21, 16.59565, 15.5],
			"rotation": {"angle": -22.5, "axis": "z", "origin": [24, 15.8, 2.5]},
			"faces": {
				"north": {"uv": [12.625, 4.25, 12.75, 4.5], "texture": "#0"},
				"east": {"uv": [12.5, 7.875, 14.375, 8.125], "texture": "#0"},
				"south": {"uv": [3.5, 13.875, 3.625, 14.125], "texture": "#0"},
				"west": {"uv": [12.5, 8.125, 14.375, 8.375], "texture": "#0"},
				"up": {"uv": [0.125, 15, 0, 13.125], "texture": "#0"},
				"down": {"uv": [0.25, 13.125, 0.125, 15], "texture": "#0"}
			}
		},
		{
			"name": "hexadecagon",
			"from": [20, 11.00435, 0.5],
			"to": [21, 16.59565, 15.5],
			"rotation": {"angle": 0, "axis": "z", "origin": [24, 15.8, 2.5]},
			"faces": {
				"north": {"uv": [3.75, 5.75, 3.875, 6.5], "texture": "#0"},
				"east": {"uv": [10.875, 4.5, 12.75, 5.25], "texture": "#0"},
				"south": {"uv": [12.625, 3.5, 12.75, 4.25], "texture": "#0"},
				"west": {"uv": [11.125, 1.125, 13, 1.875], "texture": "#0"},
				"up": {"uv": [0.375, 15, 0.25, 13.125], "texture": "#0"},
				"down": {"uv": [0.5, 13.125, 0.375, 15], "texture": "#0"}
			}
		},
		{
			"name": "hexadecagon",
			"from": [21, 11.00435, 0.5],
			"to": [27, 12.00435, 15.5],
			"rotation": {"angle": 0, "axis": "z", "origin": [24, 15.8, 2.5]},
			"faces": {
				"north": {"uv": [9.375, 8.875, 10.125, 9], "texture": "#0"},
				"east": {"uv": [13.125, 12.125, 15, 12.25], "texture": "#0"},
				"south": {"uv": [6.25, 10.875, 7, 11], "texture": "#0"},
				"west": {"uv": [13.125, 12.25, 15, 12.375], "texture": "#0"},
				"up": {"uv": [10.5, 12.875, 9.75, 11], "texture": "#0"},
				"down": {"uv": [4.375, 11.125, 3.625, 13], "texture": "#0"}
			}
		},
		{
			"name": "hexadecagon",
			"from": [27, 11.00435, 0.5],
			"to": [28, 16.59565, 15.5],
			"rotation": {"angle": 0, "axis": "z", "origin": [24, 15.8, 2.5]},
			"faces": {
				"north": {"uv": [12.125, 13.25, 12.25, 14], "texture": "#0"},
				"east": {"uv": [1.75, 11.125, 3.625, 11.875], "texture": "#0"},
				"south": {"uv": [11.25, 13.375, 11.375, 14.125], "texture": "#0"},
				"west": {"uv": [11.125, 1.875, 13, 2.625], "texture": "#0"},
				"up": {"uv": [0.625, 15, 0.5, 13.125], "texture": "#0"},
				"down": {"uv": [0.75, 13.125, 0.625, 15], "texture": "#0"}
			}
		},
		{
			"name": "hexadecagon",
			"from": [27, 15.00435, 0.5],
			"to": [28, 16.59565, 15.5],
			"rotation": {"angle": 22.5, "axis": "z", "origin": [24, 15.8, 2.5]},
			"faces": {
				"north": {"uv": [3.5, 14.125, 3.625, 14.375], "texture": "#0"},
				"east": {"uv": [12.5, 8.375, 14.375, 8.625], "texture": "#0"},
				"south": {"uv": [11.25, 14.125, 11.375, 14.375], "texture": "#0"},
				"west": {"uv": [12.5, 8.625, 14.375, 8.875], "texture": "#0"},
				"up": {"uv": [0.875, 15, 0.75, 13.125], "texture": "#0"},
				"down": {"uv": [1, 13.125, 0.875, 15], "texture": "#0"}
			}
		}
	],
	"display": {
		"thirdperson_righthand": {
			"scale": [0.5, 0.5, 0.5]
		},
		"thirdperson_lefthand": {
			"scale": [0.5, 0.5, 0.5]
		},
		"firstperson_righthand": {
			"scale": [0.5, 0.5, 0.5]
		},
		"firstperson_lefthand": {
			"scale": [0.5, 0.5, 0.5]
		},
		"ground": {
			"translation": [0, 20.25, 0]
		},
		"gui": {
			"rotation": [0, -180, 0],
			"translation": [0.75, 1, 0],
			"scale": [0.3, 0.3, 0.3]
		},
		"fixed": {
			"rotation": [-90, 0, 0],
			"translation": [-14, 0, -47],
			"scale": [2, 2, 2]
		}
	},
	"groups": [
		{
			"name": "Tower",
			"origin": [0, 0, 0],
			"color": 0,
			"children": [0, 1, 2, 3, 4, 5, 6, 7, 8, 9, 10, 11, 12, 13, 14, 15, 16, 17, 18]
		},
		{
			"name": "House",
			"origin": [17, 11, 8],
			"color": 0,
			"children": [19, 20, 21, 22, 23, 24, 25, 26, 27, 28, 29, 30, 31, 32, 33, 34, 35, 36, 37, 38, 39, 40, 41, 42]
		},
		{
			"name": "hexadecagon",
			"origin": [8, 8, 8],
			"color": 0,
			"children": [43, 44, 45, 46, 47, 48, 49, 50, 51]
		},
		{
			"name": "hexadecagon",
			"origin": [8, 8, 8],
			"color": 0,
			"children": [52, 53, 54, 55, 56, 57, 58, 59, 60, 61]
		}
	]
}