{
	"credit": "Made with Blockbench",
	"texture_size": [128, 128],
	"textures": {
		"0": "block/castle_jump_pole_middle",
		"particle": "block/castle_jump_pole_middle"
	},
	"elements": [
		{
			"from": [-16, 18, 7],
			"to": [32, 20, 9],
			"rotation": {"angle": 0, "axis": "y", "origin": [-23, 0, 0]},
			"faces": {
				"north": {"uv": [8, 0, 14, 0.25], "texture": "#0"},
				"east": {"uv": [7, 5.375, 7.25, 5.625], "texture": "#0"},
				"south": {"uv": [8, 0.25, 14, 0.5], "texture": "#0"},
				"west": {"uv": [7, 5.625, 7.25, 5.875], "texture": "#0"},
				"up": {"uv": [14, 0.75, 8, 0.5], "texture": "#0"},
				"down": {"uv": [14, 0.75, 8, 1], "texture": "#0"}
			}
		},
		{
			"name": "hexadecagon",
			"from": [-15.97825, 0, 1.525],
			"to": [-11.02175, 5, 14.525],
			"rotation": {"angle": 0, "axis": "y", "origin": [-15, -15, 4.025]},
			"faces": {
				"north": {"uv": [1.875, 10.75, 2.5, 11.375], "texture": "#0"},
				"east": {"uv": [1, 8.875, 2.625, 9.5], "texture": "#0"},
				"south": {"uv": [9, 10.75, 9.625, 11.375], "texture": "#0"},
				"west": {"uv": [8.875, 5.375, 10.5, 6], "texture": "#0"},
				"up": {"uv": [7.625, 10.5, 7, 8.875], "texture": "#0"},
				"down": {"uv": [8.25, 8.875, 7.625, 10.5], "texture": "#0"}
			}
		},
		{
			"name": "hexadecagon",
			"from": [-2.47183, -12.52975, 1.525],
			"to": [2.52817, -4.57325, 14.525],
			"rotation": {"angle": 22.5, "axis": "z", "origin": [0.02817, -5.5515, 4.025]},
			"faces": {
				"north": {"uv": [3.875, 10.625, 4.5, 11.625], "texture": "#0"},
				"east": {"uv": [6, 6.875, 7.625, 7.875], "texture": "#0"},
				"south": {"uv": [4.5, 10.625, 5.125, 11.625], "texture": "#0"},
				"west": {"uv": [7.25, 5.375, 8.875, 6.375], "texture": "#0"},
				"up": {"uv": [9.875, 9.5, 9.25, 7.875], "texture": "#0"},
				"down": {"uv": [10, 6, 9.375, 7.625], "texture": "#0"}
			}
		},
		{
			"name": "hexadecagon",
			"from": [-0.75647, -5.6275, 1.525],
			"to": [4.24353, 2.32899, 14.525],
			"rotation": {"angle": 45, "axis": "z", "origin": [0.79353, -7.39926, 8.025]},
			"faces": {
				"north": {"uv": [3.875, 10.625, 4.5, 11.625], "texture": "#0"},
				"east": {"uv": [6, 6.875, 7.625, 7.875], "texture": "#0"},
				"south": {"uv": [4.5, 10.625, 5.125, 11.625], "texture": "#0"},
				"west": {"uv": [7.25, 5.375, 8.875, 6.375], "texture": "#0"},
				"up": {"uv": [9.875, 9.5, 9.25, 7.875], "texture": "#0"},
				"down": {"uv": [10, 6, 9.375, 7.625], "texture": "#0"}
			}
		},
		{
			"name": "hexadecagon",
			"from": [-14.80971, -5.49926, 1.525],
			"to": [-6.85322, -0.49926, 14.525],
			"rotation": {"angle": -22.5, "axis": "z", "origin": [0.79353, -7.39926, 8.025]},
			"faces": {
				"north": {"uv": [3.875, 10.625, 4.5, 11.625], "rotation": 90, "texture": "#0"},
				"east": {"uv": [10, 6, 9.375, 7.625], "rotation": 270, "texture": "#0"},
				"south": {"uv": [4.5, 10.625, 5.125, 11.625], "rotation": 270, "texture": "#0"},
				"west": {"uv": [9.875, 9.5, 9.25, 7.875], "rotation": 270, "texture": "#0"},
				"up": {"uv": [6, 6.875, 7.625, 7.875], "rotation": 270, "texture": "#0"},
				"down": {"uv": [7.25, 5.375, 8.875, 6.375], "rotation": 270, "texture": "#0"}
			}
		},
		{
			"name": "hexadecagon",
			"from": [0, -15.97825, 1.525],
			"to": [5, -11.02175, 14.525],
			"rotation": {"angle": 0, "axis": "y", "origin": [-15, -15, 4.025]},
			"faces": {
				"north": {"uv": [10.875, 10.5, 11.5, 11.125], "texture": "#0"},
				"east": {"uv": [1, 9.5, 2.625, 10.125], "texture": "#0"},
				"south": {"uv": [2.5, 11.125, 3.125, 11.75], "texture": "#0"},
				"west": {"uv": [8.25, 9.5, 9.875, 10.125], "texture": "#0"},
				"up": {"uv": [3.25, 11.125, 2.625, 9.5], "texture": "#0"},
				"down": {"uv": [3.875, 9.5, 3.25, 11.125], "texture": "#0"}
			}
		},
		{
			"name": "hexadecagon",
			"from": [27.02175, 0, 1.525],
			"to": [31.97825, 5, 14.525],
			"rotation": {"angle": 0, "axis": "y", "origin": [31, -15, 4.025]},
			"faces": {
				"north": {"uv": [5.75, 11.125, 6.375, 11.75], "texture": "#0"},
				"east": {"uv": [8.25, 10.125, 9.875, 10.75], "texture": "#0"},
				"south": {"uv": [9.625, 11.125, 10.25, 11.75], "texture": "#0"},
				"west": {"uv": [10.5, 5, 12.125, 5.625], "texture": "#0"},
				"up": {"uv": [7.375, 12.125, 6.75, 10.5], "texture": "#0"},
				"down": {"uv": [8, 10.5, 7.375, 12.125], "texture": "#0"}
			}
		},
		{
			"name": "hexadecagon",
			"from": [13.47183, -12.52975, 1.525],
			"to": [18.47183, -4.57325, 14.525],
			"rotation": {"angle": -22.5, "axis": "z", "origin": [15.97183, -5.5515, 4.025]},
			"faces": {
				"north": {"uv": [0.625, 10.75, 1.25, 11.75], "texture": "#0"},
				"east": {"uv": [7.5, 2.5, 9.125, 3.5], "texture": "#0"},
				"south": {"uv": [1.25, 10.75, 1.875, 11.75], "texture": "#0"},
				"west": {"uv": [7.5, 3.5, 9.125, 4.5], "texture": "#0"},
				"up": {"uv": [0.625, 11.25, 0, 9.625], "texture": "#0"},
				"down": {"uv": [10.5, 8.875, 9.875, 10.5], "texture": "#0"}
			}
		},
		{
			"name": "hexadecagon",
			"from": [11.02378, -5.60138, 1.525],
			"to": [16.02378, 2.35511, 14.525],
			"rotation": {"angle": -45, "axis": "z", "origin": [14.82378, -8.32314, 8.025]},
			"faces": {
				"north": {"uv": [0.625, 10.75, 1.25, 11.75], "texture": "#0"},
				"east": {"uv": [7.5, 2.5, 9.125, 3.5], "texture": "#0"},
				"south": {"uv": [1.25, 10.75, 1.875, 11.75], "texture": "#0"},
				"west": {"uv": [7.5, 3.5, 9.125, 4.5], "texture": "#0"},
				"up": {"uv": [0.625, 11.25, 0, 9.625], "texture": "#0"},
				"down": {"uv": [10.5, 8.875, 9.875, 10.5], "texture": "#0"}
			}
		},
		{
			"name": "hexadecagon",
			"from": [23.24554, -5.72314, 1.525],
			"to": [31.20203, -0.72314, 14.525],
			"rotation": {"angle": 22.5, "axis": "z", "origin": [14.82378, -8.32314, 8.025]},
			"faces": {
				"north": {"uv": [0.625, 10.75, 1.25, 11.75], "rotation": 270, "texture": "#0"},
				"east": {"uv": [0.625, 11.25, 0, 9.625], "rotation": 90, "texture": "#0"},
				"south": {"uv": [1.25, 10.75, 1.875, 11.75], "rotation": 90, "texture": "#0"},
				"west": {"uv": [10.5, 8.875, 9.875, 10.5], "rotation": 90, "texture": "#0"},
				"up": {"uv": [7.5, 3.5, 9.125, 4.5], "rotation": 90, "texture": "#0"},
				"down": {"uv": [7.5, 2.5, 9.125, 3.5], "rotation": 90, "texture": "#0"}
			}
		},
		{
			"name": "hexadecagon",
			"from": [11, -15.97825, 1.525],
			"to": [16, -11.02175, 14.525],
			"rotation": {"angle": 0, "axis": "y", "origin": [31, -15, 4.025]},
			"faces": {
				"north": {"uv": [3.125, 11.125, 3.75, 11.75], "texture": "#0"},
				"east": {"uv": [9.875, 7.625, 11.5, 8.25], "texture": "#0"},
				"south": {"uv": [5.125, 11.125, 5.75, 11.75], "texture": "#0"},
				"west": {"uv": [9.875, 8.25, 11.5, 8.875], "texture": "#0"},
				"up": {"uv": [6.125, 11.125, 5.5, 9.5], "texture": "#0"},
				"down": {"uv": [6.75, 9.5, 6.125, 11.125], "texture": "#0"}
			}
		},
		{
			"from": [-11, 2, 2],
			"to": [-5, 5, 14],
			"rotation": {"angle": 0, "axis": "y", "origin": [-8, 0, 0]},
			"faces": {
				"north": {"uv": [6.5, 4.125, 7.25, 4.5], "texture": "#0"},
				"east": {"uv": [10, 7.25, 11.5, 7.625], "texture": "#0"},
				"south": {"uv": [9.25, 5, 10, 5.375], "texture": "#0"},
				"west": {"uv": [10.5, 5.625, 12, 6], "texture": "#0"},
				"up": {"uv": [4.75, 10, 4, 8.5], "texture": "#0"},
				"down": {"uv": [5.5, 8.5, 4.75, 10], "texture": "#0"}
			}
		},
		{
			"from": [-15, 9, 2],
			"to": [-11, 11, 4],
			"rotation": {"angle": 0, "axis": "y", "origin": [-24, 0, 0]},
			"faces": {
				"north": {"uv": [6, 2.5, 6.5, 2.75], "texture": "#0"},
				"east": {"uv": [7.25, 4.125, 7.5, 4.375], "texture": "#0"},
				"south": {"uv": [6, 2.75, 6.5, 3], "texture": "#0"},
				"west": {"uv": [7.25, 6.375, 7.5, 6.625], "texture": "#0"},
				"up": {"uv": [3, 8.25, 2.5, 8], "texture": "#0"},
				"down": {"uv": [3, 8.25, 2.5, 8.5], "texture": "#0"}
			}
		},
		{
			"from": [-15, 9, 12],
			"to": [-11, 11, 14],
			"rotation": {"angle": 0, "axis": "y", "origin": [-24, 0, 0]},
			"faces": {
				"north": {"uv": [2.5, 8.5, 3, 8.75], "texture": "#0"},
				"east": {"uv": [7.25, 6.625, 7.5, 6.875], "texture": "#0"},
				"south": {"uv": [5.5, 8.5, 6, 8.75], "texture": "#0"},
				"west": {"uv": [2.625, 8.75, 2.875, 9], "texture": "#0"},
				"up": {"uv": [6, 9, 5.5, 8.75], "texture": "#0"},
				"down": {"uv": [9.375, 6, 8.875, 6.25], "texture": "#0"}
			}
		},
		{
			"from": [-9, 9, 2],
			"to": [-5, 11, 4],
			"rotation": {"angle": 0, "axis": "y", "origin": [-24, 0, 0]},
			"faces": {
				"north": {"uv": [10.875, 4.75, 11.375, 5], "texture": "#0"},
				"east": {"uv": [8.25, 9.125, 8.5, 9.375], "texture": "#0"},
				"south": {"uv": [11, 11.125, 11.5, 11.375], "texture": "#0"},
				"west": {"uv": [2.625, 9.25, 2.875, 9.5], "texture": "#0"},
				"up": {"uv": [0.5, 11.5, 0, 11.25], "texture": "#0"},
				"down": {"uv": [2.375, 11.375, 1.875, 11.625], "texture": "#0"}
			}
		},
		{
			"from": [-9, 9, 12],
			"to": [-5, 11, 14],
			"rotation": {"angle": 0, "axis": "y", "origin": [-24, 0, 0]},
			"faces": {
				"north": {"uv": [5.5, 9, 6, 9.25], "texture": "#0"},
				"east": {"uv": [8.25, 8.875, 8.5, 9.125], "texture": "#0"},
				"south": {"uv": [5.5, 9.25, 6, 9.5], "texture": "#0"},
				"west": {"uv": [2.625, 9, 2.875, 9.25], "texture": "#0"},
				"up": {"uv": [9.875, 7.875, 9.375, 7.625], "texture": "#0"},
				"down": {"uv": [10.5, 5, 10, 5.25], "texture": "#0"}
			}
		},
		{
			"from": [-3, 9, 2],
			"to": [1, 11, 4],
			"rotation": {"angle": 0, "axis": "y", "origin": [-24, 0, 0]},
			"faces": {
				"north": {"uv": [11, 11.375, 11.5, 11.625], "texture": "#0"},
				"east": {"uv": [6.75, 9.75, 7, 10], "texture": "#0"},
				"south": {"uv": [0, 11.5, 0.5, 11.75], "texture": "#0"},
				"west": {"uv": [0.625, 9.875, 0.875, 10.125], "texture": "#0"},
				"up": {"uv": [12, 7.5, 11.5, 7.25], "texture": "#0"},
				"down": {"uv": [12, 7.5, 11.5, 7.75], "texture": "#0"}
			}
		},
		{
			"from": [-3, 9, 12],
			"to": [1, 11, 14],
			"rotation": {"angle": 0, "axis": "y", "origin": [-24, 0, 0]},
			"faces": {
				"north": {"uv": [11.375, 4.75, 11.875, 5], "texture": "#0"},
				"east": {"uv": [6.75, 9.5, 7, 9.75], "texture": "#0"},
				"south": {"uv": [8, 11.375, 8.5, 11.625], "texture": "#0"},
				"west": {"uv": [0.625, 9.625, 0.875, 9.875], "texture": "#0"},
				"up": {"uv": [9, 11.625, 8.5, 11.375], "texture": "#0"},
				"down": {"uv": [9.5, 11.375, 9, 11.625], "texture": "#0"}
			}
		},
		{
			"from": [3, 9, 2],
			"to": [7, 11, 4],
			"rotation": {"angle": 0, "axis": "y", "origin": [-24, 0, 0]},
			"faces": {
				"north": {"uv": [11.5, 8.75, 12, 9], "texture": "#0"},
				"east": {"uv": [6.75, 10.25, 7, 10.5], "texture": "#0"},
				"south": {"uv": [11.5, 9, 12, 9.25], "texture": "#0"},
				"west": {"uv": [2.25, 10.375, 2.5, 10.625], "texture": "#0"},
				"up": {"uv": [12, 9.5, 11.5, 9.25], "texture": "#0"},
				"down": {"uv": [12, 9.5, 11.5, 9.75], "texture": "#0"}
			}
		},
		{
			"from": [3, 9, 12],
			"to": [7, 11, 14],
			"rotation": {"angle": 0, "axis": "y", "origin": [-24, 0, 0]},
			"faces": {
				"north": {"uv": [11.5, 7.75, 12, 8], "texture": "#0"},
				"east": {"uv": [6.75, 10, 7, 10.25], "texture": "#0"},
				"south": {"uv": [11.5, 8, 12, 8.25], "texture": "#0"},
				"west": {"uv": [2.25, 10.125, 2.5, 10.375], "texture": "#0"},
				"up": {"uv": [12, 8.5, 11.5, 8.25], "texture": "#0"},
				"down": {"uv": [12, 8.5, 11.5, 8.75], "texture": "#0"}
			}
		},
		{
			"from": [-16, 5, 2],
			"to": [32, 9, 14],
			"rotation": {"angle": 0, "axis": "y", "origin": [24, 0, 0]},
			"faces": {
				"north": {"uv": [6, 1.5, 12, 2], "texture": "#0"},
				"east": {"uv": [8, 1, 9.5, 1.5], "texture": "#0"},
				"south": {"uv": [6, 2, 12, 2.5], "texture": "#0"},
				"west": {"uv": [9.5, 1, 11, 1.5], "texture": "#0"},
				"up": {"uv": [6, 1.5, 0, 0], "texture": "#0"},
				"down": {"uv": [6, 1.5, 0, 3], "texture": "#0"}
			}
		},
		{
			"from": [0, -16, 2],
			"to": [16, -2, 14],
			"rotation": {"angle": 0, "axis": "y", "origin": [24, 0, 0]},
			"faces": {
				"north": {"uv": [0, 4.5, 2, 6.25], "texture": "#0"},
				"east": {"uv": [0, 6.25, 1.5, 8], "texture": "#0"},
				"south": {"uv": [2, 4.5, 4, 6.25], "texture": "#0"},
				"west": {"uv": [1.5, 6.25, 3, 8], "texture": "#0"},
				"up": {"uv": [6, 6, 4, 4.5], "texture": "#0"},
				"down": {"uv": [8, 0, 6, 1.5], "texture": "#0"}
			}
		},
		{
			"from": [27, 9, 2],
			"to": [31, 11, 4],
			"rotation": {"angle": 0, "axis": "y", "origin": [40, 0, 0]},
			"faces": {
				"north": {"uv": [11.75, 3, 12.25, 3.25], "texture": "#0"},
				"east": {"uv": [5.5, 11.75, 5.75, 12], "texture": "#0"},
				"south": {"uv": [11.75, 3.25, 12.25, 3.5], "texture": "#0"},
				"west": {"uv": [5.75, 11.75, 6, 12], "texture": "#0"},
				"up": {"uv": [12.25, 3.75, 11.75, 3.5], "texture": "#0"},
				"down": {"uv": [12.25, 3.75, 11.75, 4], "texture": "#0"}
			}
		},
		{
			"from": [27, 9, 12],
			"to": [31, 11, 14],
			"rotation": {"angle": 0, "axis": "y", "origin": [40, 0, 0]},
			"faces": {
				"north": {"uv": [2.375, 11.75, 2.875, 12], "texture": "#0"},
				"east": {"uv": [5, 11.75, 5.25, 12], "texture": "#0"},
				"south": {"uv": [11.75, 2.5, 12.25, 2.75], "texture": "#0"},
				"west": {"uv": [5.25, 11.75, 5.5, 12], "texture": "#0"},
				"up": {"uv": [12.25, 3, 11.75, 2.75], "texture": "#0"},
				"down": {"uv": [3.375, 11.75, 2.875, 12], "texture": "#0"}
			}
		},
		{
			"from": [21, 9, 12],
			"to": [25, 11, 14],
			"rotation": {"angle": 0, "axis": "y", "origin": [40, 0, 0]},
			"faces": {
				"north": {"uv": [0.5, 11.75, 1, 12], "texture": "#0"},
				"east": {"uv": [3.375, 11.75, 3.625, 12], "texture": "#0"},
				"south": {"uv": [1, 11.75, 1.5, 12], "texture": "#0"},
				"west": {"uv": [11.75, 4, 12, 4.25], "texture": "#0"},
				"up": {"uv": [12.25, 1.25, 11.75, 1], "texture": "#0"},
				"down": {"uv": [12.25, 1.25, 11.75, 1.5], "texture": "#0"}
			}
		},
		{
			"from": [21, 9, 2],
			"to": [25, 11, 4],
			"rotation": {"angle": 0, "axis": "y", "origin": [40, 0, 0]},
			"faces": {
				"north": {"uv": [8.5, 11.625, 9, 11.875], "texture": "#0"},
				"east": {"uv": [11.25, 11.625, 11.5, 11.875], "texture": "#0"},
				"south": {"uv": [9, 11.625, 9.5, 11.875], "texture": "#0"},
				"west": {"uv": [1.5, 11.75, 1.75, 12], "texture": "#0"},
				"up": {"uv": [11.25, 11.875, 10.75, 11.625], "texture": "#0"},
				"down": {"uv": [0.5, 11.75, 0, 12], "texture": "#0"}
			}
		},
		{
			"from": [15, 9, 12],
			"to": [19, 11, 14],
			"rotation": {"angle": 0, "axis": "y", "origin": [40, 0, 0]},
			"faces": {
				"north": {"uv": [11.625, 6.5, 12.125, 6.75], "texture": "#0"},
				"east": {"uv": [4.75, 11.625, 5, 11.875], "texture": "#0"},
				"south": {"uv": [11.625, 6.75, 12.125, 7], "texture": "#0"},
				"west": {"uv": [6.375, 11.625, 6.625, 11.875], "texture": "#0"},
				"up": {"uv": [12.125, 7.25, 11.625, 7], "texture": "#0"},
				"down": {"uv": [8.5, 11.625, 8, 11.875], "texture": "#0"}
			}
		},
		{
			"from": [15, 9, 2],
			"to": [19, 11, 4],
			"rotation": {"angle": 0, "axis": "y", "origin": [40, 0, 0]},
			"faces": {
				"north": {"uv": [3.75, 11.625, 4.25, 11.875], "texture": "#0"},
				"east": {"uv": [6.375, 11.125, 6.625, 11.375], "texture": "#0"},
				"south": {"uv": [4.25, 11.625, 4.75, 11.875], "texture": "#0"},
				"west": {"uv": [6.375, 11.375, 6.625, 11.625], "texture": "#0"},
				"up": {"uv": [12.125, 6.25, 11.625, 6], "texture": "#0"},
				"down": {"uv": [12.125, 6.25, 11.625, 6.5], "texture": "#0"}
			}
		},
		{
			"from": [9, 9, 12],
			"to": [13, 11, 14],
			"rotation": {"angle": 0, "axis": "y", "origin": [40, 0, 0]},
			"faces": {
				"north": {"uv": [11.5, 11, 12, 11.25], "texture": "#0"},
				"east": {"uv": [9.625, 10.75, 9.875, 11], "texture": "#0"},
				"south": {"uv": [11.5, 11.25, 12, 11.5], "texture": "#0"},
				"west": {"uv": [5.125, 10.875, 5.375, 11.125], "texture": "#0"},
				"up": {"uv": [12, 11.75, 11.5, 11.5], "texture": "#0"},
				"down": {"uv": [2.375, 11.625, 1.875, 11.875], "texture": "#0"}
			}
		},
		{
			"from": [9, 9, 2],
			"to": [13, 11, 4],
			"rotation": {"angle": 0, "axis": "y", "origin": [40, 0, 0]},
			"faces": {
				"north": {"uv": [11.5, 9.75, 12, 10], "texture": "#0"},
				"east": {"uv": [8, 10.5, 8.25, 10.75], "texture": "#0"},
				"south": {"uv": [10.25, 11.5, 10.75, 11.75], "texture": "#0"},
				"west": {"uv": [5.125, 10.625, 5.375, 10.875], "texture": "#0"},
				"up": {"uv": [12, 10.75, 11.5, 10.5], "texture": "#0"},
				"down": {"uv": [12, 10.75, 11.5, 11], "texture": "#0"}
			}
		},
		{
			"from": [-5, -2, 2],
			"to": [21, 5, 14],
			"rotation": {"angle": 0, "axis": "y", "origin": [24, 0, 0]},
			"faces": {
				"north": {"uv": [4, 6, 7.25, 6.875], "texture": "#0"},
				"east": {"uv": [1, 8, 2.5, 8.875], "texture": "#0"},
				"south": {"uv": [6, 4.5, 9.25, 5.375], "texture": "#0"},
				"west": {"uv": [7, 8, 8.5, 8.875], "texture": "#0"},
				"up": {"uv": [3.25, 4.5, 0, 3], "texture": "#0"},
				"down": {"uv": [6.5, 3, 3.25, 4.5], "texture": "#0"}
			}
		},
		{
			"from": [21, 2, 2],
			"to": [27, 5, 14],
			"rotation": {"angle": 0, "axis": "y", "origin": [24, 0, 0]},
			"faces": {
				"north": {"uv": [11, 1, 11.75, 1.375], "texture": "#0"},
				"east": {"uv": [10.5, 10.125, 12, 10.5], "texture": "#0"},
				"south": {"uv": [10.25, 11.125, 11, 11.5], "texture": "#0"},
				"west": {"uv": [10.875, 4.375, 12.375, 4.75], "texture": "#0"},
				"up": {"uv": [9.25, 9.5, 8.5, 8], "texture": "#0"},
				"down": {"uv": [9.375, 6.375, 8.625, 7.875], "texture": "#0"}
			}
		}
	],
	"display": {
		"thirdperson_righthand": {
			"scale": [0.5, 0.5, 0.5]
		},
		"thirdperson_lefthand": {
			"scale": [0.5, 0.5, 0.5]
		},
		"firstperson_righthand": {
			"scale": [0.5, 0.5, 0.5]
		},
		"firstperson_lefthand": {
			"scale": [0.5, 0.5, 0.5]
		},
		"gui": {
			"translation": [-3.25, 1, 0],
			"scale": [0.3, 0.3, 0.3]
		},
		"fixed": {
			"rotation": [-90, 0, 0],
			"translation": [0, 0, -47],
			"scale": [2, 2, 2]
		}
	},
	"groups": [
		{
			"name": "hexadecagon",
			"origin": [8, 8, 8],
			"color": 0,
			"children": []
		},
		{
			"name": "Wall",
			"origin": [0, 0, 0],
			"color": 0,
			"children": []
		},
		0,
		{
			"name": "hexadecagon",
			"origin": [8, 8, 8],
			"color": 0,
			"children": [1, 2, 3, 4, 5, 6, 7, 8, 9, 10]
		},
		{
			"name": "Wall",
			"origin": [0, 0, 0],
			"color": 0,
			"children": [11, 12, 13, 14, 15, 16, 17, 18, 19, 20, 21, 22, 23, 24, 25, 26, 27, 28, 29, 30, 31]
		}
	]
}