{
	"credit": "Made with Blockbench",
	"texture_size": [128, 128],
	"textures": {
		"0": "block/castle_jump_pole_side",
		"particle": "block/castle_jump_pole_side"
	},
	"elements": [
		{
			"name": "hexadecagon",
			"from": [8.02175, 0, 1.525],
			"to": [12.97825, 5, 14.525],
			"rotation": {"angle": 0, "axis": "z", "origin": [9, -15, 4.025]},
			"faces": {
				"north": {"uv": [6.5, 8, 7.125, 8.625], "texture": "#0"},
				"east": {"uv": [5.25, 5.75, 6.875, 6.375], "texture": "#0"},
				"south": {"uv": [8.125, 0.5, 8.75, 1.125], "texture": "#0"},
				"west": {"uv": [6.125, 3, 7.75, 3.625], "texture": "#0"},
				"up": {"uv": [3.875, 7.5, 3.25, 5.875], "texture": "#0"},
				"down": {"uv": [4.5, 5.875, 3.875, 7.5], "texture": "#0"}
			}
		},
		{
			"name": "hexadecagon",
			"from": [5.02175, 0, 1.525],
			"to": [12.97825, 5, 14.525],
			"rotation": {"angle": -22.5, "axis": "z", "origin": [9, -15, 4.025]},
			"faces": {
				"north": {"uv": [7.5, 6.375, 8.5, 7], "texture": "#0"},
				"east": {"uv": [6.125, 3.625, 7.75, 4.25], "texture": "#0"},
				"south": {"uv": [7.5, 7, 8.5, 7.625], "texture": "#0"},
				"west": {"uv": [6.125, 4.25, 7.75, 4.875], "texture": "#0"},
				"up": {"uv": [4.5, 4.25, 3.5, 2.625], "texture": "#0"},
				"down": {"uv": [4.5, 4.25, 3.5, 5.875], "texture": "#0"}
			}
		},
		{
			"name": "hexadecagon",
			"from": [5.02175, 0, 1.525],
			"to": [12.97825, 5, 14.525],
			"rotation": {"angle": -45, "axis": "z", "origin": [9, -15, 4.025]},
			"faces": {
				"north": {"uv": [7.5, 7.625, 8.5, 8.25], "texture": "#0"},
				"east": {"uv": [5.25, 6.375, 6.875, 7], "texture": "#0"},
				"south": {"uv": [2.25, 7.75, 3.25, 8.375], "texture": "#0"},
				"west": {"uv": [6.5, 0.5, 8.125, 1.125], "texture": "#0"},
				"up": {"uv": [5.5, 1.625, 4.5, 0], "texture": "#0"},
				"down": {"uv": [5.5, 1.625, 4.5, 3.25], "texture": "#0"}
			}
		},
		{
			"name": "hexadecagon",
			"from": [21.52817, -12.52975, 1.525],
			"to": [26.52817, -4.57325, 14.525],
			"rotation": {"angle": 22.5, "axis": "z", "origin": [24.02817, -5.5515, 4.025]},
			"faces": {
				"north": {"uv": [7.75, 3, 8.375, 4], "texture": "#0"},
				"east": {"uv": [4.5, 3.25, 6.125, 4.25], "texture": "#0"},
				"south": {"uv": [3.25, 7.75, 3.875, 8.75], "texture": "#0"},
				"west": {"uv": [4.5, 4.25, 6.125, 5.25], "texture": "#0"},
				"up": {"uv": [1.625, 8.25, 1, 6.625], "texture": "#0"},
				"down": {"uv": [2.25, 6.625, 1.625, 8.25], "texture": "#0"}
			}
		},
		{
			"name": "hexadecagon",
			"from": [24, -15.97825, 1.525],
			"to": [29, -11.02175, 14.525],
			"rotation": {"angle": 0, "axis": "z", "origin": [9, -15, 4.025]},
			"faces": {
				"north": {"uv": [8.125, 1.125, 8.75, 1.75], "texture": "#0"},
				"east": {"uv": [6.5, 1.125, 8.125, 1.75], "texture": "#0"},
				"south": {"uv": [0.625, 8.25, 1.25, 8.875], "texture": "#0"},
				"west": {"uv": [6.875, 5.75, 8.5, 6.375], "texture": "#0"},
				"up": {"uv": [7.5, 8, 6.875, 6.375], "texture": "#0"},
				"down": {"uv": [5.875, 7, 5.25, 8.625], "texture": "#0"}
			}
		},
		{
			"from": [8, 5, 2],
			"to": [32, 9, 14],
			"rotation": {"angle": 0, "axis": "y", "origin": [16, 0, 0]},
			"faces": {
				"north": {"uv": [4.5, 5.25, 7.5, 5.75], "texture": "#0"},
				"east": {"uv": [7, 1.75, 8.5, 2.25], "texture": "#0"},
				"south": {"uv": [5.5, 0, 8.5, 0.5], "texture": "#0"},
				"west": {"uv": [7, 2.25, 8.5, 2.75], "texture": "#0"},
				"up": {"uv": [3, 1.5, 0, 0], "texture": "#0"},
				"down": {"uv": [3, 1.5, 0, 3], "texture": "#0"}
			}
		},
		{
			"from": [24, -16, 2],
			"to": [32, 5, 14],
			"rotation": {"angle": 0, "axis": "y", "origin": [16, 0, 0]},
			"faces": {
				"north": {"uv": [1.5, 3, 2.5, 5.625], "texture": "#0"},
				"east": {"uv": [0, 3, 1.5, 5.625], "texture": "#0"},
				"south": {"uv": [2.5, 3, 3.5, 5.625], "texture": "#0"},
				"west": {"uv": [3, 0, 4.5, 2.625], "texture": "#0"},
				"up": {"uv": [6.5, 2, 5.5, 0.5], "texture": "#0"},
				"down": {"uv": [1, 5.625, 0, 7.125], "texture": "#0"}
			}
		},
		{
			"from": [19, -3, 2],
			"to": [24, 5, 14],
			"rotation": {"angle": 0, "axis": "y", "origin": [16, 0, 0]},
			"faces": {
				"north": {"uv": [3.875, 7.75, 4.5, 8.75], "texture": "#0"},
				"east": {"uv": [5.5, 2, 7, 3], "texture": "#0"},
				"south": {"uv": [4.5, 7.75, 5.125, 8.75], "texture": "#0"},
				"west": {"uv": [1, 5.625, 2.5, 6.625], "texture": "#0"},
				"up": {"uv": [6.5, 8.5, 5.875, 7], "texture": "#0"},
				"down": {"uv": [0.625, 7.125, 0, 8.625], "texture": "#0"}
			}
		},
		{
			"from": [13, 2, 2],
			"to": [19, 5, 14],
			"rotation": {"angle": 0, "axis": "y", "origin": [16, 0, 0]},
			"faces": {
				"north": {"uv": [2.25, 7.125, 3, 7.5], "texture": "#0"},
				"east": {"uv": [7.5, 5.375, 9, 5.75], "texture": "#0"},
				"south": {"uv": [7.75, 4.375, 8.5, 4.75], "texture": "#0"},
				"west": {"uv": [7.75, 4, 9.25, 4.375], "texture": "#0"},
				"up": {"uv": [3.25, 7.125, 2.5, 5.625], "texture": "#0"},
				"down": {"uv": [5.25, 5.75, 4.5, 7.25], "texture": "#0"}
			}
		},
		{
			"from": [9, 9, 2],
			"to": [13, 11, 4],
			"faces": {
				"north": {"uv": [3, 2.625, 3.5, 2.875], "texture": "#0"},
				"east": {"uv": [3.25, 5.625, 3.5, 5.875], "texture": "#0"},
				"south": {"uv": [5.5, 3, 6, 3.25], "texture": "#0"},
				"west": {"uv": [2.25, 6.625, 2.5, 6.875], "texture": "#0"},
				"up": {"uv": [7, 2, 6.5, 1.75], "texture": "#0"},
				"down": {"uv": [5, 7.25, 4.5, 7.5], "texture": "#0"}
			}
		},
		{
			"from": [9, 9, 12],
			"to": [13, 11, 14],
			"faces": {
				"north": {"uv": [1.25, 8.25, 1.75, 8.5], "texture": "#0"},
				"east": {"uv": [2.25, 6.875, 2.5, 7.125], "texture": "#0"},
				"south": {"uv": [1.75, 8.25, 2.25, 8.5], "texture": "#0"},
				"west": {"uv": [6.5, 7, 6.75, 7.25], "texture": "#0"},
				"up": {"uv": [7.625, 8.5, 7.125, 8.25], "texture": "#0"},
				"down": {"uv": [8.125, 8.25, 7.625, 8.5], "texture": "#0"}
			}
		},
		{
			"from": [15, 9, 2],
			"to": [19, 11, 4],
			"faces": {
				"north": {"uv": [8.375, 3.25, 8.875, 3.5], "texture": "#0"},
				"east": {"uv": [0.625, 7.875, 0.875, 8.125], "texture": "#0"},
				"south": {"uv": [8.375, 3.5, 8.875, 3.75], "texture": "#0"},
				"west": {"uv": [7.125, 8, 7.375, 8.25], "texture": "#0"},
				"up": {"uv": [8.875, 4, 8.375, 3.75], "texture": "#0"},
				"down": {"uv": [9, 0, 8.5, 0.25], "texture": "#0"}
			}
		},
		{
			"from": [15, 9, 12],
			"to": [19, 11, 14],
			"faces": {
				"north": {"uv": [8.125, 8.25, 8.625, 8.5], "texture": "#0"},
				"east": {"uv": [0.625, 7.625, 0.875, 7.875], "texture": "#0"},
				"south": {"uv": [2.25, 8.375, 2.75, 8.625], "texture": "#0"},
				"west": {"uv": [6.5, 7.75, 6.75, 8], "texture": "#0"},
				"up": {"uv": [3.25, 8.625, 2.75, 8.375], "texture": "#0"},
				"down": {"uv": [8.875, 3, 8.375, 3.25], "texture": "#0"}
			}
		},
		{
			"from": [21, 9, 2],
			"to": [25, 11, 4],
			"faces": {
				"north": {"uv": [8.5, 2, 9, 2.25], "texture": "#0"},
				"east": {"uv": [7.375, 8.5, 7.625, 8.75], "texture": "#0"},
				"south": {"uv": [8.5, 2.25, 9, 2.5], "texture": "#0"},
				"west": {"uv": [8.5, 7.5, 8.75, 7.75], "texture": "#0"},
				"up": {"uv": [9, 2.75, 8.5, 2.5], "texture": "#0"},
				"down": {"uv": [9, 4.375, 8.5, 4.625], "texture": "#0"}
			}
		},
		{
			"from": [21, 9, 12],
			"to": [25, 11, 14],
			"faces": {
				"north": {"uv": [8.5, 0.25, 9, 0.5], "texture": "#0"},
				"east": {"uv": [7.125, 8.5, 7.375, 8.75], "texture": "#0"},
				"south": {"uv": [1.25, 8.5, 1.75, 8.75], "texture": "#0"},
				"west": {"uv": [8.5, 7.25, 8.75, 7.5], "texture": "#0"},
				"up": {"uv": [2.25, 8.75, 1.75, 8.5], "texture": "#0"},
				"down": {"uv": [9, 1.75, 8.5, 2], "texture": "#0"}
			}
		},
		{
			"from": [27, 9, 2],
			"to": [31, 11, 4],
			"faces": {
				"north": {"uv": [8.5, 6.25, 9, 6.5], "texture": "#0"},
				"east": {"uv": [7.875, 8.5, 8.125, 8.75], "texture": "#0"},
				"south": {"uv": [8.5, 6.5, 9, 6.75], "texture": "#0"},
				"west": {"uv": [8.5, 8, 8.75, 8.25], "texture": "#0"},
				"up": {"uv": [9, 7, 8.5, 6.75], "texture": "#0"},
				"down": {"uv": [9, 7, 8.5, 7.25], "texture": "#0"}
			}
		},
		{
			"from": [27, 9, 12],
			"to": [31, 11, 14],
			"faces": {
				"north": {"uv": [8.5, 4.625, 9, 4.875], "texture": "#0"},
				"east": {"uv": [7.625, 8.5, 7.875, 8.75], "texture": "#0"},
				"south": {"uv": [8.5, 5.75, 9, 6], "texture": "#0"},
				"west": {"uv": [8.5, 7.75, 8.75, 8], "texture": "#0"},
				"up": {"uv": [6.375, 8.75, 5.875, 8.5], "texture": "#0"},
				"down": {"uv": [9, 6, 8.5, 6.25], "texture": "#0"}
			}
		},
		{
			"from": [8, 18, 7],
			"to": [31, 20, 9],
			"rotation": {"angle": 0, "axis": "y", "origin": [1, 0, 0]},
			"faces": {
				"north": {"uv": [6.125, 4.875, 9, 5.125], "texture": "#0"},
				"east": {"uv": [0.625, 7.125, 0.875, 7.375], "texture": "#0"},
				"south": {"uv": [7, 2.75, 9.875, 3], "texture": "#0"},
				"west": {"uv": [3, 7.125, 3.25, 7.375], "texture": "#0"},
				"up": {"uv": [5.125, 7.75, 2.25, 7.5], "texture": "#0"},
				"down": {"uv": [10.375, 5.125, 7.5, 5.375], "texture": "#0"}
			}
		},
		{
			"from": [29, 18, 6],
			"to": [31, 19, 7],
			"rotation": {"angle": 0, "axis": "y", "origin": [-29, 17, 0]},
			"faces": {
				"north": {"uv": [3, 2.875, 3.25, 3], "texture": "#0"},
				"east": {"uv": [0.875, 7.375, 1, 7.5], "texture": "#0"},
				"south": {"uv": [3.25, 2.875, 3.5, 3], "texture": "#0"},
				"west": {"uv": [7.375, 5.125, 7.5, 5.25], "texture": "#0"},
				"up": {"uv": [6.375, 5.25, 6.125, 5.125], "texture": "#0"},
				"down": {"uv": [6.625, 5.125, 6.375, 5.25], "texture": "#0"}
			}
		},
		{
			"from": [29, 17, 7],
			"to": [31, 18, 9],
			"rotation": {"angle": 0, "axis": "y", "origin": [-29, 17, 0]},
			"faces": {
				"north": {"uv": [6.625, 5.125, 6.875, 5.25], "texture": "#0"},
				"east": {"uv": [6.875, 5.125, 7.125, 5.25], "texture": "#0"},
				"south": {"uv": [7.125, 5.125, 7.375, 5.25], "texture": "#0"},
				"west": {"uv": [3, 7.375, 3.25, 7.5], "texture": "#0"},
				"up": {"uv": [5.25, 7.5, 5, 7.25], "texture": "#0"},
				"down": {"uv": [6.75, 7.25, 6.5, 7.5], "texture": "#0"}
			}
		},
		{
			"from": [31, 18, 7],
			"to": [32, 20, 9],
			"rotation": {"angle": 0, "axis": "y", "origin": [-29, 17, 0]},
			"faces": {
				"north": {"uv": [6, 3, 6.125, 3.25], "texture": "#0"},
				"east": {"uv": [0.625, 7.375, 0.875, 7.625], "texture": "#0"},
				"south": {"uv": [6.75, 7, 6.875, 7.25], "texture": "#0"},
				"west": {"uv": [6.5, 7.5, 6.75, 7.75], "texture": "#0"},
				"up": {"uv": [1, 7.375, 0.875, 7.125], "texture": "#0"},
				"down": {"uv": [6.875, 7.25, 6.75, 7.5], "texture": "#0"}
			}
		},
		{
			"from": [29, 18, 9],
			"to": [31, 19, 10],
			"rotation": {"angle": 0, "axis": "y", "origin": [-29, 17, 0]},
			"faces": {
				"north": {"uv": [7.75, 4.75, 8, 4.875], "texture": "#0"},
				"east": {"uv": [0.875, 7.5, 1, 7.625], "texture": "#0"},
				"south": {"uv": [8, 4.75, 8.25, 4.875], "texture": "#0"},
				"west": {"uv": [5.125, 7.5, 5.25, 7.625], "texture": "#0"},
				"up": {"uv": [0.875, 8.25, 0.625, 8.125], "texture": "#0"},
				"down": {"uv": [8.5, 4.75, 8.25, 4.875], "texture": "#0"}
			}
		}
	],
	"display": {
		"thirdperson_righthand": {
			"scale": [0.5, 0.5, 0.5]
		},
		"thirdperson_lefthand": {
			"scale": [0.5, 0.5, 0.5]
		},
		"firstperson_righthand": {
			"scale": [0.5, 0.5, 0.5]
		},
		"firstperson_lefthand": {
			"scale": [0.5, 0.5, 0.5]
		},
		"gui": {
			"translation": [-3.25, 1, 0],
			"scale": [0.3, 0.3, 0.3]
		},
		"fixed": {
			"rotation": [-90, 0, 0],
			"translation": [-48, 0, -47],
			"scale": [2, 2, 2]
		}
	},
	"groups": [
		{
			"name": "hexadecagon",
			"origin": [8, 8, 8],
			"color": 0,
			"children": [0, 1, 2, 3, 4]
		},
		{
			"name": "Wall",
			"origin": [0, 0, 0],
			"color": 0,
			"children": [5, 6, 7, 8, 9, 10, 11, 12, 13, 14, 15, 16]
		},
		17,
		{
			"name": "Cup",
			"origin": [8, 8, 8],
			"color": 0,
			"children": [18, 19, 20, 21]
		}
	]
}