{
	"credit": "Made with Blockbench",
	"texture_size": [64, 64],
	"textures": {
		"1": "block/dressage_fence"
	},
	"elements": [
		{
			"from": [-13, -2.67878, 3.53284],
			"to": [-11, 5.32122, 4.53284],
			"rotation": {"angle": 22.5, "axis": "x", "origin": [8, 0, 11]},
			"faces": {
				"north": {"uv": [1, 3, 1.5, 5], "texture": "#1"},
				"east": {"uv": [1.25, 5, 1.5, 7], "texture": "#1"},
				"south": {"uv": [1.5, 3, 2, 5], "texture": "#1"},
				"west": {"uv": [1, 5, 1.25, 7], "texture": "#1"},
				"up": {"uv": [5, 5.5, 4.75, 5], "rotation": 270, "texture": "#1"},
				"down": {"uv": [3.25, 5.25, 3, 5.75], "rotation": 90, "texture": "#1"}
			}
		},
		{
			"from": [-13, 0.36147, 10.10896],
			"to": [-11, 8.36147, 11.10896],
			"rotation": {"angle": -22.5, "axis": "x", "origin": [8, 0, 11]},
			"faces": {
				"north": {"uv": [3, 3, 3.5, 5], "texture": "#1"},
				"east": {"uv": [2.25, 5, 2.5, 7], "texture": "#1"},
				"south": {"uv": [3.5, 3, 4, 5], "texture": "#1"},
				"west": {"uv": [2, 5, 2.25, 7], "texture": "#1"},
				"up": {"uv": [4, 5.75, 3.75, 5.25], "rotation": 270, "texture": "#1"},
				"down": {"uv": [5.5, 3.75, 5.25, 4.25], "rotation": 90, "texture": "#1"}
			}
		},
		{
			"from": [27, -2.67878, 3.53284],
			"to": [29, 5.32122, 4.53284],
			"rotation": {"angle": 22.5, "axis": "x", "origin": [8, 0, 11]},
			"faces": {
				"north": {"uv": [2, 3, 2.5, 5], "texture": "#1"},
				"east": {"uv": [1.75, 5, 2, 7], "texture": "#1"},
				"south": {"uv": [2.5, 3, 3, 5], "texture": "#1"},
				"west": {"uv": [1.5, 5, 1.75, 7], "texture": "#1"},
				"up": {"uv": [3.5, 5.75, 3.25, 5.25], "rotation": 270, "texture": "#1"},
				"down": {"uv": [3.75, 5.25, 3.5, 5.75], "rotation": 90, "texture": "#1"}
			}
		},
		{
			"from": [27, 0.36147, 10.10896],
			"to": [29, 8.36147, 11.10896],
			"rotation": {"angle": -22.5, "axis": "x", "origin": [8, 0, 11]},
			"faces": {
				"north": {"uv": [4, 3, 4.5, 5], "texture": "#1"},
				"east": {"uv": [2.75, 5, 3, 7], "texture": "#1"},
				"south": {"uv": [4.5, 3, 5, 5], "texture": "#1"},
				"west": {"uv": [2.5, 5, 2.75, 7], "texture": "#1"},
				"up": {"uv": [4.25, 5.75, 4, 5.25], "rotation": 270, "texture": "#1"},
				"down": {"uv": [5.5, 4.25, 5.25, 4.75], "rotation": 90, "texture": "#1"}
			}
		},
		{
			"from": [-15, -1.67878, 2.53284],
			"to": [31, 0.82122, 3.53284],
			"rotation": {"angle": 22.5, "axis": "x", "origin": [8, 0, 11]},
			"faces": {
				"north": {"uv": [0, 0.75, 12, 1.5], "texture": "#1"},
				"east": {"uv": [5, 3.75, 5.25, 4.5], "texture": "#1"},
				"south": {"uv": [0, 0, 12, 0.75], "texture": "#1"},
				"west": {"uv": [4.25, 5, 4.5, 5.75], "texture": "#1"},
				"up": {"uv": [0.25, 15, 0, 3], "rotation": 90, "texture": "#1"},
				"down": {"uv": [0.5, 3, 0.25, 15], "rotation": 270, "texture": "#1"}
			}
		},
		{
			"from": [-15, 2.02122, 2.53284],
			"to": [31, 4.52122, 3.53284],
			"rotation": {"angle": 22.5, "axis": "x", "origin": [8, 0, 11]},
			"faces": {
				"north": {"uv": [0, 2.25, 12, 3], "texture": "#1"},
				"east": {"uv": [4.5, 5, 4.75, 5.75], "texture": "#1"},
				"south": {"uv": [0, 1.5, 12, 2.25], "texture": "#1"},
				"west": {"uv": [5, 4.5, 5.25, 5.25], "texture": "#1"},
				"up": {"uv": [0.75, 15, 0.5, 3], "rotation": 90, "texture": "#1"},
				"down": {"uv": [1, 3, 0.75, 15], "rotation": 270, "texture": "#1"}
			}
		},
		{
			"from": [-12, 2, 4.5],
			"to": [-12, 3, 9.5],
			"rotation": {"angle": 0, "axis": "y", "origin": [8, 0, 8]},
			"faces": {
				"north": {"uv": [0, 0, 0, 0.25], "texture": "#1"},
				"east": {"uv": [5, 3, 6.25, 3.25], "texture": "#1"},
				"south": {"uv": [0, 0, 0, 0.25], "texture": "#1"},
				"west": {"uv": [3, 5, 4.25, 5.25], "texture": "#1"},
				"up": {"uv": [1.25, 0, 0, 0], "rotation": 270, "texture": "#1"},
				"down": {"uv": [1.25, 0, 0, 0], "rotation": 90, "texture": "#1"}
			}
		},
		{
			"from": [28, 2, 4.5],
			"to": [28, 3, 9.5],
			"rotation": {"angle": 0, "axis": "y", "origin": [8, 0, 8]},
			"faces": {
				"north": {"uv": [0, 0, 0, 0.25], "texture": "#1"},
				"east": {"uv": [5, 3.5, 6.25, 3.75], "texture": "#1"},
				"south": {"uv": [0, 0, 0, 0.25], "texture": "#1"},
				"west": {"uv": [5, 3.25, 6.25, 3.5], "texture": "#1"},
				"up": {"uv": [1.25, 0, 0, 0], "rotation": 270, "texture": "#1"},
				"down": {"uv": [1.25, 0, 0, 0], "rotation": 90, "texture": "#1"}
			}
		}
	],
	"display": {
		"thirdperson_righthand": {
			"rotation": [90, 0, 0],
			"scale": [0.3, 0.3, 0.3]
		},
		"thirdperson_lefthand": {
			"rotation": [90, 0, 0],
			"scale": [0.3, 0.3, 0.3]
		},
		"firstperson_righthand": {
			"scale": [0.3, 0.3, 0.3]
		},
		"firstperson_lefthand": {
			"scale": [0.3, 0.3, 0.3]
		},
		"gui": {
			"rotation": [0, 147, 0],
			"translation": [0, 0.5, 0],
			"scale": [0.3, 0.5, 0.5]
		},
		"fixed": {
			"rotation": [-90, 0, 0],
			"translation": [0, 0, -15],
			"scale": [2, 2, 2]
		}
	},
	"groups": [
		{
			"name": "bone",
			"origin": [0, 0, 0],
			"color": 0,
			"children": [0, 1, 2, 3, 4, 5, 6, 7]
		}
	]
}