{
	"credit": "Made with Blockbench",
	"texture_size": [128, 64],
	"textures": {
		"3": "block/duck_jump_stand"
	},
	"elements": [
		{
			"name": "Ball2",
			"from": [1, 31, 7],
			"to": [3, 32, 9],
			"faces": {
				"north": {"uv": [4, 11.5, 4.5, 12], "texture": "#3"},
				"east": {"uv": [4.5, 11.5, 5, 12], "texture": "#3"},
				"south": {"uv": [5, 11.5, 5.5, 12], "texture": "#3"},
				"west": {"uv": [5.5, 11.5, 6, 12], "texture": "#3"},
				"up": {"uv": [6, 4, 5.5, 3], "texture": "#3"},
				"down": {"uv": [6, 4.5, 5.5, 5.5], "texture": "#3"}
			}
		},
		{
			"name": "Ball4",
			"from": [0, 29, 7],
			"to": [4, 31, 9],
			"faces": {
				"north": {"uv": [4, 8.5, 5, 9.5], "texture": "#3"},
				"east": {"uv": [5.5, 1, 6, 2], "texture": "#3"},
				"south": {"uv": [4.5, 0, 5.5, 1], "texture": "#3"},
				"west": {"uv": [5.5, 2, 6, 3], "texture": "#3"},
				"up": {"uv": [5.5, 2, 4.5, 1], "texture": "#3"},
				"down": {"uv": [5.5, 2, 4.5, 3], "texture": "#3"}
			}
		},
		{
			"name": "Ball3",
			"from": [1, 29, 6],
			"to": [3, 31, 10],
			"faces": {
				"north": {"uv": [5, 10.5, 5.5, 11.5], "texture": "#3"},
				"east": {"uv": [4, 6.5, 5, 7.5], "texture": "#3"},
				"south": {"uv": [5.5, 0, 6, 1], "texture": "#3"},
				"west": {"uv": [4, 7.5, 5, 8.5], "texture": "#3"},
				"up": {"uv": [3.5, 10.5, 3, 8.5], "texture": "#3"},
				"down": {"uv": [4, 8.5, 3.5, 10.5], "texture": "#3"}
			}
		},
		{
			"name": "Ball1",
			"from": [1, 28, 7],
			"to": [3, 29, 9],
			"faces": {
				"north": {"uv": [5.5, 11, 6, 11.5], "texture": "#3"},
				"east": {"uv": [2.5, 11.5, 3, 12], "texture": "#3"},
				"south": {"uv": [3, 11.5, 3.5, 12], "texture": "#3"},
				"west": {"uv": [3.5, 11.5, 4, 12], "texture": "#3"},
				"up": {"uv": [4.5, 11.5, 4, 10.5], "texture": "#3"},
				"down": {"uv": [5, 10.5, 4.5, 11.5], "texture": "#3"}
			}
		},
		{
			"from": [-1, 27, 6],
			"to": [5, 28, 10],
			"faces": {
				"north": {"uv": [5, 6, 6.5, 6.5], "texture": "#3"},
				"east": {"uv": [3, 11, 4, 11.5], "texture": "#3"},
				"south": {"uv": [5, 6.5, 6.5, 7], "texture": "#3"},
				"west": {"uv": [5.5, 7, 6.5, 7.5], "texture": "#3"},
				"up": {"uv": [4.5, 2, 3, 0], "texture": "#3"},
				"down": {"uv": [4.5, 2, 3, 4], "texture": "#3"}
			}
		},
		{
			"from": [0, 27, 5],
			"to": [4, 28, 11],
			"faces": {
				"north": {"uv": [5, 10, 6, 10.5], "texture": "#3"},
				"east": {"uv": [3, 5.5, 4.5, 6], "texture": "#3"},
				"south": {"uv": [3, 10.5, 4, 11], "texture": "#3"},
				"west": {"uv": [4.5, 5.5, 6, 6], "texture": "#3"},
				"up": {"uv": [3, 3, 2, 0], "texture": "#3"},
				"down": {"uv": [3, 3, 2, 6], "texture": "#3"}
			}
		},
		{
			"from": [0, 26, 7],
			"to": [4, 27, 9],
			"faces": {
				"north": {"uv": [5.5, 7.5, 6.5, 8], "texture": "#3"},
				"east": {"uv": [6, 0, 6.5, 0.5], "texture": "#3"},
				"south": {"uv": [5.5, 8, 6.5, 8.5], "texture": "#3"},
				"west": {"uv": [6, 0.5, 6.5, 1], "texture": "#3"},
				"up": {"uv": [5.5, 4, 4.5, 3], "texture": "#3"},
				"down": {"uv": [5, 9.5, 4, 10.5], "texture": "#3"}
			}
		},
		{
			"from": [1, 26, 6],
			"to": [3, 27, 10],
			"faces": {
				"north": {"uv": [5.5, 8.5, 6, 9], "texture": "#3"},
				"east": {"uv": [5, 9, 6, 9.5], "texture": "#3"},
				"south": {"uv": [5.5, 10.5, 6, 11], "texture": "#3"},
				"west": {"uv": [5, 9.5, 6, 10], "texture": "#3"},
				"up": {"uv": [3.5, 8.5, 3, 6.5], "texture": "#3"},
				"down": {"uv": [4, 6.5, 3.5, 8.5], "texture": "#3"}
			}
		},
		{
			"from": [0, 0, 2],
			"to": [1, 1, 14],
			"rotation": {"angle": 0, "axis": "y", "origin": [0.5, 0.5, 8.5]},
			"faces": {
				"north": {"uv": [6, 1, 6.25, 1.5], "texture": "#3"},
				"east": {"uv": [2, 6, 5, 6.5], "texture": "#3"},
				"south": {"uv": [6, 1.5, 6.25, 2], "texture": "#3"},
				"west": {"uv": [3, 4, 6, 4.5], "texture": "#3"},
				"up": {"uv": [2.25, 12.5, 2, 6.5], "texture": "#3"},
				"down": {"uv": [2.5, 6.5, 2.25, 12.5], "texture": "#3"}
			}
		},
		{
			"from": [0, 1, 3],
			"to": [1, 2, 13],
			"rotation": {"angle": 0, "axis": "y", "origin": [0.5, 0.5, 8.5]},
			"faces": {
				"north": {"uv": [6, 2, 6.25, 2.5], "texture": "#3"},
				"east": {"uv": [3, 4.5, 5.5, 5], "texture": "#3"},
				"south": {"uv": [6, 2.5, 6.25, 3], "texture": "#3"},
				"west": {"uv": [3, 5, 5.5, 5.5], "texture": "#3"},
				"up": {"uv": [2.75, 11.5, 2.5, 6.5], "texture": "#3"},
				"down": {"uv": [3, 6.5, 2.75, 11.5], "texture": "#3"}
			}
		},
		{
			"from": [1, 0, 7],
			"to": [3, 26, 9],
			"rotation": {"angle": 0, "axis": "y", "origin": [7.5, 0, 7.5]},
			"faces": {
				"north": {"uv": [0, 0, 0.5, 13], "texture": "#3"},
				"east": {"uv": [0.5, 0, 1, 13], "texture": "#3"},
				"south": {"uv": [1, 0, 1.5, 13], "texture": "#3"},
				"west": {"uv": [1.5, 0, 2, 13], "texture": "#3"},
				"up": {"uv": [5.5, 8, 5, 7], "texture": "#3"},
				"down": {"uv": [5.5, 8, 5, 9], "texture": "#3"}
			}
		},
		{
			"from": [3, 4, 7],
			"to": [23, 6, 9],
			"rotation": {"angle": 0, "axis": "y", "origin": [-8, 0, -8]},
			"faces": {
				"north": {"uv": [11.25, 0, 13.75, 0.5], "texture": "#3"},
				"east": {"uv": [11.5, 7, 11.75, 7.5], "texture": "#3"},
				"south": {"uv": [11.25, 0.5, 13.75, 1], "texture": "#3"},
				"west": {"uv": [11.75, 3, 12, 3.5], "texture": "#3"},
				"up": {"uv": [13.75, 1.5, 11.25, 1], "texture": "#3"},
				"down": {"uv": [13.75, 1.5, 11.25, 2], "texture": "#3"}
			}
		},
		{
			"from": [16, 0, 7],
			"to": [18, 4, 9],
			"rotation": {"angle": 0, "axis": "y", "origin": [-8, 0, -8]},
			"faces": {
				"north": {"uv": [11.5, 3, 11.75, 4], "texture": "#3"},
				"east": {"uv": [11.5, 4, 11.75, 5], "texture": "#3"},
				"south": {"uv": [11.5, 5, 11.75, 6], "texture": "#3"},
				"west": {"uv": [11.5, 6, 11.75, 7], "texture": "#3"},
				"up": {"uv": [12, 4, 11.75, 3.5], "texture": "#3"},
				"down": {"uv": [12, 4, 11.75, 4.5], "texture": "#3"}
			}
		},
		{
			"from": [18, 1, 3],
			"to": [19, 2, 13],
			"rotation": {"angle": 0, "axis": "y", "origin": [-7.5, 0.5, 0.5]},
			"faces": {
				"north": {"uv": [11.75, 4.5, 11.875, 4.75], "texture": "#3"},
				"east": {"uv": [11.375, 2.5, 12.625, 2.75], "texture": "#3"},
				"south": {"uv": [11.75, 4.75, 11.875, 5], "texture": "#3"},
				"west": {"uv": [11.375, 2.75, 12.625, 3], "texture": "#3"},
				"up": {"uv": [11.5, 5.5, 11.375, 3], "texture": "#3"},
				"down": {"uv": [11.5, 5.5, 11.375, 8], "texture": "#3"}
			}
		},
		{
			"from": [18, 0, 2],
			"to": [19, 1, 14],
			"rotation": {"angle": 0, "axis": "y", "origin": [-7.5, 0.5, 0.5]},
			"faces": {
				"north": {"uv": [11.75, 5, 11.875, 5.25], "texture": "#3"},
				"east": {"uv": [11.25, 2, 12.75, 2.25], "texture": "#3"},
				"south": {"uv": [11.75, 5.25, 11.875, 5.5], "texture": "#3"},
				"west": {"uv": [11.25, 2.25, 12.75, 2.5], "texture": "#3"},
				"up": {"uv": [11.375, 5.5, 11.25, 2.5], "texture": "#3"},
				"down": {"uv": [11.375, 5.5, 11.25, 8.5], "texture": "#3"}
			}
		},
		{
			"name": "Duck",
			"from": [3, 6, 8],
			"to": [29, 28, 8],
			"rotation": {"angle": 0, "axis": "y", "origin": [-8, 0, -8]},
			"faces": {
				"north": {"uv": [8, 0, 11.25, 5.5], "texture": "#3"},
				"east": {"uv": [8, 0, 8, 5.5], "texture": "#3"},
				"south": {"uv": [8, 5.5, 11.25, 11], "texture": "#3"},
				"west": {"uv": [8, 0, 8, 5.5], "texture": "#3"},
				"up": {"uv": [11.25, 0, 8, 0], "texture": "#3"},
				"down": {"uv": [11.25, 0, 8, 0], "texture": "#3"}
			}
		}
	],
	"display": {
		"thirdperson_righthand": {
			"scale": [0.3, 0.3, 0.3]
		},
		"thirdperson_lefthand": {
			"scale": [0.3, 0.3, 0.3]
		},
		"firstperson_righthand": {
			"scale": [0.3, 0.3, 0.3]
		},
		"firstperson_lefthand": {
			"scale": [0.3, 0.3, 0.3]
		},
		"ground": {
			"translation": [0, 4.5, 0]
		},
		"gui": {
			"rotation": [0, 180, 0],
			"translation": [1.75, -3.25, 0],
			"scale": [0.4, 0.4, 0.4]
		},
		"fixed": {
			"rotation": [-90, 0, 0],
			"translation": [0, 0, -15],
			"scale": [2, 2, 2]
		}
	},
	"groups": [
		{
			"name": "bone",
			"origin": [0, 0, 0],
			"color": 0,
			"children": [
				{
					"name": "Ball",
					"origin": [0, 0, 0],
					"color": 0,
					"children": [0, 1, 2, 3]
				},
				{
					"name": "Podest",
					"origin": [0, 0, 0],
					"color": 0,
					"children": [4, 5, 6, 7]
				},
				{
					"name": "group",
					"origin": [8, 8, 8],
					"color": 0,
					"children": [8, 9, 10]
				}
			]
		},
		{
			"name": "Stand",
			"origin": [0, 0, 0],
			"color": 0,
			"children": [
				11,
				12,
				13,
				14,
				{
					"name": "bone",
					"origin": [0, 0, 0],
					"color": 0,
					"children": [15]
				}
			]
		}
	]
}