{
	"credit": "Made with Blockbench",
	"texture_size": [32, 32],
	"textures": {
		"1": "block/duck_jump_pole_side"
	},
	"elements": [
		{
			"from": [0, 22, 9],
			"to": [2, 23, 10],
			"rotation": {"angle": 0, "axis": "y", "origin": [46, 17, 0]},
			"faces": {
				"north": {"uv": [2, 11.5, 1, 12], "texture": "#1"},
				"east": {"uv": [10.5, 13, 10, 13.5], "texture": "#1"},
				"south": {"uv": [3, 11.5, 2, 12], "texture": "#1"},
				"west": {"uv": [10, 13, 9.5, 13.5], "texture": "#1"},
				"up": {"uv": [3, 12, 4, 11.5], "texture": "#1"},
				"down": {"uv": [4, 11.5, 5, 12], "texture": "#1"}
			}
		},
		{
			"from": [-1, 22, 7],
			"to": [0, 24, 9],
			"rotation": {"angle": 0, "axis": "y", "origin": [46, 17, 0]},
			"faces": {
				"north": {"uv": [7.5, 8, 7, 9], "texture": "#1"},
				"east": {"uv": [10.5, 6, 9.5, 7], "texture": "#1"},
				"south": {"uv": [11.5, 11, 11, 12], "texture": "#1"},
				"west": {"uv": [7, 9.5, 6, 10.5], "texture": "#1"},
				"up": {"uv": [0, 12.5, 0.5, 11.5], "texture": "#1"},
				"down": {"uv": [0.5, 11.5, 1, 12.5], "texture": "#1"}
			}
		},
		{
			"from": [0, 21, 7],
			"to": [2, 22, 9],
			"rotation": {"angle": 0, "axis": "y", "origin": [46, 17, 0]},
			"faces": {
				"north": {"uv": [12, 9.5, 11, 10], "texture": "#1"},
				"east": {"uv": [12, 10.5, 11, 11], "texture": "#1"},
				"south": {"uv": [12, 10, 11, 10.5], "texture": "#1"},
				"west": {"uv": [11, 11, 10, 11.5], "texture": "#1"},
				"up": {"uv": [5, 10, 6, 9], "texture": "#1"},
				"down": {"uv": [7, 9, 8, 10], "texture": "#1"}
			}
		},
		{
			"from": [0, 22, 6],
			"to": [2, 23, 7],
			"rotation": {"angle": 0, "axis": "y", "origin": [46, 17, 0]},
			"faces": {
				"north": {"uv": [10, 10.5, 9, 11], "texture": "#1"},
				"east": {"uv": [10, 7, 9.5, 7.5], "texture": "#1"},
				"south": {"uv": [8, 11, 7, 11.5], "texture": "#1"},
				"west": {"uv": [8.5, 9, 8, 9.5], "texture": "#1"},
				"up": {"uv": [9, 11.5, 10, 11], "texture": "#1"},
				"down": {"uv": [11, 9, 12, 9.5], "texture": "#1"}
			}
		},
		{
			"from": [0, 22, 7],
			"to": [16, 24, 9],
			"rotation": {"angle": 0, "axis": "y", "origin": [46, 0, -1]},
			"faces": {
				"north": {"uv": [7.5, 6, 0, 7], "texture": "#1"},
				"east": {"uv": [5, 9, 4, 10], "texture": "#1"},
				"south": {"uv": [7.5, 7, 0, 8], "texture": "#1"},
				"west": {"uv": [4, 9, 3, 10], "texture": "#1"},
				"up": {"uv": [7, 1, 14.5, 0], "texture": "#1"},
				"down": {"uv": [7, 1, 14.5, 2], "texture": "#1"}
			}
		},
		{
			"from": [1, 10, 7],
			"to": [16, 13, 9],
			"rotation": {"angle": 0, "axis": "y", "origin": [8.5, 7.5, 8]},
			"faces": {
				"north": {"uv": [7, 1.5, 0, 3], "texture": "#1"},
				"east": {"uv": [8.5, 6, 7.5, 7.5], "texture": "#1"},
				"south": {"uv": [7, 0, 0, 1.5], "texture": "#1"},
				"west": {"uv": [8.5, 7.5, 7.5, 9], "texture": "#1"},
				"up": {"uv": [7, 3, 14, 2], "rotation": 180, "texture": "#1"},
				"down": {"uv": [7, 3, 14, 4], "rotation": 180, "texture": "#1"}
			}
		},
		{
			"from": [13, 13, 7],
			"to": [16, 14, 9],
			"rotation": {"angle": 0, "axis": "y", "origin": [16, 0, 0]},
			"faces": {
				"north": {"uv": [1.5, 11, 0, 11.5], "texture": "#1"},
				"east": {"uv": [7, 11.5, 6, 12], "texture": "#1"},
				"south": {"uv": [3, 11, 1.5, 11.5], "texture": "#1"},
				"west": {"uv": [6, 11.5, 5, 12], "texture": "#1"},
				"up": {"uv": [0, 9, 1.5, 8], "texture": "#1"},
				"down": {"uv": [1.5, 8, 3, 9], "texture": "#1"}
			}
		},
		{
			"from": [1, 13, 7],
			"to": [4, 14, 9],
			"rotation": {"angle": 0, "axis": "y", "origin": [16, 0, 0]},
			"faces": {
				"north": {"uv": [4.5, 11, 3, 11.5], "texture": "#1"},
				"east": {"uv": [12.5, 6.5, 11.5, 7], "texture": "#1"},
				"south": {"uv": [6, 11, 4.5, 11.5], "texture": "#1"},
				"west": {"uv": [12.5, 6, 11.5, 6.5], "texture": "#1"},
				"up": {"uv": [3, 9, 4.5, 8], "texture": "#1"},
				"down": {"uv": [4.5, 8, 6, 9], "texture": "#1"}
			}
		},
		{
			"from": [1, 14, 7],
			"to": [3, 15, 9],
			"rotation": {"angle": 0, "axis": "y", "origin": [16, 0, 0]},
			"faces": {
				"north": {"uv": [12.5, 11, 11.5, 11.5], "texture": "#1"},
				"east": {"uv": [3, 12, 2, 12.5], "texture": "#1"},
				"south": {"uv": [2, 12, 1, 12.5], "texture": "#1"},
				"west": {"uv": [12.5, 11.5, 11.5, 12], "texture": "#1"},
				"up": {"uv": [0, 11, 1, 10], "texture": "#1"},
				"down": {"uv": [1, 10, 2, 11], "texture": "#1"}
			}
		},
		{
			"from": [14, 14, 7],
			"to": [16, 15, 9],
			"rotation": {"angle": 0, "axis": "y", "origin": [16, 0, 0]},
			"faces": {
				"north": {"uv": [8, 11.5, 7, 12], "texture": "#1"},
				"east": {"uv": [11, 11.5, 10, 12], "texture": "#1"},
				"south": {"uv": [10, 11.5, 9, 12], "texture": "#1"},
				"west": {"uv": [9, 11.5, 8, 12], "texture": "#1"},
				"up": {"uv": [8, 10.5, 9, 9.5], "texture": "#1"},
				"down": {"uv": [9, 9.5, 10, 10.5], "texture": "#1"}
			}
		},
		{
			"from": [1, 15, 7],
			"to": [2, 16, 9],
			"rotation": {"angle": 0, "axis": "y", "origin": [16, 0, 0]},
			"faces": {
				"north": {"uv": [13.5, 10, 13, 10.5], "texture": "#1"},
				"east": {"uv": [5, 12, 4, 12.5], "texture": "#1"},
				"south": {"uv": [13.5, 10.5, 13, 11], "texture": "#1"},
				"west": {"uv": [4, 12, 3, 12.5], "texture": "#1"},
				"up": {"uv": [5, 13, 5.5, 12], "texture": "#1"},
				"down": {"uv": [5.5, 12, 6, 13], "texture": "#1"}
			}
		},
		{
			"from": [15, 15, 7],
			"to": [16, 16, 9],
			"rotation": {"angle": 0, "axis": "y", "origin": [16, 0, 0]},
			"faces": {
				"north": {"uv": [12, 13, 11.5, 13.5], "texture": "#1"},
				"east": {"uv": [8, 12, 7, 12.5], "texture": "#1"},
				"south": {"uv": [12.5, 13, 12, 13.5], "texture": "#1"},
				"west": {"uv": [7, 12, 6, 12.5], "texture": "#1"},
				"up": {"uv": [8, 13, 8.5, 12], "texture": "#1"},
				"down": {"uv": [8.5, 12, 9, 13], "texture": "#1"}
			}
		},
		{
			"from": [0, 14, 7],
			"to": [1, 16, 9],
			"rotation": {"angle": 0, "axis": "y", "origin": [16, 0, 0]},
			"faces": {
				"north": {"uv": [9.5, 12, 9, 13], "texture": "#1"},
				"east": {"uv": [4, 10, 3, 11], "texture": "#1"},
				"south": {"uv": [12.5, 9, 12, 10], "texture": "#1"},
				"west": {"uv": [3, 10, 2, 11], "texture": "#1"},
				"up": {"uv": [9.5, 13, 10, 12], "texture": "#1"},
				"down": {"uv": [10, 12, 10.5, 13], "texture": "#1"}
			}
		},
		{
			"from": [1, 2, 7],
			"to": [16, 5, 9],
			"rotation": {"angle": 0, "axis": "y", "origin": [8.5, 7.5, 8]},
			"faces": {
				"north": {"uv": [7, 4.5, 0, 6], "texture": "#1"},
				"east": {"uv": [7, 8, 6, 9.5], "texture": "#1"},
				"south": {"uv": [7, 3, 0, 4.5], "texture": "#1"},
				"west": {"uv": [9.5, 6, 8.5, 7.5], "texture": "#1"},
				"up": {"uv": [7, 5, 14, 4], "rotation": 180, "texture": "#1"},
				"down": {"uv": [7, 5, 14, 6], "rotation": 180, "texture": "#1"}
			}
		},
		{
			"from": [13, 5, 7],
			"to": [16, 6, 9],
			"rotation": {"angle": 0, "axis": "y", "origin": [16, 0, 0]},
			"faces": {
				"north": {"uv": [12.5, 7, 11, 7.5], "texture": "#1"},
				"east": {"uv": [3, 12.5, 2, 13], "texture": "#1"},
				"south": {"uv": [12.5, 7.5, 11, 8], "texture": "#1"},
				"west": {"uv": [13, 10.5, 12, 11], "texture": "#1"},
				"up": {"uv": [8.5, 8.5, 10, 7.5], "texture": "#1"},
				"down": {"uv": [8.5, 8.5, 10, 9.5], "texture": "#1"}
			}
		},
		{
			"from": [1, 5, 7],
			"to": [4, 6, 9],
			"rotation": {"angle": 0, "axis": "y", "origin": [16, 0, 0]},
			"faces": {
				"north": {"uv": [12.5, 8, 11, 8.5], "texture": "#1"},
				"east": {"uv": [5, 12.5, 4, 13], "texture": "#1"},
				"south": {"uv": [12.5, 8.5, 11, 9], "texture": "#1"},
				"west": {"uv": [4, 12.5, 3, 13], "texture": "#1"},
				"up": {"uv": [0, 10, 1.5, 9], "texture": "#1"},
				"down": {"uv": [1.5, 9, 3, 10], "texture": "#1"}
			}
		},
		{
			"from": [1, 6, 7],
			"to": [3, 7, 9],
			"rotation": {"angle": 0, "axis": "y", "origin": [16, 0, 0]},
			"faces": {
				"north": {"uv": [7, 12.5, 6, 13], "texture": "#1"},
				"east": {"uv": [8, 12.5, 7, 13], "texture": "#1"},
				"south": {"uv": [13.5, 6.5, 12.5, 7], "texture": "#1"},
				"west": {"uv": [13.5, 6, 12.5, 6.5], "texture": "#1"},
				"up": {"uv": [7, 11, 8, 10], "texture": "#1"},
				"down": {"uv": [10, 7, 11, 8], "texture": "#1"}
			}
		},
		{
			"from": [14, 6, 7],
			"to": [16, 7, 9],
			"rotation": {"angle": 0, "axis": "y", "origin": [16, 0, 0]},
			"faces": {
				"north": {"uv": [13.5, 7, 12.5, 7.5], "texture": "#1"},
				"east": {"uv": [13.5, 8.5, 12.5, 9], "texture": "#1"},
				"south": {"uv": [13.5, 8, 12.5, 8.5], "texture": "#1"},
				"west": {"uv": [13.5, 7.5, 12.5, 8], "texture": "#1"},
				"up": {"uv": [10, 9, 11, 8], "texture": "#1"},
				"down": {"uv": [10, 9, 11, 10], "texture": "#1"}
			}
		},
		{
			"from": [1, 7, 7],
			"to": [2, 8, 9],
			"rotation": {"angle": 0, "axis": "y", "origin": [16, 0, 0]},
			"faces": {
				"north": {"uv": [14, 7, 13.5, 7.5], "texture": "#1"},
				"east": {"uv": [13.5, 9.5, 12.5, 10], "texture": "#1"},
				"south": {"uv": [14, 7.5, 13.5, 8], "texture": "#1"},
				"west": {"uv": [13.5, 9, 12.5, 9.5], "texture": "#1"},
				"up": {"uv": [10.5, 13.5, 11, 12.5], "texture": "#1"},
				"down": {"uv": [11, 12.5, 11.5, 13.5], "texture": "#1"}
			}
		},
		{
			"from": [15, 7, 7],
			"to": [16, 8, 9],
			"rotation": {"angle": 0, "axis": "y", "origin": [16, 0, 0]},
			"faces": {
				"north": {"uv": [14, 8, 13.5, 8.5], "texture": "#1"},
				"east": {"uv": [13.5, 11.5, 12.5, 12], "texture": "#1"},
				"south": {"uv": [14, 8.5, 13.5, 9], "texture": "#1"},
				"west": {"uv": [13.5, 11, 12.5, 11.5], "texture": "#1"},
				"up": {"uv": [12.5, 13, 13, 12], "texture": "#1"},
				"down": {"uv": [2, 13, 2.5, 14], "texture": "#1"}
			}
		},
		{
			"from": [0, 6, 7],
			"to": [1, 8, 9],
			"rotation": {"angle": 0, "axis": "y", "origin": [16, 0, 0]},
			"faces": {
				"north": {"uv": [3, 13, 2.5, 14], "texture": "#1"},
				"east": {"uv": [7, 10.5, 6, 11.5], "texture": "#1"},
				"south": {"uv": [3.5, 13, 3, 14], "texture": "#1"},
				"west": {"uv": [11, 10, 10, 11], "texture": "#1"},
				"up": {"uv": [3.5, 14, 4, 13], "texture": "#1"},
				"down": {"uv": [4, 13, 4.5, 14], "texture": "#1"}
			}
		},
		{
			"from": [0, 14, 6],
			"to": [1, 15, 7],
			"rotation": {"angle": 0, "axis": "y", "origin": [46, 17, 0]},
			"faces": {
				"north": {"uv": [13.5, 12, 13, 12.5], "texture": "#1"},
				"east": {"uv": [13.5, 13, 13, 13.5], "texture": "#1"},
				"south": {"uv": [13.5, 12.5, 13, 13], "texture": "#1"},
				"west": {"uv": [13, 13, 12.5, 13.5], "texture": "#1"},
				"up": {"uv": [0, 14, 0.5, 13.5], "texture": "#1"},
				"down": {"uv": [0.5, 13.5, 1, 14], "texture": "#1"}
			}
		},
		{
			"from": [0, 13, 7],
			"to": [1, 14, 9],
			"rotation": {"angle": 0, "axis": "y", "origin": [46, 17, 0]},
			"faces": {
				"north": {"uv": [1.5, 13.5, 1, 14], "texture": "#1"},
				"east": {"uv": [11.5, 12, 10.5, 12.5], "texture": "#1"},
				"south": {"uv": [2, 13.5, 1.5, 14], "texture": "#1"},
				"west": {"uv": [13, 10, 12, 10.5], "texture": "#1"},
				"up": {"uv": [11.5, 13, 12, 12], "texture": "#1"},
				"down": {"uv": [12, 12, 12.5, 13], "texture": "#1"}
			}
		},
		{
			"from": [-1, 14, 7],
			"to": [0, 16, 9],
			"rotation": {"angle": 0, "axis": "y", "origin": [46, 17, 0]},
			"faces": {
				"north": {"uv": [0.5, 12.5, 0, 13.5], "texture": "#1"},
				"east": {"uv": [6, 10, 5, 11], "texture": "#1"},
				"south": {"uv": [1, 12.5, 0.5, 13.5], "texture": "#1"},
				"west": {"uv": [5, 10, 4, 11], "texture": "#1"},
				"up": {"uv": [1, 13.5, 1.5, 12.5], "texture": "#1"},
				"down": {"uv": [1.5, 12.5, 2, 13.5], "texture": "#1"}
			}
		},
		{
			"from": [0, 14, 9],
			"to": [1, 15, 10],
			"rotation": {"angle": 0, "axis": "y", "origin": [46, 17, 0]},
			"faces": {
				"north": {"uv": [5, 13.5, 4.5, 14], "texture": "#1"},
				"east": {"uv": [6.5, 13.5, 6, 14], "texture": "#1"},
				"south": {"uv": [6, 13.5, 5.5, 14], "texture": "#1"},
				"west": {"uv": [5.5, 13.5, 5, 14], "texture": "#1"},
				"up": {"uv": [13.5, 6.5, 14, 6], "texture": "#1"},
				"down": {"uv": [13.5, 6.5, 14, 7], "texture": "#1"}
			}
		},
		{
			"from": [0, 6, 6],
			"to": [1, 7, 7],
			"rotation": {"angle": 0, "axis": "y", "origin": [46, 17, 0]},
			"faces": {
				"north": {"uv": [14, 9, 13.5, 9.5], "texture": "#1"},
				"east": {"uv": [10.5, 13.5, 10, 14], "texture": "#1"},
				"south": {"uv": [14, 9.5, 13.5, 10], "texture": "#1"},
				"west": {"uv": [10, 13.5, 9.5, 14], "texture": "#1"},
				"up": {"uv": [13.5, 10.5, 14, 10], "texture": "#1"},
				"down": {"uv": [10.5, 13.5, 11, 14], "texture": "#1"}
			}
		},
		{
			"from": [0, 5, 7],
			"to": [1, 6, 9],
			"rotation": {"angle": 0, "axis": "y", "origin": [46, 17, 0]},
			"faces": {
				"north": {"uv": [14, 10.5, 13.5, 11], "texture": "#1"},
				"east": {"uv": [6.5, 13, 5.5, 13.5], "texture": "#1"},
				"south": {"uv": [11.5, 13.5, 11, 14], "texture": "#1"},
				"west": {"uv": [5.5, 13, 4.5, 13.5], "texture": "#1"},
				"up": {"uv": [6.5, 14, 7, 13], "texture": "#1"},
				"down": {"uv": [7, 13, 7.5, 14], "texture": "#1"}
			}
		},
		{
			"from": [-1, 6, 7],
			"to": [0, 8, 9],
			"rotation": {"angle": 0, "axis": "y", "origin": [46, 17, 0]},
			"faces": {
				"north": {"uv": [8, 13, 7.5, 14], "texture": "#1"},
				"east": {"uv": [9, 10.5, 8, 11.5], "texture": "#1"},
				"south": {"uv": [8.5, 13, 8, 14], "texture": "#1"},
				"west": {"uv": [11.5, 6, 10.5, 7], "texture": "#1"},
				"up": {"uv": [8.5, 14, 9, 13], "texture": "#1"},
				"down": {"uv": [9, 13, 9.5, 14], "texture": "#1"}
			}
		},
		{
			"from": [0, 6, 9],
			"to": [1, 7, 10],
			"rotation": {"angle": 0, "axis": "y", "origin": [46, 17, 0]},
			"faces": {
				"north": {"uv": [14, 11, 13.5, 11.5], "texture": "#1"},
				"east": {"uv": [12.5, 13.5, 12, 14], "texture": "#1"},
				"south": {"uv": [14, 11.5, 13.5, 12], "texture": "#1"},
				"west": {"uv": [12, 13.5, 11.5, 14], "texture": "#1"},
				"up": {"uv": [13.5, 12.5, 14, 12], "texture": "#1"},
				"down": {"uv": [12.5, 13.5, 13, 14], "texture": "#1"}
			}
		}
	],
	"display": {
		"thirdperson_righthand": {
			"translation": [2, 0, 0],
			"scale": [0.3, 0.3, 0.3]
		},
		"thirdperson_lefthand": {
			"translation": [-2, 0, 0],
			"scale": [0.3, 0.3, 0.3]
		},
		"firstperson_righthand": {
			"scale": [0.3, 0.3, 0.3]
		},
		"firstperson_lefthand": {
			"scale": [0.3, 0.3, 0.3]
		},
		"gui": {
			"rotation": [0, 180, 0],
			"translation": [0, -2.25, 0],
			"scale": [0.5, 0.5, 0.5]
		},
		"fixed": {
			"rotation": [-90, 0, 0],
			"translation": [0, 0, -15],
			"scale": [2, 2, 2]
		}
	},
	"groups": [
		{
			"name": "Pole",
			"origin": [-30, 0, -1],
			"color": 0,
			"children": [0, 1, 2, 3, 4]
		},
		{
			"name": "Plank1",
			"origin": [0, 0, 0],
			"color": 0,
			"children": [5, 6, 7, 8, 9, 10, 11, 12]
		},
		{
			"name": "Plank2",
			"origin": [0, 0, 0],
			"color": 0,
			"children": [13, 14, 15, 16, 17, 18, 19, 20]
		},
		{
			"name": "Cup1",
			"origin": [-30, 17, 0],
			"color": 0,
			"children": [21, 22, 23, 24]
		},
		{
			"name": "Cup2",
			"origin": [-30, 17, 0],
			"color": 0,
			"children": [25, 26, 27, 28]
		}
	]
}