{
	"credit": "Made with Blockbench",
	"texture_size": [64, 32],
	"textures": {
		"0": "block/duck_jump_pole_middle",
		"particle": "block/duck_jump_pole_middle"
	},
	"elements": [
		{
			"from": [16, 22, 7],
			"to": [32, 24, 9],
			"rotation": {"angle": 0, "axis": "y", "origin": [-30, 0, -1]},
			"faces": {
				"north": {"uv": [0, 6, 4, 7], "texture": "#0"},
				"east": {"uv": [4.75, 7.5, 5.25, 8.5], "texture": "#0"},
				"south": {"uv": [0, 7, 4, 8], "texture": "#0"},
				"west": {"uv": [0, 10, 0.5, 11], "texture": "#0"},
				"up": {"uv": [4, 9, 0, 8], "texture": "#0"},
				"down": {"uv": [8, 0, 4, 1], "texture": "#0"}
			}
		},
		{
			"from": [-16, 22, 7],
			"to": [0, 24, 9],
			"rotation": {"angle": 0, "axis": "y", "origin": [-30, 0, -1]},
			"faces": {
				"north": {"uv": [0, 6, 4, 7], "texture": "#0"},
				"east": {"uv": [4.75, 7.5, 5.25, 8.5], "texture": "#0"},
				"south": {"uv": [0, 7, 4, 8], "texture": "#0"},
				"west": {"uv": [0, 10, 0.5, 11], "texture": "#0"},
				"up": {"uv": [4, 9, 0, 8], "texture": "#0"},
				"down": {"uv": [8, 0, 4, 1], "texture": "#0"}
			}
		},
		{
			"from": [16, 10, 7],
			"to": [32, 13, 9],
			"rotation": {"angle": 0, "axis": "y", "origin": [24, 11.5, 8]},
			"faces": {
				"north": {"uv": [0, 0, 4, 1.5], "texture": "#0"},
				"east": {"uv": [4, 5, 4.5, 6.5], "texture": "#0"},
				"south": {"uv": [0, 1.5, 4, 3], "texture": "#0"},
				"west": {"uv": [4, 6.5, 4.5, 8], "texture": "#0"},
				"up": {"uv": [8, 2, 4, 1], "texture": "#0"},
				"down": {"uv": [8, 2, 4, 3], "texture": "#0"}
			}
		},
		{
			"from": [29, 13, 7],
			"to": [32, 14, 9],
			"rotation": {"angle": 0, "axis": "y", "origin": [8, 9.5, 8]},
			"faces": {
				"north": {"uv": [5, 6, 5.75, 6.5], "texture": "#0"},
				"east": {"uv": [5.25, 8, 5.75, 8.5], "texture": "#0"},
				"south": {"uv": [4.75, 8.5, 5.5, 9], "texture": "#0"},
				"west": {"uv": [5.25, 7.5, 5.75, 8], "texture": "#0"},
				"up": {"uv": [4.75, 9, 4, 8], "rotation": 180, "texture": "#0"},
				"down": {"uv": [0.75, 9, 0, 10], "rotation": 180, "texture": "#0"}
			}
		},
		{
			"from": [16, 13, 7],
			"to": [19, 14, 9],
			"rotation": {"angle": 0, "axis": "y", "origin": [8, 9.5, 8]},
			"faces": {
				"north": {"uv": [4.75, 10, 5.5, 10.5], "texture": "#0"},
				"east": {"uv": [5.25, 10.5, 5.75, 11], "texture": "#0"},
				"south": {"uv": [5, 9, 5.75, 9.5], "texture": "#0"},
				"west": {"uv": [4.75, 10.5, 5.25, 11], "texture": "#0"},
				"up": {"uv": [1.5, 10, 0.75, 9], "rotation": 180, "texture": "#0"},
				"down": {"uv": [2.25, 9, 1.5, 10], "rotation": 180, "texture": "#0"}
			}
		},
		{
			"from": [16, 14, 7],
			"to": [18, 15, 9],
			"rotation": {"angle": 0, "axis": "y", "origin": [8, 9.5, 8]},
			"faces": {
				"north": {"uv": [5.5, 5, 6, 5.5], "texture": "#0"},
				"east": {"uv": [5.5, 5.5, 6, 6], "texture": "#0"},
				"south": {"uv": [2, 11, 2.5, 11.5], "texture": "#0"},
				"west": {"uv": [2.5, 11, 3, 11.5], "texture": "#0"},
				"up": {"uv": [2, 11, 1.5, 10], "rotation": 180, "texture": "#0"},
				"down": {"uv": [5.5, 5, 5, 6], "rotation": 180, "texture": "#0"}
			}
		},
		{
			"from": [30, 14, 7],
			"to": [32, 15, 9],
			"rotation": {"angle": 0, "axis": "y", "origin": [8, 9.5, 8]},
			"faces": {
				"north": {"uv": [1, 11, 1.5, 11.5], "texture": "#0"},
				"east": {"uv": [1.5, 11, 2, 11.5], "texture": "#0"},
				"south": {"uv": [0, 11, 0.5, 11.5], "texture": "#0"},
				"west": {"uv": [0.5, 11, 1, 11.5], "texture": "#0"},
				"up": {"uv": [1, 11, 0.5, 10], "rotation": 180, "texture": "#0"},
				"down": {"uv": [1.5, 10, 1, 11], "rotation": 180, "texture": "#0"}
			}
		},
		{
			"from": [16, 15, 7],
			"to": [17, 16, 9],
			"rotation": {"angle": 0, "axis": "y", "origin": [8, 9.5, 8]},
			"faces": {
				"north": {"uv": [2, 10, 2.25, 10.5], "texture": "#0"},
				"east": {"uv": [3.5, 11, 4, 11.5], "texture": "#0"},
				"south": {"uv": [4.5, 7.5, 4.75, 8], "texture": "#0"},
				"west": {"uv": [3, 11, 3.5, 11.5], "texture": "#0"},
				"up": {"uv": [4.25, 12, 4, 11], "rotation": 180, "texture": "#0"},
				"down": {"uv": [4.5, 11, 4.25, 12], "rotation": 180, "texture": "#0"}
			}
		},
		{
			"from": [31, 15, 7],
			"to": [32, 16, 9],
			"rotation": {"angle": 0, "axis": "y", "origin": [8, 9.5, 8]},
			"faces": {
				"north": {"uv": [0.75, 12, 1, 12.5], "texture": "#0"},
				"east": {"uv": [4.5, 11, 5, 11.5], "texture": "#0"},
				"south": {"uv": [0.5, 12, 0.75, 12.5], "texture": "#0"},
				"west": {"uv": [5.5, 8.5, 6, 9], "texture": "#0"},
				"up": {"uv": [5.25, 12, 5, 11], "rotation": 180, "texture": "#0"},
				"down": {"uv": [5.5, 11, 5.25, 12], "rotation": 180, "texture": "#0"}
			}
		},
		{
			"from": [-16, 10, 7],
			"to": [0, 13, 9],
			"rotation": {"angle": 0, "axis": "y", "origin": [24, 11.5, 8]},
			"faces": {
				"north": {"uv": [0, 0, 4, 1.5], "texture": "#0"},
				"east": {"uv": [4, 5, 4.5, 6.5], "texture": "#0"},
				"south": {"uv": [0, 1.5, 4, 3], "texture": "#0"},
				"west": {"uv": [4, 6.5, 4.5, 8], "texture": "#0"},
				"up": {"uv": [8, 2, 4, 1], "texture": "#0"},
				"down": {"uv": [8, 2, 4, 3], "texture": "#0"}
			}
		},
		{
			"from": [-3, 13, 7],
			"to": [0, 14, 9],
			"rotation": {"angle": 0, "axis": "y", "origin": [8, 9.5, 8]},
			"faces": {
				"north": {"uv": [5, 6, 5.75, 6.5], "texture": "#0"},
				"east": {"uv": [5.25, 8, 5.75, 8.5], "texture": "#0"},
				"south": {"uv": [4.75, 8.5, 5.5, 9], "texture": "#0"},
				"west": {"uv": [5.25, 7.5, 5.75, 8], "texture": "#0"},
				"up": {"uv": [4.75, 9, 4, 8], "rotation": 180, "texture": "#0"},
				"down": {"uv": [0.75, 9, 0, 10], "rotation": 180, "texture": "#0"}
			}
		},
		{
			"from": [-16, 13, 7],
			"to": [-13, 14, 9],
			"rotation": {"angle": 0, "axis": "y", "origin": [8, 9.5, 8]},
			"faces": {
				"north": {"uv": [4.75, 10, 5.5, 10.5], "texture": "#0"},
				"east": {"uv": [5.25, 10.5, 5.75, 11], "texture": "#0"},
				"south": {"uv": [5, 9, 5.75, 9.5], "texture": "#0"},
				"west": {"uv": [4.75, 10.5, 5.25, 11], "texture": "#0"},
				"up": {"uv": [1.5, 10, 0.75, 9], "rotation": 180, "texture": "#0"},
				"down": {"uv": [2.25, 9, 1.5, 10], "rotation": 180, "texture": "#0"}
			}
		},
		{
			"from": [-16, 14, 7],
			"to": [-14, 15, 9],
			"rotation": {"angle": 0, "axis": "y", "origin": [8, 9.5, 8]},
			"faces": {
				"north": {"uv": [5.5, 5, 6, 5.5], "texture": "#0"},
				"east": {"uv": [5.5, 5.5, 6, 6], "texture": "#0"},
				"south": {"uv": [2, 11, 2.5, 11.5], "texture": "#0"},
				"west": {"uv": [2.5, 11, 3, 11.5], "texture": "#0"},
				"up": {"uv": [2, 11, 1.5, 10], "rotation": 180, "texture": "#0"},
				"down": {"uv": [5.5, 5, 5, 6], "rotation": 180, "texture": "#0"}
			}
		},
		{
			"from": [-2, 14, 7],
			"to": [0, 15, 9],
			"rotation": {"angle": 0, "axis": "y", "origin": [8, 9.5, 8]},
			"faces": {
				"north": {"uv": [1, 11, 1.5, 11.5], "texture": "#0"},
				"east": {"uv": [1.5, 11, 2, 11.5], "texture": "#0"},
				"south": {"uv": [0, 11, 0.5, 11.5], "texture": "#0"},
				"west": {"uv": [0.5, 11, 1, 11.5], "texture": "#0"},
				"up": {"uv": [1, 11, 0.5, 10], "rotation": 180, "texture": "#0"},
				"down": {"uv": [1.5, 10, 1, 11], "rotation": 180, "texture": "#0"}
			}
		},
		{
			"from": [-16, 15, 7],
			"to": [-15, 16, 9],
			"rotation": {"angle": 0, "axis": "y", "origin": [8, 9.5, 8]},
			"faces": {
				"north": {"uv": [2, 10, 2.25, 10.5], "texture": "#0"},
				"east": {"uv": [3.5, 11, 4, 11.5], "texture": "#0"},
				"south": {"uv": [4.5, 7.5, 4.75, 8], "texture": "#0"},
				"west": {"uv": [3, 11, 3.5, 11.5], "texture": "#0"},
				"up": {"uv": [4.25, 12, 4, 11], "rotation": 180, "texture": "#0"},
				"down": {"uv": [4.5, 11, 4.25, 12], "rotation": 180, "texture": "#0"}
			}
		},
		{
			"from": [-1, 15, 7],
			"to": [0, 16, 9],
			"rotation": {"angle": 0, "axis": "y", "origin": [8, 9.5, 8]},
			"faces": {
				"north": {"uv": [0.75, 12, 1, 12.5], "texture": "#0"},
				"east": {"uv": [4.5, 11, 5, 11.5], "texture": "#0"},
				"south": {"uv": [0.5, 12, 0.75, 12.5], "texture": "#0"},
				"west": {"uv": [5.5, 8.5, 6, 9], "texture": "#0"},
				"up": {"uv": [5.25, 12, 5, 11], "rotation": 180, "texture": "#0"},
				"down": {"uv": [5.5, 11, 5.25, 12], "rotation": 180, "texture": "#0"}
			}
		},
		{
			"from": [16, 2, 7],
			"to": [32, 5, 9],
			"rotation": {"angle": 0, "axis": "y", "origin": [24, 3.5, 8]},
			"faces": {
				"north": {"uv": [0, 3, 4, 4.5], "texture": "#0"},
				"east": {"uv": [2.25, 9, 2.75, 10.5], "texture": "#0"},
				"south": {"uv": [0, 4.5, 4, 6], "texture": "#0"},
				"west": {"uv": [4.5, 5, 5, 6.5], "texture": "#0"},
				"up": {"uv": [8, 4, 4, 3], "texture": "#0"},
				"down": {"uv": [8, 4, 4, 5], "texture": "#0"}
			}
		},
		{
			"from": [29, 5, 7],
			"to": [32, 6, 9],
			"rotation": {"angle": 0, "axis": "y", "origin": [8, 9.5, 8]},
			"faces": {
				"north": {"uv": [2, 10.5, 2.75, 11], "texture": "#0"},
				"east": {"uv": [5.5, 11, 6, 11.5], "texture": "#0"},
				"south": {"uv": [5, 9.5, 5.75, 10], "texture": "#0"},
				"west": {"uv": [5.5, 10, 6, 10.5], "texture": "#0"},
				"up": {"uv": [3.5, 10, 2.75, 9], "rotation": 180, "texture": "#0"},
				"down": {"uv": [5.25, 6.5, 4.5, 7.5], "rotation": 180, "texture": "#0"}
			}
		},
		{
			"from": [16, 5, 7],
			"to": [19, 6, 9],
			"rotation": {"angle": 0, "axis": "y", "origin": [8, 9.5, 8]},
			"faces": {
				"north": {"uv": [5.25, 7, 6, 7.5], "texture": "#0"},
				"east": {"uv": [0.5, 11.5, 1, 12], "texture": "#0"},
				"south": {"uv": [5.25, 6.5, 6, 7], "texture": "#0"},
				"west": {"uv": [0, 11.5, 0.5, 12], "texture": "#0"},
				"up": {"uv": [4.25, 10, 3.5, 9], "rotation": 180, "texture": "#0"},
				"down": {"uv": [5, 9, 4.25, 10], "rotation": 180, "texture": "#0"}
			}
		},
		{
			"from": [16, 6, 7],
			"to": [18, 7, 9],
			"rotation": {"angle": 0, "axis": "y", "origin": [8, 9.5, 8]},
			"faces": {
				"north": {"uv": [2, 11.5, 2.5, 12], "texture": "#0"},
				"east": {"uv": [2.5, 11.5, 3, 12], "texture": "#0"},
				"south": {"uv": [1, 11.5, 1.5, 12], "texture": "#0"},
				"west": {"uv": [1.5, 11.5, 2, 12], "texture": "#0"},
				"up": {"uv": [3.25, 11, 2.75, 10], "rotation": 180, "texture": "#0"},
				"down": {"uv": [3.75, 10, 3.25, 11], "rotation": 180, "texture": "#0"}
			}
		},
		{
			"from": [30, 6, 7],
			"to": [32, 7, 9],
			"rotation": {"angle": 0, "axis": "y", "origin": [8, 9.5, 8]},
			"faces": {
				"north": {"uv": [3.5, 11.5, 4, 12], "texture": "#0"},
				"east": {"uv": [5.75, 7.5, 6.25, 8], "texture": "#0"},
				"south": {"uv": [3, 11.5, 3.5, 12], "texture": "#0"},
				"west": {"uv": [5.75, 6, 6.25, 6.5], "texture": "#0"},
				"up": {"uv": [4.25, 11, 3.75, 10], "rotation": 180, "texture": "#0"},
				"down": {"uv": [4.75, 10, 4.25, 11], "rotation": 180, "texture": "#0"}
			}
		},
		{
			"from": [16, 7, 7],
			"to": [17, 8, 9],
			"rotation": {"angle": 0, "axis": "y", "origin": [8, 9.5, 8]},
			"faces": {
				"north": {"uv": [1.25, 12, 1.5, 12.5], "texture": "#0"},
				"east": {"uv": [4.5, 11.5, 5, 12], "texture": "#0"},
				"south": {"uv": [1, 12, 1.25, 12.5], "texture": "#0"},
				"west": {"uv": [5.75, 8, 6.25, 8.5], "texture": "#0"},
				"up": {"uv": [6, 10, 5.75, 9], "rotation": 180, "texture": "#0"},
				"down": {"uv": [5.75, 11.5, 5.5, 12.5], "rotation": 180, "texture": "#0"}
			}
		},
		{
			"from": [31, 7, 7],
			"to": [32, 8, 9],
			"rotation": {"angle": 0, "axis": "y", "origin": [8, 9.5, 8]},
			"faces": {
				"north": {"uv": [1.75, 12, 2, 12.5], "texture": "#0"},
				"east": {"uv": [5.75, 11.5, 6.25, 12], "texture": "#0"},
				"south": {"uv": [1.5, 12, 1.75, 12.5], "texture": "#0"},
				"west": {"uv": [5.75, 10.5, 6.25, 11], "texture": "#0"},
				"up": {"uv": [0.25, 13, 0, 12], "rotation": 180, "texture": "#0"},
				"down": {"uv": [0.5, 12, 0.25, 13], "rotation": 180, "texture": "#0"}
			}
		},
		{
			"from": [-16, 2, 7],
			"to": [0, 5, 9],
			"rotation": {"angle": 0, "axis": "y", "origin": [24, 3.5, 8]},
			"faces": {
				"north": {"uv": [0, 3, 4, 4.5], "texture": "#0"},
				"east": {"uv": [2.25, 9, 2.75, 10.5], "texture": "#0"},
				"south": {"uv": [0, 4.5, 4, 6], "texture": "#0"},
				"west": {"uv": [4.5, 5, 5, 6.5], "texture": "#0"},
				"up": {"uv": [8, 4, 4, 3], "texture": "#0"},
				"down": {"uv": [8, 4, 4, 5], "texture": "#0"}
			}
		},
		{
			"from": [-3, 5, 7],
			"to": [0, 6, 9],
			"rotation": {"angle": 0, "axis": "y", "origin": [8, 9.5, 8]},
			"faces": {
				"north": {"uv": [2, 10.5, 2.75, 11], "texture": "#0"},
				"east": {"uv": [5.5, 11, 6, 11.5], "texture": "#0"},
				"south": {"uv": [5, 9.5, 5.75, 10], "texture": "#0"},
				"west": {"uv": [5.5, 10, 6, 10.5], "texture": "#0"},
				"up": {"uv": [3.5, 10, 2.75, 9], "rotation": 180, "texture": "#0"},
				"down": {"uv": [5.25, 6.5, 4.5, 7.5], "rotation": 180, "texture": "#0"}
			}
		},
		{
			"from": [-16, 5, 7],
			"to": [-13, 6, 9],
			"rotation": {"angle": 0, "axis": "y", "origin": [8, 9.5, 8]},
			"faces": {
				"north": {"uv": [5.25, 7, 6, 7.5], "texture": "#0"},
				"east": {"uv": [0.5, 11.5, 1, 12], "texture": "#0"},
				"south": {"uv": [5.25, 6.5, 6, 7], "texture": "#0"},
				"west": {"uv": [0, 11.5, 0.5, 12], "texture": "#0"},
				"up": {"uv": [4.25, 10, 3.5, 9], "rotation": 180, "texture": "#0"},
				"down": {"uv": [5, 9, 4.25, 10], "rotation": 180, "texture": "#0"}
			}
		},
		{
			"from": [-16, 6, 7],
			"to": [-14, 7, 9],
			"rotation": {"angle": 0, "axis": "y", "origin": [8, 9.5, 8]},
			"faces": {
				"north": {"uv": [2, 11.5, 2.5, 12], "texture": "#0"},
				"east": {"uv": [2.5, 11.5, 3, 12], "texture": "#0"},
				"south": {"uv": [1, 11.5, 1.5, 12], "texture": "#0"},
				"west": {"uv": [1.5, 11.5, 2, 12], "texture": "#0"},
				"up": {"uv": [3.25, 11, 2.75, 10], "rotation": 180, "texture": "#0"},
				"down": {"uv": [3.75, 10, 3.25, 11], "rotation": 180, "texture": "#0"}
			}
		},
		{
			"from": [-2, 6, 7],
			"to": [0, 7, 9],
			"rotation": {"angle": 0, "axis": "y", "origin": [8, 9.5, 8]},
			"faces": {
				"north": {"uv": [3.5, 11.5, 4, 12], "texture": "#0"},
				"east": {"uv": [5.75, 7.5, 6.25, 8], "texture": "#0"},
				"south": {"uv": [3, 11.5, 3.5, 12], "texture": "#0"},
				"west": {"uv": [5.75, 6, 6.25, 6.5], "texture": "#0"},
				"up": {"uv": [4.25, 11, 3.75, 10], "rotation": 180, "texture": "#0"},
				"down": {"uv": [4.75, 10, 4.25, 11], "rotation": 180, "texture": "#0"}
			}
		},
		{
			"from": [-16, 7, 7],
			"to": [-15, 8, 9],
			"rotation": {"angle": 0, "axis": "y", "origin": [8, 9.5, 8]},
			"faces": {
				"north": {"uv": [1.25, 12, 1.5, 12.5], "texture": "#0"},
				"east": {"uv": [4.5, 11.5, 5, 12], "texture": "#0"},
				"south": {"uv": [1, 12, 1.25, 12.5], "texture": "#0"},
				"west": {"uv": [5.75, 8, 6.25, 8.5], "texture": "#0"},
				"up": {"uv": [6, 10, 5.75, 9], "rotation": 180, "texture": "#0"},
				"down": {"uv": [5.75, 11.5, 5.5, 12.5], "rotation": 180, "texture": "#0"}
			}
		},
		{
			"from": [-1, 7, 7],
			"to": [0, 8, 9],
			"rotation": {"angle": 0, "axis": "y", "origin": [8, 9.5, 8]},
			"faces": {
				"north": {"uv": [1.75, 12, 2, 12.5], "texture": "#0"},
				"east": {"uv": [5.75, 11.5, 6.25, 12], "texture": "#0"},
				"south": {"uv": [1.5, 12, 1.75, 12.5], "texture": "#0"},
				"west": {"uv": [5.75, 10.5, 6.25, 11], "texture": "#0"},
				"up": {"uv": [0.25, 13, 0, 12], "rotation": 180, "texture": "#0"},
				"down": {"uv": [0.5, 12, 0.25, 13], "rotation": 180, "texture": "#0"}
			}
		},
		{
			"from": [0, 22, 7],
			"to": [16, 24, 9],
			"rotation": {"angle": 0, "axis": "y", "origin": [-30, 0, -1]},
			"faces": {
				"north": {"uv": [8, 6, 12, 7], "texture": "#0"},
				"east": {"uv": [12.75, 7.5, 13.25, 8.5], "texture": "#0"},
				"south": {"uv": [8, 7, 12, 8], "texture": "#0"},
				"west": {"uv": [8, 10, 8.5, 11], "texture": "#0"},
				"up": {"uv": [12, 9, 8, 8], "texture": "#0"},
				"down": {"uv": [16, 0, 12, 1], "texture": "#0"}
			}
		},
		{
			"from": [0, 10, 7],
			"to": [16, 13, 9],
			"rotation": {"angle": 0, "axis": "y", "origin": [8, 11.5, 8]},
			"faces": {
				"north": {"uv": [8, 0, 12, 1.5], "texture": "#0"},
				"east": {"uv": [12, 5, 12.5, 6.5], "texture": "#0"},
				"south": {"uv": [8, 1.5, 12, 3], "texture": "#0"},
				"west": {"uv": [12, 6.5, 12.5, 8], "texture": "#0"},
				"up": {"uv": [16, 2, 12, 1], "texture": "#0"},
				"down": {"uv": [16, 2, 12, 3], "texture": "#0"}
			}
		},
		{
			"from": [13, 13, 7],
			"to": [16, 14, 9],
			"rotation": {"angle": 0, "axis": "y", "origin": [8, 9.5, 8]},
			"faces": {
				"north": {"uv": [13, 6, 13.75, 6.5], "texture": "#0"},
				"east": {"uv": [13.25, 8, 13.75, 8.5], "texture": "#0"},
				"south": {"uv": [12.75, 8.5, 13.5, 9], "texture": "#0"},
				"west": {"uv": [13.25, 7.5, 13.75, 8], "texture": "#0"},
				"up": {"uv": [12.75, 9, 12, 8], "rotation": 180, "texture": "#0"},
				"down": {"uv": [8.75, 9, 8, 10], "rotation": 180, "texture": "#0"}
			}
		},
		{
			"from": [0, 13, 7],
			"to": [3, 14, 9],
			"rotation": {"angle": 0, "axis": "y", "origin": [8, 9.5, 8]},
			"faces": {
				"north": {"uv": [12.75, 10, 13.5, 10.5], "texture": "#0"},
				"east": {"uv": [13.25, 10.5, 13.75, 11], "texture": "#0"},
				"south": {"uv": [13, 9, 13.75, 9.5], "texture": "#0"},
				"west": {"uv": [12.75, 10.5, 13.25, 11], "texture": "#0"},
				"up": {"uv": [9.5, 10, 8.75, 9], "rotation": 180, "texture": "#0"},
				"down": {"uv": [10.25, 9, 9.5, 10], "rotation": 180, "texture": "#0"}
			}
		},
		{
			"from": [0, 14, 7],
			"to": [2, 15, 9],
			"rotation": {"angle": 0, "axis": "y", "origin": [8, 9.5, 8]},
			"faces": {
				"north": {"uv": [13.5, 5, 14, 5.5], "texture": "#0"},
				"east": {"uv": [13.5, 5.5, 14, 6], "texture": "#0"},
				"south": {"uv": [10, 11, 10.5, 11.5], "texture": "#0"},
				"west": {"uv": [10.5, 11, 11, 11.5], "texture": "#0"},
				"up": {"uv": [10, 11, 9.5, 10], "rotation": 180, "texture": "#0"},
				"down": {"uv": [13.5, 5, 13, 6], "rotation": 180, "texture": "#0"}
			}
		},
		{
			"from": [14, 14, 7],
			"to": [16, 15, 9],
			"rotation": {"angle": 0, "axis": "y", "origin": [8, 9.5, 8]},
			"faces": {
				"north": {"uv": [9, 11, 9.5, 11.5], "texture": "#0"},
				"east": {"uv": [9.5, 11, 10, 11.5], "texture": "#0"},
				"south": {"uv": [8, 11, 8.5, 11.5], "texture": "#0"},
				"west": {"uv": [8.5, 11, 9, 11.5], "texture": "#0"},
				"up": {"uv": [9, 11, 8.5, 10], "rotation": 180, "texture": "#0"},
				"down": {"uv": [9.5, 10, 9, 11], "rotation": 180, "texture": "#0"}
			}
		},
		{
			"from": [0, 15, 7],
			"to": [1, 16, 9],
			"rotation": {"angle": 0, "axis": "y", "origin": [8, 9.5, 8]},
			"faces": {
				"north": {"uv": [10, 10, 10.25, 10.5], "texture": "#0"},
				"east": {"uv": [11.5, 11, 12, 11.5], "texture": "#0"},
				"south": {"uv": [12.5, 7.5, 12.75, 8], "texture": "#0"},
				"west": {"uv": [11, 11, 11.5, 11.5], "texture": "#0"},
				"up": {"uv": [12.25, 12, 12, 11], "rotation": 180, "texture": "#0"},
				"down": {"uv": [12.5, 11, 12.25, 12], "rotation": 180, "texture": "#0"}
			}
		},
		{
			"from": [15, 15, 7],
			"to": [16, 16, 9],
			"rotation": {"angle": 0, "axis": "y", "origin": [8, 9.5, 8]},
			"faces": {
				"north": {"uv": [8.75, 12, 9, 12.5], "texture": "#0"},
				"east": {"uv": [12.5, 11, 13, 11.5], "texture": "#0"},
				"south": {"uv": [8.5, 12, 8.75, 12.5], "texture": "#0"},
				"west": {"uv": [13.5, 8.5, 14, 9], "texture": "#0"},
				"up": {"uv": [13.25, 12, 13, 11], "rotation": 180, "texture": "#0"},
				"down": {"uv": [13.5, 11, 13.25, 12], "rotation": 180, "texture": "#0"}
			}
		},
		{
			"from": [0, 2, 7],
			"to": [16, 5, 9],
			"rotation": {"angle": 0, "axis": "y", "origin": [8, 3.5, 8]},
			"faces": {
				"north": {"uv": [8, 3, 12, 4.5], "texture": "#0"},
				"east": {"uv": [10.25, 9, 10.75, 10.5], "texture": "#0"},
				"south": {"uv": [8, 4.5, 12, 6], "texture": "#0"},
				"west": {"uv": [12.5, 5, 13, 6.5], "texture": "#0"},
				"up": {"uv": [16, 4, 12, 3], "texture": "#0"},
				"down": {"uv": [16, 4, 12, 5], "texture": "#0"}
			}
		},
		{
			"from": [13, 5, 7],
			"to": [16, 6, 9],
			"rotation": {"angle": 0, "axis": "y", "origin": [8, 9.5, 8]},
			"faces": {
				"north": {"uv": [10, 10.5, 10.75, 11], "texture": "#0"},
				"east": {"uv": [13.5, 11, 14, 11.5], "texture": "#0"},
				"south": {"uv": [13, 9.5, 13.75, 10], "texture": "#0"},
				"west": {"uv": [13.5, 10, 14, 10.5], "texture": "#0"},
				"up": {"uv": [11.5, 10, 10.75, 9], "rotation": 180, "texture": "#0"},
				"down": {"uv": [13.25, 6.5, 12.5, 7.5], "rotation": 180, "texture": "#0"}
			}
		},
		{
			"from": [0, 5, 7],
			"to": [3, 6, 9],
			"rotation": {"angle": 0, "axis": "y", "origin": [8, 9.5, 8]},
			"faces": {
				"north": {"uv": [13.25, 7, 14, 7.5], "texture": "#0"},
				"east": {"uv": [8.5, 11.5, 9, 12], "texture": "#0"},
				"south": {"uv": [13.25, 6.5, 14, 7], "texture": "#0"},
				"west": {"uv": [8, 11.5, 8.5, 12], "texture": "#0"},
				"up": {"uv": [12.25, 10, 11.5, 9], "rotation": 180, "texture": "#0"},
				"down": {"uv": [13, 9, 12.25, 10], "rotation": 180, "texture": "#0"}
			}
		},
		{
			"from": [0, 6, 7],
			"to": [2, 7, 9],
			"rotation": {"angle": 0, "axis": "y", "origin": [8, 9.5, 8]},
			"faces": {
				"north": {"uv": [10, 11.5, 10.5, 12], "texture": "#0"},
				"east": {"uv": [10.5, 11.5, 11, 12], "texture": "#0"},
				"south": {"uv": [9, 11.5, 9.5, 12], "texture": "#0"},
				"west": {"uv": [9.5, 11.5, 10, 12], "texture": "#0"},
				"up": {"uv": [11.25, 11, 10.75, 10], "rotation": 180, "texture": "#0"},
				"down": {"uv": [11.75, 10, 11.25, 11], "rotation": 180, "texture": "#0"}
			}
		},
		{
			"from": [14, 6, 7],
			"to": [16, 7, 9],
			"rotation": {"angle": 0, "axis": "y", "origin": [8, 9.5, 8]},
			"faces": {
				"north": {"uv": [11.5, 11.5, 12, 12], "texture": "#0"},
				"east": {"uv": [13.75, 7.5, 14.25, 8], "texture": "#0"},
				"south": {"uv": [11, 11.5, 11.5, 12], "texture": "#0"},
				"west": {"uv": [13.75, 6, 14.25, 6.5], "texture": "#0"},
				"up": {"uv": [12.25, 11, 11.75, 10], "rotation": 180, "texture": "#0"},
				"down": {"uv": [12.75, 10, 12.25, 11], "rotation": 180, "texture": "#0"}
			}
		},
		{
			"from": [0, 7, 7],
			"to": [1, 8, 9],
			"rotation": {"angle": 0, "axis": "y", "origin": [8, 9.5, 8]},
			"faces": {
				"north": {"uv": [9.25, 12, 9.5, 12.5], "texture": "#0"},
				"east": {"uv": [12.5, 11.5, 13, 12], "texture": "#0"},
				"south": {"uv": [9, 12, 9.25, 12.5], "texture": "#0"},
				"west": {"uv": [13.75, 8, 14.25, 8.5], "texture": "#0"},
				"up": {"uv": [14, 10, 13.75, 9], "rotation": 180, "texture": "#0"},
				"down": {"uv": [13.75, 11.5, 13.5, 12.5], "rotation": 180, "texture": "#0"}
			}
		},
		{
			"from": [15, 7, 7],
			"to": [16, 8, 9],
			"rotation": {"angle": 0, "axis": "y", "origin": [8, 9.5, 8]},
			"faces": {
				"north": {"uv": [9.75, 12, 10, 12.5], "texture": "#0"},
				"east": {"uv": [13.75, 11.5, 14.25, 12], "texture": "#0"},
				"south": {"uv": [9.5, 12, 9.75, 12.5], "texture": "#0"},
				"west": {"uv": [13.75, 10.5, 14.25, 11], "texture": "#0"},
				"up": {"uv": [8.25, 13, 8, 12], "rotation": 180, "texture": "#0"},
				"down": {"uv": [8.5, 12, 8.25, 13], "rotation": 180, "texture": "#0"}
			}
		}
	],
	"display": {
		"thirdperson_righthand": {
			"translation": [2, 0, 0],
			"scale": [0.3, 0.3, 0.3]
		},
		"thirdperson_lefthand": {
			"translation": [-2, 0, 0],
			"scale": [0.3, 0.3, 0.3]
		},
		"firstperson_righthand": {
			"scale": [0.3, 0.3, 0.3]
		},
		"firstperson_lefthand": {
			"scale": [0.3, 0.3, 0.3]
		},
		"gui": {
			"translation": [0, -2.25, 0],
			"scale": [0.3, 0.3, 0.5]
		},
		"fixed": {
			"rotation": [-90, 0, 0],
			"translation": [0, 0, -15],
			"scale": [2, 2, 2]
		}
	},
	"groups": [
		{
			"name": "Pole",
			"origin": [-30, 0, -1],
			"color": 0,
			"children": [0, 1]
		},
		{
			"name": "Plank1",
			"origin": [0, 0, 0],
			"color": 0,
			"children": [2, 3, 4, 5, 6, 7, 8, 9, 10, 11, 12, 13, 14, 15]
		},
		{
			"name": "Plank2",
			"origin": [0, 0, 0],
			"color": 0,
			"children": [16, 17, 18, 19, 20, 21, 22, 23, 24, 25, 26, 27, 28, 29]
		},
		{
			"name": "Pole",
			"origin": [-30, 0, -1],
			"color": 0,
			"children": [30]
		},
		{
			"name": "Plank1",
			"origin": [0, 0, 0],
			"color": 0,
			"children": [31, 32, 33, 34, 35, 36, 37]
		},
		{
			"name": "Plank2",
			"origin": [0, 0, 0],
			"color": 0,
			"children": [38, 39, 40, 41, 42, 43, 44]
		}
	]
}