{
	"credit": "Made with Blockbench",
	"texture_size": [128, 128],
	"textures": {
		"0": "block/eqcit_jump_pole_middle",
		"particle": "block/eqcit_jump_pole_middle"
	},
	"elements": [
		{
			"from": [7, -13, 8.1],
			"to": [8, -8, 8.1],
			"rotation": {"angle": 45, "axis": "z", "origin": [0, 0, 0]},
			"faces": {
				"north": {"uv": [5.25, 4.375, 5.375, 5], "texture": "#0"},
				"east": {"uv": [0, 0, 0, 0.625], "texture": "#0"},
				"south": {"uv": [5.25, 5, 5.375, 5.625], "texture": "#0"},
				"west": {"uv": [0, 0, 0, 0.625], "texture": "#0"},
				"up": {"uv": [0.125, 0, 0, 0], "texture": "#0"},
				"down": {"uv": [0.125, 0, 0, 0], "texture": "#0"}
			}
		},
		{
			"from": [5, -15, 8.1],
			"to": [6, -6, 8.1],
			"rotation": {"angle": 45, "axis": "z", "origin": [0, 0, 0]},
			"faces": {
				"north": {"uv": [4.5, 4.375, 4.625, 5.5], "texture": "#0"},
				"east": {"uv": [0, 0, 0, 1.125], "texture": "#0"},
				"south": {"uv": [4.625, 4.375, 4.75, 5.5], "texture": "#0"},
				"west": {"uv": [0, 0, 0, 1.125], "texture": "#0"},
				"up": {"uv": [0.125, 0, 0, 0], "texture": "#0"},
				"down": {"uv": [0.125, 0, 0, 0], "texture": "#0"}
			}
		},
		{
			"from": [8.33883, -11.88909, 8.1],
			"to": [9.33883, 1.11091, 8.1],
			"rotation": {"angle": 45, "axis": "z", "origin": [8.83883, -3.88909, 8]},
			"faces": {
				"north": {"uv": [3, 4.375, 3.125, 6], "texture": "#0"},
				"east": {"uv": [0, 0, 0, 1.625], "texture": "#0"},
				"south": {"uv": [3.125, 4.375, 3.25, 6], "texture": "#0"},
				"west": {"uv": [0, 0, 0, 1.625], "texture": "#0"},
				"up": {"uv": [0.125, 0, 0, 0], "texture": "#0"},
				"down": {"uv": [0.125, 0, 0, 0], "texture": "#0"}
			}
		},
		{
			"from": [7.98528, -13.86396, 8.1],
			"to": [8.98528, 2.13604, 8.1],
			"rotation": {"angle": 45, "axis": "z", "origin": [8.48528, -6.36396, 8]},
			"faces": {
				"north": {"uv": [2, 4.375, 2.125, 6.375], "texture": "#0"},
				"east": {"uv": [0, 0, 0, 2], "texture": "#0"},
				"south": {"uv": [2.125, 4.375, 2.25, 6.375], "texture": "#0"},
				"west": {"uv": [0, 0, 0, 2], "texture": "#0"},
				"up": {"uv": [0.125, 0, 0, 0], "texture": "#0"},
				"down": {"uv": [0.125, 0, 0, 0], "texture": "#0"}
			}
		},
		{
			"from": [-1, -16, 8.1],
			"to": [0, -2, 8.1],
			"rotation": {"angle": 45, "axis": "z", "origin": [0, 0, 0]},
			"faces": {
				"north": {"uv": [2.5, 4.375, 2.625, 6.125], "texture": "#0"},
				"east": {"uv": [0, 0, 0, 1.75], "texture": "#0"},
				"south": {"uv": [2.625, 4.375, 2.75, 6.125], "texture": "#0"},
				"west": {"uv": [0, 0, 0, 1.75], "texture": "#0"},
				"up": {"uv": [0.125, 0, 0, 0], "texture": "#0"},
				"down": {"uv": [0.125, 0, 0, 0], "texture": "#0"}
			}
		},
		{
			"from": [-3, -14, 8.1],
			"to": [-2, -4, 8.1],
			"rotation": {"angle": 45, "axis": "z", "origin": [0, 0, 0]},
			"faces": {
				"north": {"uv": [4, 4.375, 4.125, 5.625], "texture": "#0"},
				"east": {"uv": [0, 0, 0, 1.25], "texture": "#0"},
				"south": {"uv": [4.125, 4.375, 4.25, 5.625], "texture": "#0"},
				"west": {"uv": [0, 0, 0, 1.25], "texture": "#0"},
				"up": {"uv": [0.125, 0, 0, 0], "texture": "#0"},
				"down": {"uv": [0.125, 0, 0, 0], "texture": "#0"}
			}
		},
		{
			"from": [-5, -12, 8.1],
			"to": [-4, -6, 8.1],
			"rotation": {"angle": 45, "axis": "z", "origin": [0, 0, 0]},
			"faces": {
				"north": {"uv": [5, 4.375, 5.125, 5.125], "texture": "#0"},
				"east": {"uv": [0, 0, 0, 0.75], "texture": "#0"},
				"south": {"uv": [5.125, 4.375, 5.25, 5.125], "texture": "#0"},
				"west": {"uv": [0, 0, 0, 0.75], "texture": "#0"},
				"up": {"uv": [0.125, 0, 0, 0], "texture": "#0"},
				"down": {"uv": [0.125, 0, 0, 0], "texture": "#0"}
			}
		},
		{
			"from": [-16, -1, 7],
			"to": [32, 1, 9],
			"faces": {
				"north": {"uv": [0, 2.5, 6, 2.75], "texture": "#0"},
				"east": {"uv": [0, 5.5, 0.25, 5.75], "texture": "#0"},
				"south": {"uv": [0, 2.75, 6, 3], "texture": "#0"},
				"west": {"uv": [0.25, 5.5, 0.5, 5.75], "texture": "#0"},
				"up": {"uv": [6, 3.25, 0, 3], "texture": "#0"},
				"down": {"uv": [6, 3.25, 0, 3.5], "texture": "#0"}
			}
		},
		{
			"from": [-16, -13, 7],
			"to": [32, -11, 9],
			"faces": {
				"north": {"uv": [0, 3.5, 6, 3.75], "texture": "#0"},
				"east": {"uv": [0.5, 5.5, 0.75, 5.75], "texture": "#0"},
				"south": {"uv": [0, 3.75, 6, 4], "texture": "#0"},
				"west": {"uv": [0.75, 5.5, 1, 5.75], "texture": "#0"},
				"up": {"uv": [6, 4.25, 0, 4], "texture": "#0"},
				"down": {"uv": [10, 0, 4, 0.25], "texture": "#0"}
			}
		},
		{
			"from": [16, -11, 7.5],
			"to": [32, -1, 8.5],
			"faces": {
				"north": {"uv": [0, 0, 2, 1.25], "texture": "#0"},
				"east": {"uv": [3.5, 4.375, 3.625, 5.625], "texture": "#0"},
				"south": {"uv": [0, 1.25, 2, 2.5], "texture": "#0"},
				"west": {"uv": [3.625, 4.375, 3.75, 5.625], "texture": "#0"},
				"up": {"uv": [6, 2.375, 4, 2.25], "texture": "#0"},
				"down": {"uv": [6, 2.375, 4, 2.5], "texture": "#0"}
			}
		},
		{
			"from": [-16, 12, 7],
			"to": [32, 14, 9],
			"faces": {
				"north": {"uv": [4, 0.25, 10, 0.5], "texture": "#0"},
				"east": {"uv": [1, 5.5, 1.25, 5.75], "texture": "#0"},
				"south": {"uv": [4, 0.5, 10, 0.75], "texture": "#0"},
				"west": {"uv": [1.25, 5.5, 1.5, 5.75], "texture": "#0"},
				"up": {"uv": [10, 1, 4, 0.75], "texture": "#0"},
				"down": {"uv": [10, 1, 4, 1.25], "texture": "#0"}
			}
		},
		{
			"from": [-16, 18, 7],
			"to": [32, 20, 9],
			"faces": {
				"north": {"uv": [4, 1.25, 10, 1.5], "texture": "#0"},
				"east": {"uv": [1.5, 5.5, 1.75, 5.75], "texture": "#0"},
				"south": {"uv": [4, 1.5, 10, 1.75], "texture": "#0"},
				"west": {"uv": [1.75, 5.5, 2, 5.75], "texture": "#0"},
				"up": {"uv": [10, 2, 4, 1.75], "texture": "#0"},
				"down": {"uv": [10, 2, 4, 2.25], "texture": "#0"}
			}
		},
		{
			"from": [-16, -11, 7.5],
			"to": [0, -1, 8.5],
			"faces": {
				"north": {"uv": [2, 0, 4, 1.25], "texture": "#0"},
				"east": {"uv": [3.75, 4.375, 3.875, 5.625], "texture": "#0"},
				"south": {"uv": [2, 1.25, 4, 2.5], "texture": "#0"},
				"west": {"uv": [3.875, 4.375, 4, 5.625], "texture": "#0"},
				"up": {"uv": [4, 4.375, 2, 4.25], "texture": "#0"},
				"down": {"uv": [6, 4.25, 4, 4.375], "texture": "#0"}
			}
		},
		{
			"from": [0, -11, 7],
			"to": [2, -1, 9],
			"faces": {
				"north": {"uv": [0, 4.25, 0.25, 5.5], "texture": "#0"},
				"east": {"uv": [0.25, 4.25, 0.5, 5.5], "texture": "#0"},
				"south": {"uv": [0.5, 4.25, 0.75, 5.5], "texture": "#0"},
				"west": {"uv": [0.75, 4.25, 1, 5.5], "texture": "#0"},
				"up": {"uv": [5.75, 4.625, 5.5, 4.375], "texture": "#0"},
				"down": {"uv": [4.75, 5.5, 4.5, 5.75], "texture": "#0"}
			}
		},
		{
			"from": [14, -11, 7],
			"to": [16, -1, 9],
			"faces": {
				"north": {"uv": [1, 4.25, 1.25, 5.5], "texture": "#0"},
				"east": {"uv": [1.25, 4.25, 1.5, 5.5], "texture": "#0"},
				"south": {"uv": [1.5, 4.25, 1.75, 5.5], "texture": "#0"},
				"west": {"uv": [1.75, 4.25, 2, 5.5], "texture": "#0"},
				"up": {"uv": [5.75, 4.875, 5.5, 4.625], "texture": "#0"},
				"down": {"uv": [5, 5.5, 4.75, 5.75], "texture": "#0"}
			}
		},
		{
			"from": [8, -13, 7.9],
			"to": [9, -8, 7.9],
			"rotation": {"angle": -45, "axis": "z", "origin": [16, 0, 0]},
			"faces": {
				"north": {"uv": [5.375, 4.375, 5.5, 5], "texture": "#0"},
				"east": {"uv": [0, 0, 0, 0.625], "texture": "#0"},
				"south": {"uv": [5.375, 5, 5.5, 5.625], "texture": "#0"},
				"west": {"uv": [0, 0, 0, 0.625], "texture": "#0"},
				"up": {"uv": [0.125, 0, 0, 0], "texture": "#0"},
				"down": {"uv": [0.125, 0, 0, 0], "texture": "#0"}
			}
		},
		{
			"from": [10, -15, 7.9],
			"to": [11, -6, 7.9],
			"rotation": {"angle": -45, "axis": "z", "origin": [16, 0, 0]},
			"faces": {
				"north": {"uv": [4.75, 4.375, 4.875, 5.5], "texture": "#0"},
				"east": {"uv": [0, 0, 0, 1.125], "texture": "#0"},
				"south": {"uv": [4.875, 4.375, 5, 5.5], "texture": "#0"},
				"west": {"uv": [0, 0, 0, 1.125], "texture": "#0"},
				"up": {"uv": [0.125, 0, 0, 0], "texture": "#0"},
				"down": {"uv": [0.125, 0, 0, 0], "texture": "#0"}
			}
		},
		{
			"from": [6.66117, -11.88909, 7.9],
			"to": [7.66117, 1.11091, 7.9],
			"rotation": {"angle": -45, "axis": "z", "origin": [7.16117, -3.88909, 8]},
			"faces": {
				"north": {"uv": [3.25, 4.375, 3.375, 6], "texture": "#0"},
				"east": {"uv": [0, 0, 0, 1.625], "texture": "#0"},
				"south": {"uv": [3.375, 4.375, 3.5, 6], "texture": "#0"},
				"west": {"uv": [0, 0, 0, 1.625], "texture": "#0"},
				"up": {"uv": [0.125, 0, 0, 0], "texture": "#0"},
				"down": {"uv": [0.125, 0, 0, 0], "texture": "#0"}
			}
		},
		{
			"from": [7.01472, -13.86396, 7.9],
			"to": [8.01472, 2.13604, 7.9],
			"rotation": {"angle": -45, "axis": "z", "origin": [7.51472, -6.36396, 8]},
			"faces": {
				"north": {"uv": [2.25, 4.375, 2.375, 6.375], "texture": "#0"},
				"east": {"uv": [0, 0, 0, 2], "texture": "#0"},
				"south": {"uv": [2.375, 4.375, 2.5, 6.375], "texture": "#0"},
				"west": {"uv": [0, 0, 0, 2], "texture": "#0"},
				"up": {"uv": [0.125, 0, 0, 0], "texture": "#0"},
				"down": {"uv": [0.125, 0, 0, 0], "texture": "#0"}
			}
		},
		{
			"from": [16, -16, 7.9],
			"to": [17, -2, 7.9],
			"rotation": {"angle": -45, "axis": "z", "origin": [16, 0, 0]},
			"faces": {
				"north": {"uv": [2.75, 4.375, 2.875, 6.125], "texture": "#0"},
				"east": {"uv": [0, 0, 0, 1.75], "texture": "#0"},
				"south": {"uv": [2.875, 4.375, 3, 6.125], "texture": "#0"},
				"west": {"uv": [0, 0, 0, 1.75], "texture": "#0"},
				"up": {"uv": [0.125, 0, 0, 0], "texture": "#0"},
				"down": {"uv": [0.125, 0, 0, 0], "texture": "#0"}
			}
		},
		{
			"from": [18, -14, 7.9],
			"to": [19, -4, 7.9],
			"rotation": {"angle": -45, "axis": "z", "origin": [16, 0, 0]},
			"faces": {
				"north": {"uv": [4.25, 4.375, 4.375, 5.625], "texture": "#0"},
				"east": {"uv": [0, 0, 0, 1.25], "texture": "#0"},
				"south": {"uv": [4.375, 4.375, 4.5, 5.625], "texture": "#0"},
				"west": {"uv": [0, 0, 0, 1.25], "texture": "#0"},
				"up": {"uv": [0.125, 0, 0, 0], "texture": "#0"},
				"down": {"uv": [0.125, 0, 0, 0], "texture": "#0"}
			}
		},
		{
			"from": [20, -12, 7.9],
			"to": [21, -6, 7.9],
			"rotation": {"angle": -45, "axis": "z", "origin": [16, 0, 0]},
			"faces": {
				"north": {"uv": [5, 5.125, 5.125, 5.875], "texture": "#0"},
				"east": {"uv": [0, 0, 0, 0.75], "texture": "#0"},
				"south": {"uv": [5.125, 5.125, 5.25, 5.875], "texture": "#0"},
				"west": {"uv": [0, 0, 0, 0.75], "texture": "#0"},
				"up": {"uv": [0.125, 0, 0, 0], "texture": "#0"},
				"down": {"uv": [0.125, 0, 0, 0], "texture": "#0"}
			}
		}
	],
	"display": {
		"thirdperson_righthand": {
			"translation": [0, 5, 0],
			"scale": [0.5, 0.5, 0.5]
		},
		"thirdperson_lefthand": {
			"translation": [0, 5, 0],
			"scale": [0.5, 0.5, 0.5]
		},
		"firstperson_righthand": {
			"scale": [0.5, 0.5, 0.5]
		},
		"firstperson_lefthand": {
			"scale": [0.5, 0.5, 0.5]
		},
		"ground": {
			"translation": [0, 16.5, 0]
		},
		"gui": {
			"rotation": [0, 180, 0],
			"translation": [0, 0.75, 0],
			"scale": [0.3, 0.3, 0.3]
		},
		"fixed": {
			"rotation": [-90, 0, 0],
			"translation": [0, 0, -46.75],
			"scale": [2, 2, 2]
		}
	},
	"groups": [
		0,
		1,
		2,
		3,
		4,
		5,
		6,
		{
			"name": "group",
			"origin": [0, 0, 0],
			"color": 0,
			"children": [7, 8, 9, 10, 11, 12, 13, 14]
		},
		15,
		16,
		17,
		18,
		19,
		20,
		21
	]
}