{
	"credit": "Made with Blockbench",
	"texture_size": [64, 64],
	"textures": {
		"0": "block/eqcit_jump_pole_side",
		"particle": "block/eqcit_jump_pole_side"
	},
	"elements": [
		{
			"from": [14, -1, 6],
			"to": [16, 0, 7],
			"rotation": {"angle": 0, "axis": "y", "origin": [-30, 17, 0]},
			"faces": {
				"north": {"uv": [6.75, 3, 7.25, 3.25], "texture": "#0"},
				"east": {"uv": [7.25, 3.75, 7.5, 4], "texture": "#0"},
				"south": {"uv": [6.75, 3.25, 7.25, 3.5], "texture": "#0"},
				"west": {"uv": [4, 7.25, 4.25, 7.5], "texture": "#0"},
				"up": {"uv": [7.25, 3.75, 6.75, 3.5], "texture": "#0"},
				"down": {"uv": [7.25, 3.75, 6.75, 4], "texture": "#0"}
			}
		},
		{
			"from": [14, -2, 7],
			"to": [16, -1, 9],
			"rotation": {"angle": 0, "axis": "y", "origin": [-30, 17, 0]},
			"faces": {
				"north": {"uv": [6.75, 4, 7.25, 4.25], "texture": "#0"},
				"east": {"uv": [6.75, 4.25, 7.25, 4.5], "texture": "#0"},
				"south": {"uv": [6.75, 4.5, 7.25, 4.75], "texture": "#0"},
				"west": {"uv": [6.75, 4.75, 7.25, 5], "texture": "#0"},
				"up": {"uv": [0.5, 7, 0, 6.5], "texture": "#0"},
				"down": {"uv": [1, 6.5, 0.5, 7], "texture": "#0"}
			}
		},
		{
			"from": [16, -1, 7],
			"to": [17, 1, 9],
			"rotation": {"angle": 0, "axis": "y", "origin": [-30, 17, 0]},
			"faces": {
				"north": {"uv": [0, 7, 0.25, 7.5], "texture": "#0"},
				"east": {"uv": [1, 6.5, 1.5, 7], "texture": "#0"},
				"south": {"uv": [0.25, 7, 0.5, 7.5], "texture": "#0"},
				"west": {"uv": [1.5, 6.5, 2, 7], "texture": "#0"},
				"up": {"uv": [0.75, 7.5, 0.5, 7], "texture": "#0"},
				"down": {"uv": [1, 7, 0.75, 7.5], "texture": "#0"}
			}
		},
		{
			"from": [14, -1, 9],
			"to": [16, 0, 10],
			"rotation": {"angle": 0, "axis": "y", "origin": [-30, 17, 0]},
			"faces": {
				"north": {"uv": [1, 7, 1.5, 7.25], "texture": "#0"},
				"east": {"uv": [7.25, 4, 7.5, 4.25], "texture": "#0"},
				"south": {"uv": [1.5, 7, 2, 7.25], "texture": "#0"},
				"west": {"uv": [4.25, 7.25, 4.5, 7.5], "texture": "#0"},
				"up": {"uv": [2.5, 7.25, 2, 7], "texture": "#0"},
				"down": {"uv": [3, 7, 2.5, 7.25], "texture": "#0"}
			}
		},
		{
			"from": [14, 12, 6],
			"to": [16, 13, 7],
			"rotation": {"angle": 0, "axis": "y", "origin": [-30, 17, 0]},
			"faces": {
				"north": {"uv": [6.75, 3, 7.25, 3.25], "texture": "#0"},
				"east": {"uv": [7.25, 3.75, 7.5, 4], "texture": "#0"},
				"south": {"uv": [6.75, 3.25, 7.25, 3.5], "texture": "#0"},
				"west": {"uv": [4, 7.25, 4.25, 7.5], "texture": "#0"},
				"up": {"uv": [7.25, 3.75, 6.75, 3.5], "texture": "#0"},
				"down": {"uv": [7.25, 3.75, 6.75, 4], "texture": "#0"}
			}
		},
		{
			"from": [14, 11, 7],
			"to": [16, 12, 9],
			"rotation": {"angle": 0, "axis": "y", "origin": [-30, 17, 0]},
			"faces": {
				"north": {"uv": [6.75, 4, 7.25, 4.25], "texture": "#0"},
				"east": {"uv": [6.75, 4.25, 7.25, 4.5], "texture": "#0"},
				"south": {"uv": [6.75, 4.5, 7.25, 4.75], "texture": "#0"},
				"west": {"uv": [6.75, 4.75, 7.25, 5], "texture": "#0"},
				"up": {"uv": [0.5, 7, 0, 6.5], "texture": "#0"},
				"down": {"uv": [1, 6.5, 0.5, 7], "texture": "#0"}
			}
		},
		{
			"from": [16, 12, 7],
			"to": [17, 14, 9],
			"rotation": {"angle": 0, "axis": "y", "origin": [-30, 17, 0]},
			"faces": {
				"north": {"uv": [0, 7, 0.25, 7.5], "texture": "#0"},
				"east": {"uv": [1, 6.5, 1.5, 7], "texture": "#0"},
				"south": {"uv": [0.25, 7, 0.5, 7.5], "texture": "#0"},
				"west": {"uv": [1.5, 6.5, 2, 7], "texture": "#0"},
				"up": {"uv": [0.75, 7.5, 0.5, 7], "texture": "#0"},
				"down": {"uv": [1, 7, 0.75, 7.5], "texture": "#0"}
			}
		},
		{
			"from": [14, 12, 9],
			"to": [16, 13, 10],
			"rotation": {"angle": 0, "axis": "y", "origin": [-30, 17, 0]},
			"faces": {
				"north": {"uv": [1, 7, 1.5, 7.25], "texture": "#0"},
				"east": {"uv": [7.25, 4, 7.5, 4.25], "texture": "#0"},
				"south": {"uv": [1.5, 7, 2, 7.25], "texture": "#0"},
				"west": {"uv": [4.25, 7.25, 4.5, 7.5], "texture": "#0"},
				"up": {"uv": [2.5, 7.25, 2, 7], "texture": "#0"},
				"down": {"uv": [3, 7, 2.5, 7.25], "texture": "#0"}
			}
		},
		{
			"from": [14, 18, 6],
			"to": [16, 19, 7],
			"rotation": {"angle": 0, "axis": "y", "origin": [-30, 17, 0]},
			"faces": {
				"north": {"uv": [6.75, 3, 7.25, 3.25], "texture": "#0"},
				"east": {"uv": [7.25, 3.75, 7.5, 4], "texture": "#0"},
				"south": {"uv": [6.75, 3.25, 7.25, 3.5], "texture": "#0"},
				"west": {"uv": [4, 7.25, 4.25, 7.5], "texture": "#0"},
				"up": {"uv": [7.25, 3.75, 6.75, 3.5], "texture": "#0"},
				"down": {"uv": [7.25, 3.75, 6.75, 4], "texture": "#0"}
			}
		},
		{
			"from": [14, 17, 7],
			"to": [16, 18, 9],
			"rotation": {"angle": 0, "axis": "y", "origin": [-30, 17, 0]},
			"faces": {
				"north": {"uv": [6.75, 4, 7.25, 4.25], "texture": "#0"},
				"east": {"uv": [6.75, 4.25, 7.25, 4.5], "texture": "#0"},
				"south": {"uv": [6.75, 4.5, 7.25, 4.75], "texture": "#0"},
				"west": {"uv": [6.75, 4.75, 7.25, 5], "texture": "#0"},
				"up": {"uv": [0.5, 7, 0, 6.5], "texture": "#0"},
				"down": {"uv": [1, 6.5, 0.5, 7], "texture": "#0"}
			}
		},
		{
			"from": [16, 18, 7],
			"to": [17, 20, 9],
			"rotation": {"angle": 0, "axis": "y", "origin": [-30, 17, 0]},
			"faces": {
				"north": {"uv": [0, 7, 0.25, 7.5], "texture": "#0"},
				"east": {"uv": [1, 6.5, 1.5, 7], "texture": "#0"},
				"south": {"uv": [0.25, 7, 0.5, 7.5], "texture": "#0"},
				"west": {"uv": [1.5, 6.5, 2, 7], "texture": "#0"},
				"up": {"uv": [0.75, 7.5, 0.5, 7], "texture": "#0"},
				"down": {"uv": [1, 7, 0.75, 7.5], "texture": "#0"}
			}
		},
		{
			"from": [14, 18, 9],
			"to": [16, 19, 10],
			"rotation": {"angle": 0, "axis": "y", "origin": [-30, 17, 0]},
			"faces": {
				"north": {"uv": [1, 7, 1.5, 7.25], "texture": "#0"},
				"east": {"uv": [7.25, 4, 7.5, 4.25], "texture": "#0"},
				"south": {"uv": [1.5, 7, 2, 7.25], "texture": "#0"},
				"west": {"uv": [4.25, 7.25, 4.5, 7.5], "texture": "#0"},
				"up": {"uv": [2.5, 7.25, 2, 7], "texture": "#0"},
				"down": {"uv": [3, 7, 2.5, 7.25], "texture": "#0"}
			}
		},
		{
			"from": [0, 18, 7],
			"to": [16, 20, 9],
			"faces": {
				"north": {"uv": [2.75, 4, 6.75, 4.5], "texture": "#0"},
				"east": {"uv": [6.75, 2, 7.25, 2.5], "texture": "#0"},
				"south": {"uv": [2.75, 4.5, 6.75, 5], "texture": "#0"},
				"west": {"uv": [6.75, 2.5, 7.25, 3], "texture": "#0"},
				"up": {"uv": [4, 5.5, 0, 5], "texture": "#0"},
				"down": {"uv": [8, 5, 4, 5.5], "texture": "#0"}
			}
		},
		{
			"from": [0, 12, 7],
			"to": [16, 14, 9],
			"faces": {
				"north": {"uv": [2.75, 2, 6.75, 2.5], "texture": "#0"},
				"east": {"uv": [6.75, 1, 7.25, 1.5], "texture": "#0"},
				"south": {"uv": [2.75, 2.5, 6.75, 3], "texture": "#0"},
				"west": {"uv": [6.75, 1.5, 7.25, 2], "texture": "#0"},
				"up": {"uv": [6.75, 3.5, 2.75, 3], "texture": "#0"},
				"down": {"uv": [6.75, 3.5, 2.75, 4], "texture": "#0"}
			}
		},
		{
			"from": [0, -11, 7.5],
			"to": [11, -1, 8.5],
			"faces": {
				"north": {"uv": [0, 0, 2.75, 2.5], "texture": "#0"},
				"east": {"uv": [6, 6, 6.25, 8.5], "texture": "#0"},
				"south": {"uv": [0, 2.5, 2.75, 5], "texture": "#0"},
				"west": {"uv": [6.25, 6, 6.5, 8.5], "texture": "#0"},
				"up": {"uv": [8.75, 5.75, 6, 5.5], "texture": "#0"},
				"down": {"uv": [8.75, 5.75, 6, 6], "texture": "#0"}
			}
		},
		{
			"from": [0, -1, 7],
			"to": [16, 1, 9],
			"faces": {
				"north": {"uv": [2.75, 0, 6.75, 0.5], "texture": "#0"},
				"east": {"uv": [2, 6.5, 2.5, 7], "texture": "#0"},
				"south": {"uv": [2.75, 0.5, 6.75, 1], "texture": "#0"},
				"west": {"uv": [2.5, 6.5, 3, 7], "texture": "#0"},
				"up": {"uv": [6.75, 1.5, 2.75, 1], "texture": "#0"},
				"down": {"uv": [6.75, 1.5, 2.75, 2], "texture": "#0"}
			}
		},
		{
			"from": [0, -13, 7],
			"to": [12, -11, 9],
			"faces": {
				"north": {"uv": [0, 5.5, 3, 6], "texture": "#0"},
				"east": {"uv": [3, 6.5, 3.5, 7], "texture": "#0"},
				"south": {"uv": [3, 5.5, 6, 6], "texture": "#0"},
				"west": {"uv": [3.5, 6.5, 4, 7], "texture": "#0"},
				"up": {"uv": [3, 6.5, 0, 6], "texture": "#0"},
				"down": {"uv": [6, 6, 3, 6.5], "texture": "#0"}
			}
		}
	],
	"display": {
		"thirdperson_righthand": {
			"translation": [0, 5, 0],
			"scale": [0.5, 0.5, 0.5]
		},
		"thirdperson_lefthand": {
			"translation": [0, 5, 0],
			"scale": [0.5, 0.5, 0.5]
		},
		"firstperson_righthand": {
			"scale": [0.5, 0.5, 0.5]
		},
		"firstperson_lefthand": {
			"scale": [0.5, 0.5, 0.5]
		},
		"ground": {
			"translation": [0, 16.5, 0]
		},
		"gui": {
			"rotation": [0, 180, 0],
			"translation": [0, 0.75, 0],
			"scale": [0.3, 0.3, 0.3]
		},
		"fixed": {
			"rotation": [-90, 0, 0],
			"translation": [0, 0, -46.75],
			"scale": [2, 2, 2]
		}
	},
	"groups": [
		{
			"name": "Cup",
			"origin": [8, 8, 8],
			"color": 0,
			"children": [0, 1, 2, 3]
		},
		{
			"name": "Cup",
			"origin": [8, 8, 8],
			"color": 0,
			"children": [4, 5, 6, 7]
		},
		{
			"name": "Cup",
			"origin": [8, 8, 8],
			"color": 0,
			"children": [8, 9, 10, 11]
		},
		12,
		13,
		14,
		15,
		16
	]
}