{
	"credit": "Made with Blockbench",
	"texture_size": [128, 64],
	"textures": {
		"3": "block/eqcit_jump_stand"
	},
	"elements": [
		{
			"from": [14, -16, 7],
			"to": [16, 25, 9],
			"rotation": {"angle": 0, "axis": "y", "origin": [16, 0, 0]},
			"faces": {
				"north": {"uv": [0.25, 0, 0, 10.25], "texture": "#3"},
				"east": {"uv": [1, 0, 0.75, 10.25], "texture": "#3"},
				"south": {"uv": [0.75, 0, 0.5, 10.25], "texture": "#3"},
				"west": {"uv": [0.5, 0, 0.25, 10.25], "texture": "#3"},
				"up": {"uv": [2.625, 6, 2.875, 5.5], "texture": "#3"},
				"down": {"uv": [2.875, 1.5, 3.125, 2], "texture": "#3"}
			}
		},
		{
			"from": [16, -16, 1],
			"to": [17, -15, 15],
			"rotation": {"angle": 0, "axis": "y", "origin": [16, 0, 0]},
			"faces": {
				"north": {"uv": [3, 3, 2.875, 3.25], "texture": "#3"},
				"east": {"uv": [3.75, 0.25, 2, 0.5], "texture": "#3"},
				"south": {"uv": [3, 3.25, 2.875, 3.5], "texture": "#3"},
				"west": {"uv": [3.75, 0, 2, 0.25], "texture": "#3"},
				"up": {"uv": [2, 4, 2.125, 0.5], "texture": "#3"},
				"down": {"uv": [2, 4, 2.125, 7.5], "texture": "#3"}
			}
		},
		{
			"from": [16, -15, 2],
			"to": [17, -14, 14],
			"rotation": {"angle": 0, "axis": "y", "origin": [16, 0, 0]},
			"faces": {
				"north": {"uv": [3, 3.5, 2.875, 3.75], "texture": "#3"},
				"east": {"uv": [3.875, 1, 2.375, 1.25], "texture": "#3"},
				"south": {"uv": [3, 3.75, 2.875, 4], "texture": "#3"},
				"west": {"uv": [3.625, 4.5, 2.125, 4.75], "texture": "#3"},
				"up": {"uv": [2.375, 4.25, 2.5, 1.25], "texture": "#3"},
				"down": {"uv": [2.125, 4.75, 2.25, 7.75], "texture": "#3"}
			}
		},
		{
			"from": [16, -14, 3],
			"to": [17, -13, 13],
			"rotation": {"angle": 0, "axis": "y", "origin": [16, 0, 0]},
			"faces": {
				"north": {"uv": [3, 5.5, 2.875, 5.75], "texture": "#3"},
				"east": {"uv": [3.875, 1.25, 2.625, 1.5], "texture": "#3"},
				"south": {"uv": [3, 5.75, 2.875, 6], "texture": "#3"},
				"west": {"uv": [3.625, 5, 2.375, 5.25], "texture": "#3"},
				"up": {"uv": [2.625, 4, 2.75, 1.5], "texture": "#3"},
				"down": {"uv": [2.375, 5.25, 2.5, 7.75], "texture": "#3"}
			}
		},
		{
			"from": [1, -16, 7],
			"to": [3, 25, 9],
			"faces": {
				"north": {"uv": [1.25, 0, 1, 10.25], "texture": "#3"},
				"east": {"uv": [2, 0, 1.75, 10.25], "texture": "#3"},
				"south": {"uv": [1.75, 0, 1.5, 10.25], "texture": "#3"},
				"west": {"uv": [1.5, 0, 1.25, 10.25], "texture": "#3"},
				"up": {"uv": [2.875, 2.5, 3.125, 2], "texture": "#3"},
				"down": {"uv": [2.875, 2.5, 3.125, 3], "texture": "#3"}
			}
		},
		{
			"from": [0, -16, 1],
			"to": [1, -15, 15],
			"faces": {
				"north": {"uv": [2.75, 6, 2.625, 6.25], "texture": "#3"},
				"east": {"uv": [3.875, 0.75, 2.125, 1], "texture": "#3"},
				"south": {"uv": [2.875, 6, 2.75, 6.25], "texture": "#3"},
				"west": {"uv": [3.875, 0.5, 2.125, 0.75], "texture": "#3"},
				"up": {"uv": [2.125, 4.5, 2.25, 1], "texture": "#3"},
				"down": {"uv": [2.25, 1, 2.375, 4.5], "texture": "#3"}
			}
		},
		{
			"from": [0, -15, 2],
			"to": [1, -14, 14],
			"faces": {
				"north": {"uv": [3.125, 3.5, 3, 3.75], "texture": "#3"},
				"east": {"uv": [3.75, 4.75, 2.25, 5], "texture": "#3"},
				"south": {"uv": [3.125, 3.75, 3, 4], "texture": "#3"},
				"west": {"uv": [3.875, 4.25, 2.375, 4.5], "texture": "#3"},
				"up": {"uv": [2.5, 4.25, 2.625, 1.25], "texture": "#3"},
				"down": {"uv": [2.25, 5, 2.375, 8], "texture": "#3"}
			}
		},
		{
			"from": [0, -14, 3],
			"to": [1, -13, 13],
			"faces": {
				"north": {"uv": [3.125, 3, 3, 3.25], "texture": "#3"},
				"east": {"uv": [3.75, 5.25, 2.5, 5.5], "texture": "#3"},
				"south": {"uv": [3.125, 3.25, 3, 3.5], "texture": "#3"},
				"west": {"uv": [3.875, 4, 2.625, 4.25], "texture": "#3"},
				"up": {"uv": [2.75, 4, 2.875, 1.5], "texture": "#3"},
				"down": {"uv": [2.5, 5.5, 2.625, 8], "texture": "#3"}
			}
		},
		{
			"from": [3, -9, 8],
			"to": [14, 32, 8],
			"rotation": {"angle": 0, "axis": "y", "origin": [16, 0, 0]},
			"faces": {
				"north": {"uv": [9.375, 0, 8, 10.25], "texture": "#3"},
				"east": {"uv": [8, 0, 8, 10.25], "texture": "#3"},
				"south": {"uv": [10.75, 0, 9.375, 10.25], "texture": "#3"},
				"west": {"uv": [8, 0, 8, 10.25], "texture": "#3"},
				"up": {"uv": [8, 0, 9.375, 0], "texture": "#3"},
				"down": {"uv": [8, 0, 9.375, 0], "texture": "#3"}
			}
		}
	],
	"display": {
		"thirdperson_righthand": {
			"translation": [0, 5, 0],
			"scale": [0.5, 0.5, 0.5]
		},
		"thirdperson_lefthand": {
			"translation": [0, 5, 0],
			"scale": [0.5, 0.5, 0.5]
		},
		"firstperson_righthand": {
			"scale": [0.5, 0.5, 0.5]
		},
		"firstperson_lefthand": {
			"scale": [0.5, 0.5, 0.5]
		},
		"ground": {
			"translation": [0, 20.75, 0]
		},
		"gui": {
			"translation": [0, 0.25, 0],
			"scale": [0.3, 0.3, 0.3]
		},
		"fixed": {
			"rotation": [-90, 0, 0],
			"translation": [0, 0, -46.75],
			"scale": [2, 2, 2]
		}
	}
}