{
	"credit": "Made with Blockbench",
	"texture_size": [64, 64],
	"textures": {
		"0": "block/feed_bag_timothy",
		"particle": "block/feed_bag_timothy"
	},
	"elements": [
		{
			"from": [0, 0, -2],
			"to": [16, 4, 14],
			"rotation": {"angle": 0, "axis": "x", "origin": [0, 12, -2]},
			"faces": {
				"north": {"uv": [10, 6, 6, 7], "rotation": 180, "texture": "#0"},
				"east": {"uv": [4, 5, 5, 9], "rotation": 270, "texture": "#0"},
				"south": {"uv": [10, 6, 6, 5], "texture": "#0"},
				"west": {"uv": [5, 5, 6, 9], "rotation": 90, "texture": "#0"},
				"up": {"uv": [0, 0, 4, 4], "rotation": 180, "texture": "#0"},
				"down": {"uv": [0, 4, 4, 8], "texture": "#0"}
			}
		},
		{
			"from": [0.1, -2, 14],
			"to": [0.1, 6, 19],
			"rotation": {"angle": 0, "axis": "x", "origin": [0, 12, -2]},
			"faces": {
				"north": {"uv": [0, 0, 0, 2], "rotation": 180, "texture": "#0"},
				"east": {"uv": [0, 8, 2, 9.25], "rotation": 270, "texture": "#0"},
				"south": {"uv": [0, 2, 0, 0], "texture": "#0"},
				"west": {"uv": [8, 0, 10, 1.25], "rotation": 90, "texture": "#0"},
				"up": {"uv": [0, 0, 0, 1.25], "rotation": 180, "texture": "#0"},
				"down": {"uv": [0, 0, 0, 1.25], "texture": "#0"}
			}
		},
		{
			"from": [15.9, -2, 14],
			"to": [15.9, 6, 19],
			"rotation": {"angle": 0, "axis": "x", "origin": [0, 12, -2]},
			"faces": {
				"north": {"uv": [0, 0, 0, 2], "rotation": 180, "texture": "#0"},
				"east": {"uv": [8, 1.25, 10, 2.5], "rotation": 270, "texture": "#0"},
				"south": {"uv": [0, 2, 0, 0], "texture": "#0"},
				"west": {"uv": [2, 8, 4, 9.25], "rotation": 90, "texture": "#0"},
				"up": {"uv": [0, 0, 0, 1.25], "rotation": 180, "texture": "#0"},
				"down": {"uv": [0, 0, 0, 1.25], "texture": "#0"}
			}
		},
		{
			"from": [0, 10.4, 15.8],
			"to": [16, 10.7, 20.6],
			"rotation": {"angle": 22.5, "axis": "x", "origin": [0.3, 12, -2]},
			"faces": {
				"north": {"uv": [12, 2.75, 8, 2.8125], "rotation": 180, "texture": "#0"},
				"east": {"uv": [6.5, 8.5, 6.5625, 9.6875], "rotation": 270, "texture": "#0"},
				"south": {"uv": [12, 2.5625, 8, 2.5], "texture": "#0"},
				"west": {"uv": [6.75, 8.5, 6.8125, 9.6875], "rotation": 90, "texture": "#0"},
				"up": {"uv": [4, 2.5, 8, 3.6875], "rotation": 180, "texture": "#0"},
				"down": {"uv": [4, 3.75, 8, 4.9375], "texture": "#0"}
			}
		},
		{
			"from": [0, -5.2, 8.1],
			"to": [16, -4.9, 13],
			"rotation": {"angle": -22.5, "axis": "x", "origin": [0, 12, -2]},
			"faces": {
				"north": {"uv": [12, 3.25, 8, 3.3125], "rotation": 180, "texture": "#0"},
				"east": {"uv": [6, 8.5, 6.0625, 9.75], "rotation": 270, "texture": "#0"},
				"south": {"uv": [12, 3.0625, 8, 3], "texture": "#0"},
				"west": {"uv": [6.25, 8.5, 6.3125, 9.75], "rotation": 90, "texture": "#0"},
				"up": {"uv": [4, 0, 8, 1.25], "rotation": 180, "texture": "#0"},
				"down": {"uv": [4, 1.25, 8, 2.5], "texture": "#0"}
			}
		},
		{
			"from": [0, 1.85, 18],
			"to": [16, 2.15, 21],
			"rotation": {"angle": 0, "axis": "x", "origin": [0, 12, -2]},
			"faces": {
				"north": {"uv": [12, 3.75, 8, 3.8125], "rotation": 180, "texture": "#0"},
				"east": {"uv": [8, 4, 8.0625, 4.75], "rotation": 270, "texture": "#0"},
				"south": {"uv": [12, 3.5625, 8, 3.5], "texture": "#0"},
				"west": {"uv": [8.25, 4, 8.3125, 4.75], "rotation": 90, "texture": "#0"},
				"up": {"uv": [6, 7, 10, 7.75], "rotation": 180, "texture": "#0"},
				"down": {"uv": [6, 7.75, 10, 8.5], "texture": "#0"}
			}
		}
	],
	"display": {
		"ground": {
			"translation": [0, 4.25, 0]
		},
		"gui": {
			"rotation": [0, 180, 0],
			"translation": [0, -2, 0],
			"scale": [0.6, 0.6, 1]
		},
		"fixed": {
			"rotation": [-90, 0, 0],
			"translation": [0, 0, -15],
			"scale": [2, 2, 2]
		}
	},
	"groups": [
		{
			"name": "bone",
			"origin": [0, 0, 0],
			"color": 0,
			"children": [0, 1, 2, 3, 4, 5]
		}
	]
}