{
	"credit": "Made with Blockbench",
	"texture_size": [256, 256],
	"textures": {
		"0": "block/feed_bin",
		"particle": "block/feed_bin"
	},
	"elements": [
		{
			"from": [-16, 0, -3],
			"to": [32, 18, -2],
			"rotation": {"angle": 0, "axis": "y", "origin": [0, 0, -2]},
			"faces": {
				"north": {"uv": [0.0625, 3.4375, 3.0625, 4.5625], "texture": "#0"},
				"east": {"uv": [0, 3.4375, 0.0625, 4.5625], "texture": "#0"},
				"south": {"uv": [3.125, 3.4375, 6.125, 4.5625], "texture": "#0"},
				"west": {"uv": [3.0625, 3.4375, 3.125, 4.5625], "texture": "#0"},
				"up": {"uv": [3.0625, 3.4375, 0.0625, 3.375], "texture": "#0"},
				"down": {"uv": [6.0625, 3.375, 3.0625, 3.4375], "texture": "#0"}
			}
		},
		{
			"from": [-16, 0, 14],
			"to": [32, 18, 15],
			"rotation": {"angle": 0, "axis": "y", "origin": [0, 0, -2]},
			"faces": {
				"north": {"uv": [0.0625, 2.25, 3.0625, 3.375], "texture": "#0"},
				"east": {"uv": [0, 2.25, 0.0625, 3.375], "texture": "#0"},
				"south": {"uv": [3.125, 2.25, 6.125, 3.375], "texture": "#0"},
				"west": {"uv": [3.0625, 2.25, 3.125, 3.375], "texture": "#0"},
				"up": {"uv": [3.0625, 2.25, 0.0625, 2.1875], "texture": "#0"},
				"down": {"uv": [6.0625, 2.1875, 3.0625, 2.25], "texture": "#0"}
			}
		},
		{
			"from": [-16, 0, -2],
			"to": [-15, 18, 14],
			"rotation": {"angle": 0, "axis": "y", "origin": [0, 0, -2]},
			"faces": {
				"north": {"uv": [3.125, 5.9375, 3.1875, 7.0625], "texture": "#0"},
				"east": {"uv": [2.125, 5.9375, 3.125, 7.0625], "texture": "#0"},
				"south": {"uv": [4.1875, 5.9375, 4.25, 7.0625], "texture": "#0"},
				"west": {"uv": [3.1875, 5.9375, 4.1875, 7.0625], "texture": "#0"},
				"up": {"uv": [3.1875, 5.9375, 3.125, 4.9375], "texture": "#0"},
				"down": {"uv": [3.25, 4.9375, 3.1875, 5.9375], "texture": "#0"}
			}
		},
		{
			"from": [31, 0, -2],
			"to": [32, 18, 14],
			"rotation": {"angle": 0, "axis": "y", "origin": [0, 0, -2]},
			"faces": {
				"north": {"uv": [1, 5.9375, 1.0625, 7.0625], "texture": "#0"},
				"east": {"uv": [0, 5.9375, 1, 7.0625], "texture": "#0"},
				"south": {"uv": [2.0625, 5.9375, 2.125, 7.0625], "texture": "#0"},
				"west": {"uv": [1.0625, 5.9375, 2.0625, 7.0625], "texture": "#0"},
				"up": {"uv": [1.0625, 5.9375, 1, 4.9375], "texture": "#0"},
				"down": {"uv": [1.125, 4.9375, 1.0625, 5.9375], "texture": "#0"}
			}
		},
		{
			"from": [-15, 16, -2],
			"to": [31, 16, 14],
			"rotation": {"angle": 0, "axis": "y", "origin": [0, 0, -2]},
			"faces": {
				"north": {"uv": [1, 2.1875, 3.875, 2.1875], "texture": "#0"},
				"east": {"uv": [0, 2.1875, 1, 2.1875], "texture": "#0"},
				"south": {"uv": [4.875, 2.1875, 7.75, 2.1875], "texture": "#0"},
				"west": {"uv": [3.875, 2.1875, 4.875, 2.1875], "texture": "#0"},
				"up": {"uv": [3.875, 2.1875, 1, 1.1875], "texture": "#0"},
				"down": {"uv": [6.75, 1.1875, 3.875, 2.1875], "texture": "#0"}
			}
		},
		{
			"from": [16, 16, -2],
			"to": [17, 18, 14],
			"rotation": {"angle": 0, "axis": "y", "origin": [0, 0, -2]},
			"faces": {
				"north": {"uv": [4.25, 7.0625, 4.3125, 7.1875], "texture": "#0"},
				"east": {"uv": [3.25, 7.0625, 4.25, 7.1875], "texture": "#0"},
				"south": {"uv": [5.3125, 7.0625, 5.375, 7.1875], "texture": "#0"},
				"west": {"uv": [4.3125, 7.0625, 5.3125, 7.1875], "texture": "#0"},
				"up": {"uv": [4.3125, 7.0625, 4.25, 6.0625], "texture": "#0"},
				"down": {"uv": [4.375, 6.0625, 4.3125, 7.0625], "texture": "#0"}
			}
		},
		{
			"from": [0, 16, -2],
			"to": [1, 18, 14],
			"rotation": {"angle": 0, "axis": "y", "origin": [0, 0, -2]},
			"faces": {
				"north": {"uv": [6.375, 6.0625, 6.4375, 6.1875], "texture": "#0"},
				"east": {"uv": [5.375, 6.0625, 6.375, 6.1875], "texture": "#0"},
				"south": {"uv": [7.4375, 6.0625, 7.5, 6.1875], "texture": "#0"},
				"west": {"uv": [6.4375, 6.0625, 7.4375, 6.1875], "texture": "#0"},
				"up": {"uv": [6.4375, 6.0625, 6.375, 5.0625], "texture": "#0"},
				"down": {"uv": [6.5, 5.0625, 6.4375, 6.0625], "texture": "#0"}
			}
		},
		{
			"from": [31, 18, -3],
			"to": [32, 20, 13],
			"rotation": {"angle": 45, "axis": "x", "origin": [8, 18, 14]},
			"faces": {
				"north": {"uv": [6.375, 4.9375, 6.4375, 5.0625], "texture": "#0"},
				"east": {"uv": [5.375, 4.9375, 6.375, 5.0625], "texture": "#0"},
				"south": {"uv": [7.4375, 4.9375, 7.5, 5.0625], "texture": "#0"},
				"west": {"uv": [6.4375, 4.9375, 7.4375, 5.0625], "texture": "#0"},
				"up": {"uv": [6.4375, 4.9375, 6.375, 3.9375], "texture": "#0"},
				"down": {"uv": [6.5, 3.9375, 6.4375, 4.9375], "texture": "#0"}
			}
		},
		{
			"from": [-16, 18, -3],
			"to": [-15, 20, 13],
			"rotation": {"angle": 45, "axis": "x", "origin": [8, 18, 14]},
			"faces": {
				"north": {"uv": [5.25, 5.9375, 5.3125, 6.0625], "texture": "#0"},
				"east": {"uv": [4.25, 5.9375, 5.25, 6.0625], "texture": "#0"},
				"south": {"uv": [6.3125, 5.9375, 6.375, 6.0625], "texture": "#0"},
				"west": {"uv": [5.3125, 5.9375, 6.3125, 6.0625], "texture": "#0"},
				"up": {"uv": [5.3125, 5.9375, 5.25, 4.9375], "texture": "#0"},
				"down": {"uv": [5.375, 4.9375, 5.3125, 5.9375], "texture": "#0"}
			}
		},
		{
			"from": [-16, 18, -4],
			"to": [32, 20, -3],
			"rotation": {"angle": 45, "axis": "x", "origin": [8, 18, 14]},
			"faces": {
				"north": {"uv": [0.0625, 4.8125, 3.0625, 4.9375], "texture": "#0"},
				"east": {"uv": [0, 4.8125, 0.0625, 4.9375], "texture": "#0"},
				"south": {"uv": [3.125, 4.8125, 6.125, 4.9375], "texture": "#0"},
				"west": {"uv": [3.0625, 4.8125, 3.125, 4.9375], "texture": "#0"},
				"up": {"uv": [3.0625, 4.8125, 0.0625, 4.75], "texture": "#0"},
				"down": {"uv": [6.0625, 4.75, 3.0625, 4.8125], "texture": "#0"}
			}
		},
		{
			"from": [-16, 18, 13],
			"to": [32, 20, 14],
			"rotation": {"angle": 45, "axis": "x", "origin": [8, 18, 14]},
			"faces": {
				"north": {"uv": [0.0625, 4.625, 3.0625, 4.75], "texture": "#0"},
				"east": {"uv": [0, 4.625, 0.0625, 4.75], "texture": "#0"},
				"south": {"uv": [3.125, 4.625, 6.125, 4.75], "texture": "#0"},
				"west": {"uv": [3.0625, 4.625, 3.125, 4.75], "texture": "#0"},
				"up": {"uv": [3.0625, 4.625, 0.0625, 4.5625], "texture": "#0"},
				"down": {"uv": [6.0625, 4.5625, 3.0625, 4.625], "texture": "#0"}
			}
		},
		{
			"from": [-16, 20, -4],
			"to": [32, 21, 14],
			"rotation": {"angle": 45, "axis": "x", "origin": [8, 18, 14]},
			"faces": {
				"north": {"uv": [1.125, 1.125, 4.125, 1.1875], "texture": "#0"},
				"east": {"uv": [0, 1.125, 1.125, 1.1875], "texture": "#0"},
				"south": {"uv": [5.25, 1.125, 8.25, 1.1875], "texture": "#0"},
				"west": {"uv": [4.125, 1.125, 5.25, 1.1875], "texture": "#0"},
				"up": {"uv": [4.125, 1.125, 1.125, 0], "texture": "#0"},
				"down": {"uv": [7.125, 0, 4.125, 1.125], "texture": "#0"}
			}
		}
	],
	"display": {
		"thirdperson_righthand": {
			"scale": [0.3, 0.3, 0.3]
		},
		"thirdperson_lefthand": {
			"scale": [0.3, 0.3, 0.3]
		},
		"firstperson_righthand": {
			"scale": [0.3, 0.3, 0.3]
		},
		"firstperson_lefthand": {
			"scale": [0.3, 0.3, 0.3]
		},
		"ground": {
			"translation": [0, 3.75, 0]
		},
		"gui": {
			"rotation": [0, 172, 0],
			"translation": [0, -2.25, 0],
			"scale": [0.3, 0.3, 0.3]
		},
		"fixed": {
			"rotation": [-90, 0, 0],
			"translation": [0, 0, 17],
			"scale": [2, 2, 2]
		}
	}
}