{
	"credit": "Made with Blockbench",
	"texture_size": [64, 64],
	"textures": {
		"1": "block/feed_bag_oat"
	},
	"elements": [
		{
			"from": [0, 5, 6],
			"to": [16, 21, 10],
			"rotation": {"angle": 22.5, "axis": "x", "origin": [0, 5, -2]},
			"faces": {
				"north": {"uv": [0, 0, 4, 4], "texture": "#1"},
				"east": {"uv": [4, 5, 5, 9], "texture": "#1"},
				"south": {"uv": [0, 4, 4, 8], "texture": "#1"},
				"west": {"uv": [5, 5, 6, 9], "texture": "#1"},
				"up": {"uv": [10, 6, 6, 5], "texture": "#1"},
				"down": {"uv": [10, 6, 6, 7], "texture": "#1"}
			}
		},
		{
			"from": [0.1, 21, 4],
			"to": [0.1, 26, 12],
			"rotation": {"angle": 22.5, "axis": "x", "origin": [0, 5, -2]},
			"faces": {
				"north": {"uv": [0, 0, 0, 1.25], "texture": "#1"},
				"east": {"uv": [0, 8, 2, 9.25], "texture": "#1"},
				"south": {"uv": [0, 0, 0, 1.25], "texture": "#1"},
				"west": {"uv": [8, 0, 10, 1.25], "texture": "#1"},
				"up": {"uv": [0, 2, 0, 0], "texture": "#1"},
				"down": {"uv": [0, 0, 0, 2], "texture": "#1"}
			}
		},
		{
			"from": [15.9, 21, 4],
			"to": [15.9, 26, 12],
			"rotation": {"angle": 22.5, "axis": "x", "origin": [0, 5, -2]},
			"faces": {
				"north": {"uv": [0, 0, 0, 1.25], "texture": "#1"},
				"east": {"uv": [8, 1.25, 10, 2.5], "texture": "#1"},
				"south": {"uv": [0, 0, 0, 1.25], "texture": "#1"},
				"west": {"uv": [2, 8, 4, 9.25], "texture": "#1"},
				"up": {"uv": [0, 2, 0, 0], "texture": "#1"},
				"down": {"uv": [0, 0, 0, 2], "texture": "#1"}
			}
		},
		{
			"from": [0, 22.8, -0.7],
			"to": [16, 27.6, -0.4],
			"rotation": {"angle": 45, "axis": "x", "origin": [0.3, 5, -2]},
			"faces": {
				"north": {"uv": [4, 2.5, 8, 3.6875], "texture": "#1"},
				"east": {"uv": [6.5, 8.5, 6.5625, 9.6875], "texture": "#1"},
				"south": {"uv": [4, 3.75, 8, 4.9375], "texture": "#1"},
				"west": {"uv": [6.75, 8.5, 6.8125, 9.6875], "texture": "#1"},
				"up": {"uv": [12, 2.5625, 8, 2.5], "texture": "#1"},
				"down": {"uv": [12, 2.75, 8, 2.8125], "texture": "#1"}
			}
		},
		{
			"from": [0, 15.1, 14.9],
			"to": [16, 20, 15.2],
			"rotation": {"angle": 0, "axis": "x", "origin": [0, 5, -2]},
			"faces": {
				"north": {"uv": [4, 0, 8, 1.25], "texture": "#1"},
				"east": {"uv": [6, 8.5, 6.0625, 9.75], "texture": "#1"},
				"south": {"uv": [4, 1.25, 8, 2.5], "texture": "#1"},
				"west": {"uv": [6.25, 8.5, 6.3125, 9.75], "texture": "#1"},
				"up": {"uv": [12, 3.0625, 8, 3], "texture": "#1"},
				"down": {"uv": [12, 3.25, 8, 3.3125], "texture": "#1"}
			}
		},
		{
			"from": [0, 25, 7.85],
			"to": [16, 28, 8.15],
			"rotation": {"angle": 22.5, "axis": "x", "origin": [0, 5, -2]},
			"faces": {
				"north": {"uv": [6, 7, 10, 7.75], "texture": "#1"},
				"east": {"uv": [8, 4, 8.0625, 4.75], "texture": "#1"},
				"south": {"uv": [6, 7.75, 10, 8.5], "texture": "#1"},
				"west": {"uv": [8.25, 4, 8.3125, 4.75], "texture": "#1"},
				"up": {"uv": [12, 3.5625, 8, 3.5], "texture": "#1"},
				"down": {"uv": [12, 3.75, 8, 3.8125], "texture": "#1"}
			}
		}
	],
	"display": {
		"ground": {
			"translation": [0, 4.25, 0]
		},
		"gui": {
			"rotation": [0, 180, 0],
			"translation": [0, -2, 0],
			"scale": [0.6, 0.6, 1]
		},
		"fixed": {
			"rotation": [-90, 0, 0],
			"translation": [0, 0, -14.25],
			"scale": [2, 2, 2]
		}
	},
	"groups": [
		{
			"name": "bone",
			"origin": [0, 0, 0],
			"color": 0,
			"children": [0, 1, 2, 3, 4, 5]
		}
	]
}