{
	"credit": "Made with Blockbench",
	"texture_size": [32, 32],
	"textures": {
		"3": "block/start_finish_stand",
		"4": "block/finish_sign"
	},
	"elements": [
		{
			"from": [0, 0, 2],
			"to": [2, 1, 14],
			"faces": {
				"north": {"uv": [6, 9, 7, 9.5], "texture": "#3"},
				"east": {"uv": [9, 1, 15, 1.5], "texture": "#3"},
				"south": {"uv": [7, 9, 8, 9.5], "texture": "#3"},
				"west": {"uv": [9, 1.5, 15, 2], "texture": "#3"},
				"up": {"uv": [1, 14, 0, 8], "texture": "#3"},
				"down": {"uv": [9, 0, 8, 6], "texture": "#3"}
			}
		},
		{
			"from": [14, 0, 2],
			"to": [16, 1, 14],
			"faces": {
				"north": {"uv": [8, 9, 9, 9.5], "texture": "#3"},
				"east": {"uv": [9, 2, 15, 2.5], "texture": "#3"},
				"south": {"uv": [9, 8, 10, 8.5], "texture": "#3"},
				"west": {"uv": [9, 2.5, 15, 3], "texture": "#3"},
				"up": {"uv": [2, 14, 1, 8], "texture": "#3"},
				"down": {"uv": [3, 8, 2, 14], "texture": "#3"}
			}
		},
		{
			"from": [0, 1, 7],
			"to": [2, 17, 9],
			"faces": {
				"north": {"uv": [0, 0, 1, 8], "texture": "#3"},
				"east": {"uv": [1, 0, 2, 8], "texture": "#3"},
				"south": {"uv": [2, 0, 3, 8], "texture": "#3"},
				"west": {"uv": [3, 0, 4, 8], "texture": "#3"},
				"up": {"uv": [4, 10, 3, 9], "texture": "#3"},
				"down": {"uv": [10, 3, 9, 4], "texture": "#3"}
			}
		},
		{
			"from": [14, 1, 7],
			"to": [16, 17, 9],
			"faces": {
				"north": {"uv": [4, 0, 5, 8], "texture": "#3"},
				"east": {"uv": [5, 0, 6, 8], "texture": "#3"},
				"south": {"uv": [6, 0, 7, 8], "texture": "#3"},
				"west": {"uv": [7, 0, 8, 8], "texture": "#3"},
				"up": {"uv": [5, 10, 4, 9], "texture": "#3"},
				"down": {"uv": [10, 4, 9, 5], "texture": "#3"}
			}
		},
		{
			"from": [2, 3, 7],
			"to": [14, 5, 9],
			"faces": {
				"north": {"uv": [3, 8, 9, 9], "texture": "#3"},
				"east": {"uv": [5, 9, 6, 10], "texture": "#3"},
				"south": {"uv": [8, 6, 14, 7], "texture": "#3"},
				"west": {"uv": [9, 5, 10, 6], "texture": "#3"},
				"up": {"uv": [14, 8, 8, 7], "texture": "#3"},
				"down": {"uv": [15, 0, 9, 1], "texture": "#3"}
			}
		},
		{
			"name": "Sign",
			"from": [2, 5, 8],
			"to": [14, 15, 8],
			"faces": {
				"north": {"uv": [0, 0, 6, 5], "texture": "#4"},
				"east": {"uv": [0, 0, 0, 5], "texture": "#4"},
				"south": {"uv": [0, 5, 6, 10], "texture": "#4"},
				"west": {"uv": [0, 0, 0, 5], "texture": "#4"},
				"up": {"uv": [6, 0, 0, 0], "texture": "#4"},
				"down": {"uv": [6, 0, 0, 0], "texture": "#4"}
			}
		}
	],
	"display": {
		"thirdperson_righthand": {
			"scale": [0.3, 0.3, 0.3]
		},
		"thirdperson_lefthand": {
			"scale": [0.3, 0.3, 0.3]
		},
		"firstperson_righthand": {
			"scale": [0.3, 0.3, 0.3]
		},
		"firstperson_lefthand": {
			"scale": [0.3, 0.3, 0.3]
		},
		"ground": {
			"translation": [0, 4.25, 0]
		},
		"gui": {
			"scale": [0.5, 0.5, 0.5]
		},
		"fixed": {
			"rotation": [-90, 0, 0],
			"translation": [0, 0, -14],
			"scale": [2, 2, 2]
		}
	},
	"groups": [
		{
			"name": "Stand",
			"origin": [0, 0, 0],
			"color": 0,
			"children": [0, 1, 2, 3, 4]
		},
		5
	]
}