{
	"credit": "Made with Blockbench",
	"texture_size": [32, 32],
	"textures": {
		"0": "block/gay_jump_pole_side",
		"particle": "block/gay_jump_pole_side"
	},
	"elements": [
		{
			"from": [0, 28, 7],
			"to": [15, 30, 9],
			"rotation": {"angle": 0, "axis": "y", "origin": [-30, 0, -1]},
			"faces": {
				"north": {"uv": [0, 0, 7.5, 1], "texture": "#0"},
				"east": {"uv": [0, 8, 1, 9], "texture": "#0"},
				"south": {"uv": [0, 1, 7.5, 2], "texture": "#0"},
				"west": {"uv": [1, 8, 2, 9], "texture": "#0"},
				"up": {"uv": [7.5, 3, 0, 2], "texture": "#0"},
				"down": {"uv": [7.5, 3, 0, 4], "texture": "#0"}
			}
		},
		{
			"from": [13, 28, 6],
			"to": [15, 29, 7],
			"rotation": {"angle": 0, "axis": "y", "origin": [-30, 17, 0]},
			"faces": {
				"north": {"uv": [4, 10, 5, 10.5], "texture": "#0"},
				"east": {"uv": [10, 12, 10.5, 12.5], "texture": "#0"},
				"south": {"uv": [5, 10, 6, 10.5], "texture": "#0"},
				"west": {"uv": [10.5, 12, 11, 12.5], "texture": "#0"},
				"up": {"uv": [7, 10.5, 6, 10], "texture": "#0"},
				"down": {"uv": [8, 10, 7, 10.5], "texture": "#0"}
			}
		},
		{
			"from": [13, 27, 7],
			"to": [15, 28, 9],
			"rotation": {"angle": 0, "axis": "y", "origin": [-30, 17, 0]},
			"faces": {
				"north": {"uv": [8, 10, 9, 10.5], "texture": "#0"},
				"east": {"uv": [10, 8, 11, 8.5], "texture": "#0"},
				"south": {"uv": [10, 8.5, 11, 9], "texture": "#0"},
				"west": {"uv": [9, 10, 10, 10.5], "texture": "#0"},
				"up": {"uv": [3, 9, 2, 8], "texture": "#0"},
				"down": {"uv": [4, 8, 3, 9], "texture": "#0"}
			}
		},
		{
			"from": [15, 28, 7],
			"to": [16, 30, 9],
			"rotation": {"angle": 0, "axis": "y", "origin": [-30, 17, 0]},
			"faces": {
				"north": {"uv": [10, 9, 10.5, 10], "texture": "#0"},
				"east": {"uv": [4, 8, 5, 9], "texture": "#0"},
				"south": {"uv": [10, 10, 10.5, 11], "texture": "#0"},
				"west": {"uv": [5, 8, 6, 9], "texture": "#0"},
				"up": {"uv": [4.5, 11.5, 4, 10.5], "texture": "#0"},
				"down": {"uv": [5, 10.5, 4.5, 11.5], "texture": "#0"}
			}
		},
		{
			"from": [13, 28, 9],
			"to": [15, 29, 10],
			"rotation": {"angle": 0, "axis": "y", "origin": [-30, 17, 0]},
			"faces": {
				"north": {"uv": [5, 10.5, 6, 11], "texture": "#0"},
				"east": {"uv": [11, 12, 11.5, 12.5], "texture": "#0"},
				"south": {"uv": [6, 10.5, 7, 11], "texture": "#0"},
				"west": {"uv": [12, 11, 12.5, 11.5], "texture": "#0"},
				"up": {"uv": [8, 11, 7, 10.5], "texture": "#0"},
				"down": {"uv": [9, 10.5, 8, 11], "texture": "#0"}
			}
		},
		{
			"from": [0, 22, 7],
			"to": [15, 24, 9],
			"rotation": {"angle": 0, "axis": "y", "origin": [-30, 0, -1]},
			"faces": {
				"north": {"uv": [0, 4, 7.5, 5], "texture": "#0"},
				"east": {"uv": [6, 8, 7, 9], "texture": "#0"},
				"south": {"uv": [0, 5, 7.5, 6], "texture": "#0"},
				"west": {"uv": [7, 8, 8, 9], "texture": "#0"},
				"up": {"uv": [7.5, 7, 0, 6], "texture": "#0"},
				"down": {"uv": [7.5, 7, 0, 8], "texture": "#0"}
			}
		},
		{
			"from": [13, 22, 6],
			"to": [15, 23, 7],
			"rotation": {"angle": 0, "axis": "y", "origin": [-30, 17, 0]},
			"faces": {
				"north": {"uv": [9, 10.5, 10, 11], "texture": "#0"},
				"east": {"uv": [11.5, 12, 12, 12.5], "texture": "#0"},
				"south": {"uv": [10.5, 9, 11.5, 9.5], "texture": "#0"},
				"west": {"uv": [12, 11.5, 12.5, 12], "texture": "#0"},
				"up": {"uv": [11.5, 10, 10.5, 9.5], "texture": "#0"},
				"down": {"uv": [11.5, 10, 10.5, 10.5], "texture": "#0"}
			}
		},
		{
			"from": [13, 21, 7],
			"to": [15, 22, 9],
			"rotation": {"angle": 0, "axis": "y", "origin": [-30, 17, 0]},
			"faces": {
				"north": {"uv": [10.5, 10.5, 11.5, 11], "texture": "#0"},
				"east": {"uv": [0, 11, 1, 11.5], "texture": "#0"},
				"south": {"uv": [1, 11, 2, 11.5], "texture": "#0"},
				"west": {"uv": [2, 11, 3, 11.5], "texture": "#0"},
				"up": {"uv": [9, 9, 8, 8], "texture": "#0"},
				"down": {"uv": [1, 9, 0, 10], "texture": "#0"}
			}
		},
		{
			"from": [15, 22, 7],
			"to": [16, 24, 9],
			"rotation": {"angle": 0, "axis": "y", "origin": [-30, 17, 0]},
			"faces": {
				"north": {"uv": [3, 11, 3.5, 12], "texture": "#0"},
				"east": {"uv": [1, 9, 2, 10], "texture": "#0"},
				"south": {"uv": [3.5, 11, 4, 12], "texture": "#0"},
				"west": {"uv": [2, 9, 3, 10], "texture": "#0"},
				"up": {"uv": [5.5, 12, 5, 11], "texture": "#0"},
				"down": {"uv": [6, 11, 5.5, 12], "texture": "#0"}
			}
		},
		{
			"from": [13, 22, 9],
			"to": [15, 23, 10],
			"rotation": {"angle": 0, "axis": "y", "origin": [-30, 17, 0]},
			"faces": {
				"north": {"uv": [6, 11, 7, 11.5], "texture": "#0"},
				"east": {"uv": [12, 12, 12.5, 12.5], "texture": "#0"},
				"south": {"uv": [7, 11, 8, 11.5], "texture": "#0"},
				"west": {"uv": [0, 12.5, 0.5, 13], "texture": "#0"},
				"up": {"uv": [9, 11.5, 8, 11], "texture": "#0"},
				"down": {"uv": [12, 8, 11, 8.5], "texture": "#0"}
			}
		},
		{
			"from": [0, 16, 7],
			"to": [15, 18, 9],
			"rotation": {"angle": 0, "axis": "y", "origin": [-30, 0, -1]},
			"faces": {
				"north": {"uv": [7.5, 0, 15, 1], "texture": "#0"},
				"east": {"uv": [3, 9, 4, 10], "texture": "#0"},
				"south": {"uv": [7.5, 1, 15, 2], "texture": "#0"},
				"west": {"uv": [4, 9, 5, 10], "texture": "#0"},
				"up": {"uv": [15, 3, 7.5, 2], "texture": "#0"},
				"down": {"uv": [15, 3, 7.5, 4], "texture": "#0"}
			}
		},
		{
			"from": [13, 16, 6],
			"to": [15, 17, 7],
			"rotation": {"angle": 0, "axis": "y", "origin": [-30, 17, 0]},
			"faces": {
				"north": {"uv": [11, 8.5, 12, 9], "texture": "#0"},
				"east": {"uv": [0.5, 12.5, 1, 13], "texture": "#0"},
				"south": {"uv": [9, 11, 10, 11.5], "texture": "#0"},
				"west": {"uv": [1, 12.5, 1.5, 13], "texture": "#0"},
				"up": {"uv": [11, 11.5, 10, 11], "texture": "#0"},
				"down": {"uv": [12, 11, 11, 11.5], "texture": "#0"}
			}
		},
		{
			"from": [13, 15, 7],
			"to": [15, 16, 9],
			"rotation": {"angle": 0, "axis": "y", "origin": [-30, 17, 0]},
			"faces": {
				"north": {"uv": [0, 11.5, 1, 12], "texture": "#0"},
				"east": {"uv": [1, 11.5, 2, 12], "texture": "#0"},
				"south": {"uv": [2, 11.5, 3, 12], "texture": "#0"},
				"west": {"uv": [4, 11.5, 5, 12], "texture": "#0"},
				"up": {"uv": [6, 10, 5, 9], "texture": "#0"},
				"down": {"uv": [7, 9, 6, 10], "texture": "#0"}
			}
		},
		{
			"from": [15, 16, 7],
			"to": [16, 18, 9],
			"rotation": {"angle": 0, "axis": "y", "origin": [-30, 17, 0]},
			"faces": {
				"north": {"uv": [6, 11.5, 6.5, 12.5], "texture": "#0"},
				"east": {"uv": [7, 9, 8, 10], "texture": "#0"},
				"south": {"uv": [6.5, 11.5, 7, 12.5], "texture": "#0"},
				"west": {"uv": [8, 9, 9, 10], "texture": "#0"},
				"up": {"uv": [7.5, 12.5, 7, 11.5], "texture": "#0"},
				"down": {"uv": [8, 11.5, 7.5, 12.5], "texture": "#0"}
			}
		},
		{
			"from": [13, 16, 9],
			"to": [15, 17, 10],
			"rotation": {"angle": 0, "axis": "y", "origin": [-30, 17, 0]},
			"faces": {
				"north": {"uv": [8, 11.5, 9, 12], "texture": "#0"},
				"east": {"uv": [1.5, 12.5, 2, 13], "texture": "#0"},
				"south": {"uv": [9, 11.5, 10, 12], "texture": "#0"},
				"west": {"uv": [2, 12.5, 2.5, 13], "texture": "#0"},
				"up": {"uv": [12.5, 9.5, 11.5, 9], "texture": "#0"},
				"down": {"uv": [12.5, 9.5, 11.5, 10], "texture": "#0"}
			}
		},
		{
			"from": [0, 10, 7],
			"to": [15, 12, 9],
			"rotation": {"angle": 0, "axis": "y", "origin": [-30, 0, -1]},
			"faces": {
				"north": {"uv": [7.5, 4, 15, 5], "texture": "#0"},
				"east": {"uv": [9, 8, 10, 9], "texture": "#0"},
				"south": {"uv": [7.5, 5, 15, 6], "texture": "#0"},
				"west": {"uv": [9, 9, 10, 10], "texture": "#0"},
				"up": {"uv": [15, 7, 7.5, 6], "texture": "#0"},
				"down": {"uv": [15, 7, 7.5, 8], "texture": "#0"}
			}
		},
		{
			"from": [13, 10, 6],
			"to": [15, 11, 7],
			"rotation": {"angle": 0, "axis": "y", "origin": [-30, 17, 0]},
			"faces": {
				"north": {"uv": [10, 11.5, 11, 12], "texture": "#0"},
				"east": {"uv": [2.5, 12.5, 3, 13], "texture": "#0"},
				"south": {"uv": [11.5, 10, 12.5, 10.5], "texture": "#0"},
				"west": {"uv": [3, 12.5, 3.5, 13], "texture": "#0"},
				"up": {"uv": [12.5, 11, 11.5, 10.5], "texture": "#0"},
				"down": {"uv": [12, 11.5, 11, 12], "texture": "#0"}
			}
		},
		{
			"from": [13, 9, 7],
			"to": [15, 10, 9],
			"rotation": {"angle": 0, "axis": "y", "origin": [-30, 17, 0]},
			"faces": {
				"north": {"uv": [0, 12, 1, 12.5], "texture": "#0"},
				"east": {"uv": [1, 12, 2, 12.5], "texture": "#0"},
				"south": {"uv": [2, 12, 3, 12.5], "texture": "#0"},
				"west": {"uv": [3, 12, 4, 12.5], "texture": "#0"},
				"up": {"uv": [1, 11, 0, 10], "texture": "#0"},
				"down": {"uv": [2, 10, 1, 11], "texture": "#0"}
			}
		},
		{
			"from": [15, 10, 7],
			"to": [16, 12, 9],
			"rotation": {"angle": 0, "axis": "y", "origin": [-30, 17, 0]},
			"faces": {
				"north": {"uv": [4, 12, 4.5, 13], "texture": "#0"},
				"east": {"uv": [2, 10, 3, 11], "texture": "#0"},
				"south": {"uv": [4.5, 12, 5, 13], "texture": "#0"},
				"west": {"uv": [3, 10, 4, 11], "texture": "#0"},
				"up": {"uv": [5.5, 13, 5, 12], "texture": "#0"},
				"down": {"uv": [6, 12, 5.5, 13], "texture": "#0"}
			}
		},
		{
			"from": [13, 10, 9],
			"to": [15, 11, 10],
			"rotation": {"angle": 0, "axis": "y", "origin": [-30, 17, 0]},
			"faces": {
				"north": {"uv": [8, 12, 9, 12.5], "texture": "#0"},
				"east": {"uv": [3.5, 12.5, 4, 13], "texture": "#0"},
				"south": {"uv": [12, 8, 13, 8.5], "texture": "#0"},
				"west": {"uv": [6, 12.5, 6.5, 13], "texture": "#0"},
				"up": {"uv": [13, 9, 12, 8.5], "texture": "#0"},
				"down": {"uv": [10, 12, 9, 12.5], "texture": "#0"}
			}
		}
	],
	"display": {
		"thirdperson_righthand": {
			"scale": [0.3, 0.3, 0.3]
		},
		"thirdperson_lefthand": {
			"scale": [0.3, 0.3, 0.3]
		},
		"firstperson_righthand": {
			"scale": [0.3, 0.3, 0.3]
		},
		"firstperson_lefthand": {
			"scale": [0.3, 0.3, 0.3]
		},
		"ground": {
			"translation": [0, 3, 0]
		},
		"gui": {
			"translation": [0.25, -5, 0],
			"scale": [0.4, 0.4, 0.4]
		},
		"fixed": {
			"rotation": [-90, 0, 0],
			"translation": [0, 0, -15],
			"scale": [2, 2, 2]
		}
	},
	"groups": [
		{
			"name": "Pole 1",
			"origin": [8, 8, 8],
			"color": 0,
			"children": [0, 1, 2, 3, 4]
		},
		{
			"name": "Pole 2",
			"origin": [8, 8, 8],
			"color": 0,
			"children": [5, 6, 7, 8, 9]
		},
		{
			"name": "Pole 3",
			"origin": [8, 8, 8],
			"color": 0,
			"children": [10, 11, 12, 13, 14]
		},
		{
			"name": "Pole 4",
			"origin": [8, 8, 8],
			"color": 0,
			"children": [15, 16, 17, 18, 19]
		}
	]
}