{
	"credit": "Made with Blockbench",
	"texture_size": [128, 128],
	"textures": {
		"0": "block/gay_jump_pole_middle",
		"particle": "block/gay_jump_pole_middle"
	},
	"elements": [
		{
			"from": [-16, 28, 7],
			"to": [32, 30, 9],
			"rotation": {"angle": 0, "axis": "y", "origin": [-30, 0, -1]},
			"faces": {
				"north": {"uv": [0, 2.25, 6, 2.5], "texture": "#0"},
				"east": {"uv": [0, 4.625, 0.25, 4.875], "texture": "#0"},
				"south": {"uv": [0, 2.5, 6, 2.75], "texture": "#0"},
				"west": {"uv": [0.25, 4.625, 0.5, 4.875], "texture": "#0"},
				"up": {"uv": [6, 3, 0, 2.75], "texture": "#0"},
				"down": {"uv": [6, 3, 0, 3.25], "texture": "#0"}
			}
		},
		{
			"from": [-16, 22, 7],
			"to": [32, 24, 9],
			"rotation": {"angle": 0, "axis": "y", "origin": [-30, 0, -1]},
			"faces": {
				"north": {"uv": [0, 3.25, 6, 3.5], "texture": "#0"},
				"east": {"uv": [0.5, 4.625, 0.75, 4.875], "texture": "#0"},
				"south": {"uv": [0, 3.5, 6, 3.75], "texture": "#0"},
				"west": {"uv": [0.75, 4.625, 1, 4.875], "texture": "#0"},
				"up": {"uv": [6, 4, 0, 3.75], "texture": "#0"},
				"down": {"uv": [6, 4, 0, 4.25], "texture": "#0"}
			}
		},
		{
			"from": [-16, 16, 7],
			"to": [32, 18, 9],
			"rotation": {"angle": 0, "axis": "y", "origin": [-30, 0, -1]},
			"faces": {
				"north": {"uv": [0, 4.25, 6, 4.5], "texture": "#0"},
				"east": {"uv": [1, 4.625, 1.25, 4.875], "texture": "#0"},
				"south": {"uv": [4.25, 0, 10.25, 0.25], "texture": "#0"},
				"west": {"uv": [1.25, 4.625, 1.5, 4.875], "texture": "#0"},
				"up": {"uv": [10.25, 0.5, 4.25, 0.25], "texture": "#0"},
				"down": {"uv": [10.25, 0.5, 4.25, 0.75], "texture": "#0"}
			}
		},
		{
			"from": [-16, 10, 7],
			"to": [32, 12, 9],
			"rotation": {"angle": 0, "axis": "y", "origin": [-30, 0, -1]},
			"faces": {
				"north": {"uv": [4.25, 0.75, 10.25, 1], "texture": "#0"},
				"east": {"uv": [1.5, 4.625, 1.75, 4.875], "texture": "#0"},
				"south": {"uv": [4.25, 1, 10.25, 1.25], "texture": "#0"},
				"west": {"uv": [1.75, 4.625, 2, 4.875], "texture": "#0"},
				"up": {"uv": [10.25, 1.5, 4.25, 1.25], "texture": "#0"},
				"down": {"uv": [10.25, 1.5, 4.25, 1.75], "texture": "#0"}
			}
		},
		{
			"from": [-9, 0, 7],
			"to": [25, 1, 9],
			"faces": {
				"north": {"uv": [0, 4.5, 4.25, 4.625], "texture": "#0"},
				"east": {"uv": [2, 4.625, 2.25, 4.75], "texture": "#0"},
				"south": {"uv": [4.25, 4.5, 8.5, 4.625], "texture": "#0"},
				"west": {"uv": [2.25, 4.625, 2.5, 4.75], "texture": "#0"},
				"up": {"uv": [8.5, 2, 4.25, 1.75], "texture": "#0"},
				"down": {"uv": [8.5, 2, 4.25, 2.25], "texture": "#0"}
			}
		},
		{
			"from": [-9, 1, 8],
			"to": [25, 10, 8],
			"faces": {
				"north": {"uv": [0, 0, 4.25, 1.125], "texture": "#0"},
				"east": {"uv": [0, 0, 0, 1.125], "texture": "#0"},
				"south": {"uv": [0, 1.125, 4.25, 2.25], "texture": "#0"},
				"west": {"uv": [0, 0, 0, 1.125], "texture": "#0"},
				"up": {"uv": [4.25, 0, 0, 0], "texture": "#0"},
				"down": {"uv": [4.25, 0, 0, 0], "texture": "#0"}
			}
		}
	],
	"display": {
		"thirdperson_righthand": {
			"scale": [0.3, 0.3, 0.3]
		},
		"thirdperson_lefthand": {
			"scale": [0.3, 0.3, 0.3]
		},
		"firstperson_righthand": {
			"scale": [0.3, 0.3, 0.3]
		},
		"firstperson_lefthand": {
			"scale": [0.3, 0.3, 0.3]
		},
		"ground": {
			"translation": [0, 3, 0]
		},
		"gui": {
			"translation": [0, -3, 0],
			"scale": [0.3, 0.3, 0.3]
		},
		"fixed": {
			"rotation": [-90, 0, 0],
			"translation": [0, 0, -15],
			"scale": [2, 2, 2]
		}
	},
	"groups": [
		{
			"name": "Pole 1",
			"origin": [8, 8, 8],
			"color": 0,
			"children": [0]
		},
		{
			"name": "Pole 2",
			"origin": [8, 8, 8],
			"color": 0,
			"children": [1]
		},
		{
			"name": "Pole 3",
			"origin": [8, 8, 8],
			"color": 0,
			"children": [2]
		},
		{
			"name": "Pole 4",
			"origin": [8, 8, 8],
			"color": 0,
			"children": [3]
		},
		4,
		5
	]
}