{
	"credit": "Made with Blockbench",
	"texture_size": [32, 32],
	"textures": {
		"0": "block/gay_jump_stand",
		"1": "block/texturegay_jump_stand_cloud",
		"particle": "block/gay_jump_stand"
	},
	"elements": [
		{
			"from": [0, 1, 7],
			"to": [2, 32, 9],
			"faces": {
				"north": {"uv": [7.5, 0, 8, 7.75], "texture": "#0"},
				"east": {"uv": [7.5, 7.75, 8, 15.5], "texture": "#0"},
				"south": {"uv": [8, 0, 8.5, 7.75], "texture": "#0"},
				"west": {"uv": [8, 7.75, 8.5, 15.5], "texture": "#0"},
				"up": {"uv": [10, 2.5, 9.5, 2], "texture": "#0"},
				"down": {"uv": [10, 2.5, 9.5, 3], "texture": "#0"}
			}
		},
		{
			"from": [0, 0, 0],
			"to": [2, 1, 16],
			"faces": {
				"north": {"uv": [9.5, 3, 10, 3.25], "texture": "#0"},
				"east": {"uv": [9.5, 1, 13.5, 1.25], "texture": "#0"},
				"south": {"uv": [9.5, 3.25, 10, 3.5], "texture": "#0"},
				"west": {"uv": [9.5, 1.25, 13.5, 1.5], "texture": "#0"},
				"up": {"uv": [9, 5, 8.5, 1], "texture": "#0"},
				"down": {"uv": [9, 5, 8.5, 9], "texture": "#0"}
			}
		},
		{
			"from": [29, 0, 0],
			"to": [31, 1, 16],
			"faces": {
				"north": {"uv": [9.5, 3.5, 10, 3.75], "texture": "#0"},
				"east": {"uv": [9.5, 1.5, 13.5, 1.75], "texture": "#0"},
				"south": {"uv": [9.5, 3.75, 10, 4], "texture": "#0"},
				"west": {"uv": [9.5, 1.75, 13.5, 2], "texture": "#0"},
				"up": {"uv": [9.5, 5, 9, 1], "texture": "#0"},
				"down": {"uv": [9.5, 5, 9, 9], "texture": "#0"}
			}
		},
		{
			"from": [2, 1, 7],
			"to": [32, 2, 9],
			"faces": {
				"north": {"uv": [8.5, 9, 16, 9.25], "texture": "#0"},
				"east": {"uv": [9.5, 4, 10, 4.25], "texture": "#0"},
				"south": {"uv": [8.5, 9.25, 16, 9.5], "texture": "#0"},
				"west": {"uv": [9.5, 4.25, 10, 4.5], "texture": "#0"},
				"up": {"uv": [16, 0.5, 8.5, 0], "texture": "#0"},
				"down": {"uv": [16, 0.5, 8.5, 1], "texture": "#0"}
			}
		},
		{
			"from": [2, 2, 8],
			"to": [32, 32, 8],
			"faces": {
				"north": {"uv": [0, 0, 7.5, 7.5], "texture": "#0"},
				"east": {"uv": [0, 0, 0, 7.5], "texture": "#0"},
				"south": {"uv": [0, 7.5, 7.5, 15], "texture": "#0"},
				"west": {"uv": [0, 0, 0, 7.5], "texture": "#0"},
				"up": {"uv": [7.5, 0, 0, 0], "texture": "#0"},
				"down": {"uv": [7.5, 0, 0, 0], "texture": "#0"}
			}
		},
		{
			"from": [13, 2, 7.975],
			"to": [29, 12, 7.975],
			"faces": {
				"north": {"uv": [0, 0, 8, 5], "texture": "#1"},
				"east": {"uv": [0, 0, 0, 5], "texture": "#1"},
				"south": {"uv": [0, 5, 8, 10], "texture": "#1"},
				"west": {"uv": [0, 0, 0, 5], "texture": "#1"},
				"up": {"uv": [8, 0, 0, 0], "texture": "#1"},
				"down": {"uv": [8, 0, 0, 0], "texture": "#1"}
			}
		},
		{
			"from": [16, 2, 8.175],
			"to": [32, 12, 8.175],
			"faces": {
				"north": {"uv": [8, 0, 16, 5], "texture": "#1"},
				"east": {"uv": [0, 0, 0, 5], "texture": "#1"},
				"south": {"uv": [8, 5, 16, 10], "texture": "#1"},
				"west": {"uv": [0, 0, 0, 5], "texture": "#1"},
				"up": {"uv": [8, 0, 0, 0], "texture": "#1"},
				"down": {"uv": [8, 0, 0, 0], "texture": "#1"}
			}
		}
	],
	"display": {
		"thirdperson_righthand": {
			"scale": [0.3, 0.3, 0.3]
		},
		"thirdperson_lefthand": {
			"scale": [0.3, 0.3, 0.3]
		},
		"firstperson_righthand": {
			"scale": [0.3, 0.3, 0.3]
		},
		"firstperson_lefthand": {
			"scale": [0.3, 0.3, 0.3]
		},
		"ground": {
			"translation": [0, 3, 0]
		},
		"gui": {
			"translation": [-3, -3.5, 0],
			"scale": [0.4, 0.4, 0.4]
		},
		"fixed": {
			"rotation": [-90, 0, 0],
			"translation": [0, 0, -15],
			"scale": [2, 2, 2]
		}
	}
}