{
	"credit": "Made with Blockbench",
	"textures": {
		"0": "block/Grooming Box Colors/grooming_box_pink",
		"particle": "block/Grooming Box Colors/grooming_box_pink"
	},
	"elements": [
		{
			"from": [0, 0, -0.125],
			"to": [16, 16, 15.975],
			"faces": {
				"north": {"uv": [4, 4, 8, 8], "texture": "#0"},
				"east": {"uv": [0, 4, 4, 8], "texture": "#0"},
				"south": {"uv": [12, 4, 16, 8], "texture": "#0"},
				"west": {"uv": [8, 4, 12, 8], "texture": "#0"},
				"up": {"uv": [8, 4, 4, 0], "texture": "#0"},
				"down": {"uv": [12, 0, 8, 4], "texture": "#0"}
			}
		},
		{
			"from": [3, 11, -0.5],
			"to": [4, 14, 0.5],
			"faces": {
				"north": {"uv": [1.25, 0.75, 1.5, 1.5], "texture": "#0"},
				"east": {"uv": [1, 0.75, 1.25, 1.5], "texture": "#0"},
				"south": {"uv": [1.75, 0.75, 2, 1.5], "texture": "#0"},
				"west": {"uv": [1.5, 0.75, 1.75, 1.5], "texture": "#0"},
				"up": {"uv": [1.5, 0.75, 1.25, 0.5], "texture": "#0"},
				"down": {"uv": [1.75, 0.5, 1.5, 0.75], "texture": "#0"}
			}
		},
		{
			"from": [12, 11, -0.5],
			"to": [13, 14, 0.5],
			"faces": {
				"north": {"uv": [0.25, 0.75, 0.5, 1.5], "texture": "#0"},
				"east": {"uv": [0, 0.75, 0.25, 1.5], "texture": "#0"},
				"south": {"uv": [0.75, 0.75, 1, 1.5], "texture": "#0"},
				"west": {"uv": [0.5, 0.75, 0.75, 1.5], "texture": "#0"},
				"up": {"uv": [0.5, 0.75, 0.25, 0.5], "texture": "#0"},
				"down": {"uv": [0.75, 0.5, 0.5, 0.75], "texture": "#0"}
			}
		},
		{
			"from": [5, 16, 8],
			"to": [6, 18, 9],
			"faces": {
				"north": {"uv": [1.25, 1.75, 1.5, 2.25], "texture": "#0"},
				"east": {"uv": [1, 1.75, 1.25, 2.25], "texture": "#0"},
				"south": {"uv": [1.75, 1.75, 2, 2.25], "texture": "#0"},
				"west": {"uv": [1.5, 1.75, 1.75, 2.25], "texture": "#0"},
				"up": {"uv": [1.5, 1.75, 1.25, 1.5], "texture": "#0"},
				"down": {"uv": [1.75, 1.5, 1.5, 1.75], "texture": "#0"}
			}
		},
		{
			"from": [10, 16, 8],
			"to": [11, 18, 9],
			"faces": {
				"north": {"uv": [0.25, 1.75, 0.5, 2.25], "texture": "#0"},
				"east": {"uv": [0, 1.75, 0.25, 2.25], "texture": "#0"},
				"south": {"uv": [0.75, 1.75, 1, 2.25], "texture": "#0"},
				"west": {"uv": [0.5, 1.75, 0.75, 2.25], "texture": "#0"},
				"up": {"uv": [0.5, 1.75, 0.25, 1.5], "texture": "#0"},
				"down": {"uv": [0.75, 1.5, 0.5, 1.75], "texture": "#0"}
			}
		},
		{
			"from": [5, 18, 8],
			"to": [11, 19, 9],
			"faces": {
				"north": {"uv": [0.25, 0.25, 1.75, 0.5], "texture": "#0"},
				"east": {"uv": [0, 0.25, 0.25, 0.5], "texture": "#0"},
				"south": {"uv": [2, 0.25, 3.5, 0.5], "texture": "#0"},
				"west": {"uv": [1.75, 0.25, 2, 0.5], "texture": "#0"},
				"up": {"uv": [1.75, 0.25, 0.25, 0], "texture": "#0"},
				"down": {"uv": [3.25, 0, 1.75, 0.25], "texture": "#0"}
			}
		}
	],
	"display": {
		"thirdperson_righthand": {
			"translation": [2, 0, 0],
			"scale": [0.3, 0.3, 0.3]
		},
		"thirdperson_lefthand": {
			"translation": [-2, 0, 0],
			"scale": [0.3, 0.3, 0.3]
		},
		"firstperson_righthand": {
			"scale": [0.3, 0.3, 0.3]
		},
		"firstperson_lefthand": {
			"scale": [0.3, 0.3, 0.3]
		},
		"ground": {
			"translation": [0, 4.75, 0]
		},
		"gui": {
			"rotation": [0, 180, 0],
			"translation": [0, -2.25, 0],
			"scale": [0.5, 0.5, 0.5]
		},
		"fixed": {
			"rotation": [-90, 0, 0],
			"translation": [0, 0, 17],
			"scale": [2, 2, 2]
		}
	},
	"groups": [
		{
			"name": "grooming_box",
			"origin": [8, 8, 8],
			"color": 0,
			"children": [0, 1, 2, 3, 4, 5]
		}
	]
}