{
	"credit": "Made with Blockbench",
	"texture_size": [64, 64],
	"textures": {
		"0": "block/hanging_helmet",
		"particle": "block/hanging_helmet"
	},
	"elements": [
		{
			"from": [3, 6, 11],
			"to": [13, 16, 12],
			"faces": {
				"north": {"uv": [0, 0, 2.5, 2.5], "texture": "#0"},
				"east": {"uv": [1.5, 5, 1.75, 7.5], "texture": "#0"},
				"south": {"uv": [0, 2.5, 2.5, 5], "texture": "#0"},
				"west": {"uv": [1.75, 5, 2, 7.5], "texture": "#0"},
				"up": {"uv": [7.5, 4.25, 5, 4], "texture": "#0"},
				"down": {"uv": [7.5, 4.25, 5, 4.5], "texture": "#0"}
			}
		},
		{
			"from": [4, 7, 10],
			"to": [12, 15, 11],
			"faces": {
				"north": {"uv": [2.5, 0, 4.5, 2], "texture": "#0"},
				"east": {"uv": [4.5, 5.5, 4.75, 7.5], "texture": "#0"},
				"south": {"uv": [2.5, 2, 4.5, 4], "texture": "#0"},
				"west": {"uv": [4.75, 5.5, 5, 7.5], "texture": "#0"},
				"up": {"uv": [8.5, 3, 6.5, 2.75], "texture": "#0"},
				"down": {"uv": [8.5, 3, 6.5, 3.25], "texture": "#0"}
			}
		},
		{
			"from": [3, 6, 12],
			"to": [4, 16, 14],
			"faces": {
				"north": {"uv": [2, 5, 2.25, 7.5], "texture": "#0"},
				"east": {"uv": [2.5, 4, 3, 6.5], "texture": "#0"},
				"south": {"uv": [2.25, 5, 2.5, 7.5], "texture": "#0"},
				"west": {"uv": [3, 4, 3.5, 6.5], "texture": "#0"},
				"up": {"uv": [5.75, 7, 5.5, 6.5], "texture": "#0"},
				"down": {"uv": [6, 6.5, 5.75, 7], "texture": "#0"}
			}
		},
		{
			"from": [3, 9, 14],
			"to": [4, 15, 16],
			"faces": {
				"north": {"uv": [0, 6.5, 0.25, 8], "texture": "#0"},
				"east": {"uv": [4.5, 4, 5, 5.5], "texture": "#0"},
				"south": {"uv": [0.25, 6.5, 0.5, 8], "texture": "#0"},
				"west": {"uv": [0, 5, 0.5, 6.5], "texture": "#0"},
				"up": {"uv": [2.75, 7.25, 2.5, 6.75], "texture": "#0"},
				"down": {"uv": [3, 6.75, 2.75, 7.25], "texture": "#0"}
			}
		},
		{
			"from": [12, 9, 14],
			"to": [13, 15, 16],
			"faces": {
				"north": {"uv": [0.5, 6.5, 0.75, 8], "texture": "#0"},
				"east": {"uv": [0.5, 5, 1, 6.5], "texture": "#0"},
				"south": {"uv": [0.75, 6.5, 1, 8], "texture": "#0"},
				"west": {"uv": [1, 5, 1.5, 6.5], "texture": "#0"},
				"up": {"uv": [3.25, 7.25, 3, 6.75], "texture": "#0"},
				"down": {"uv": [3.5, 6.75, 3.25, 7.25], "texture": "#0"}
			}
		},
		{
			"from": [12, 6, 12],
			"to": [13, 16, 14],
			"faces": {
				"north": {"uv": [5, 4.5, 5.25, 7], "texture": "#0"},
				"east": {"uv": [3.5, 4, 4, 6.5], "texture": "#0"},
				"south": {"uv": [5.25, 4.5, 5.5, 7], "texture": "#0"},
				"west": {"uv": [4, 4, 4.5, 6.5], "texture": "#0"},
				"up": {"uv": [6.25, 7, 6, 6.5], "texture": "#0"},
				"down": {"uv": [6.5, 6.5, 6.25, 7], "texture": "#0"}
			}
		},
		{
			"from": [4, 15, 12],
			"to": [12, 16, 14],
			"faces": {
				"north": {"uv": [6.5, 1.5, 8.5, 1.75], "texture": "#0"},
				"east": {"uv": [6.5, 3.75, 7, 4], "texture": "#0"},
				"south": {"uv": [6.5, 1.75, 8.5, 2], "texture": "#0"},
				"west": {"uv": [6.5, 6.5, 7, 6.75], "texture": "#0"},
				"up": {"uv": [6.5, 1.5, 4.5, 1], "texture": "#0"},
				"down": {"uv": [6.5, 1.5, 4.5, 2], "texture": "#0"}
			}
		},
		{
			"from": [4, 6, 12],
			"to": [12, 7, 14],
			"faces": {
				"north": {"uv": [6.5, 2, 8.5, 2.25], "texture": "#0"},
				"east": {"uv": [3.5, 6.75, 4, 7], "texture": "#0"},
				"south": {"uv": [6.5, 2.25, 8.5, 2.5], "texture": "#0"},
				"west": {"uv": [4, 6.75, 4.5, 7], "texture": "#0"},
				"up": {"uv": [6.5, 2.5, 4.5, 2], "texture": "#0"},
				"down": {"uv": [6.5, 2.5, 4.5, 3], "texture": "#0"}
			}
		},
		{
			"from": [3, 15, 14],
			"to": [13, 16, 15],
			"faces": {
				"north": {"uv": [5.5, 4.5, 8, 4.75], "texture": "#0"},
				"east": {"uv": [3.5, 7, 3.75, 7.25], "texture": "#0"},
				"south": {"uv": [5.5, 4.75, 8, 5], "texture": "#0"},
				"west": {"uv": [3.75, 7, 4, 7.25], "texture": "#0"},
				"up": {"uv": [8, 5.25, 5.5, 5], "texture": "#0"},
				"down": {"uv": [8, 5.25, 5.5, 5.5], "texture": "#0"}
			}
		},
		{
			"from": [3, 15, 15],
			"to": [13, 16, 16],
			"faces": {
				"north": {"uv": [5.5, 5.5, 8, 5.75], "texture": "#0"},
				"east": {"uv": [7, 3.75, 7.25, 4], "texture": "#0"},
				"south": {"uv": [5.5, 5.75, 8, 6], "texture": "#0"},
				"west": {"uv": [4, 7, 4.25, 7.25], "texture": "#0"},
				"up": {"uv": [8, 6.25, 5.5, 6], "texture": "#0"},
				"down": {"uv": [8, 6.25, 5.5, 6.5], "texture": "#0"}
			}
		},
		{
			"from": [3, 4, 13],
			"to": [13, 6, 14],
			"faces": {
				"north": {"uv": [4.5, 0, 7, 0.5], "texture": "#0"},
				"east": {"uv": [6.5, 6.75, 6.75, 7.25], "texture": "#0"},
				"south": {"uv": [4.5, 0.5, 7, 1], "texture": "#0"},
				"west": {"uv": [6.75, 6.75, 7, 7.25], "texture": "#0"},
				"up": {"uv": [9, 1.25, 6.5, 1], "texture": "#0"},
				"down": {"uv": [9, 1.25, 6.5, 1.5], "texture": "#0"}
			}
		},
		{
			"from": [4, 2, 13],
			"to": [12, 4, 14],
			"faces": {
				"north": {"uv": [4.5, 3, 6.5, 3.5], "texture": "#0"},
				"east": {"uv": [7, 0, 7.25, 0.5], "texture": "#0"},
				"south": {"uv": [4.5, 3.5, 6.5, 4], "texture": "#0"},
				"west": {"uv": [7, 0.5, 7.25, 1], "texture": "#0"},
				"up": {"uv": [4.5, 6.75, 2.5, 6.5], "texture": "#0"},
				"down": {"uv": [8.5, 2.5, 6.5, 2.75], "texture": "#0"}
			}
		},
		{
			"from": [7.5, 14, 12],
			"to": [8.5, 15, 16],
			"rotation": {"angle": 0, "axis": "y", "origin": [-1.5, 0, 0]},
			"faces": {
				"north": {"uv": [4.25, 7, 4.5, 7.25], "texture": "#0"},
				"east": {"uv": [6.5, 3.25, 7.5, 3.5], "texture": "#0"},
				"south": {"uv": [5, 7, 5.25, 7.25], "texture": "#0"},
				"west": {"uv": [6.5, 3.5, 7.5, 3.75], "texture": "#0"},
				"up": {"uv": [1.25, 7.5, 1, 6.5], "texture": "#0"},
				"down": {"uv": [1.5, 6.5, 1.25, 7.5], "texture": "#0"}
			}
		}
	],
	"display": {
		"thirdperson_righthand": {
			"translation": [0, 0, -3.5],
			"scale": [0.3, 0.3, 0.3]
		},
		"thirdperson_lefthand": {
			"scale": [0.3, 0.3, 0.3]
		},
		"firstperson_righthand": {
			"scale": [0.3, 0.3, 0.3]
		},
		"firstperson_lefthand": {
			"scale": [0.3, 0.3, 0.3]
		},
		"gui": {
			"rotation": [0, 124, 0],
			"translation": [-3, -1.25, 0],
			"scale": [0.7, 0.7, 0.7]
		},
		"head": {
			"rotation": [90, 0, 0],
			"translation": [0, 11.75, -4.75],
			"scale": [1.5, 1.5, 1.5]
		},
		"fixed": {
			"translation": [0, 0, -15],
			"scale": [2, 2, 2]
		}
	}
}