{
	"credit": "Made with Blockbench",
	"texture_size": [64, 64],
	"textures": {
		"0": "block/hay_net",
		"particle": "block/hay_net"
	},
	"elements": [
		{
			"from": [3, 0, 1],
			"to": [13, 10, 2],
			"rotation": {"angle": 0, "axis": "y", "origin": [0, -3, 0]},
			"faces": {
				"north": {"uv": [7.5, 2.75, 10, 5.25], "texture": "#0"},
				"east": {"uv": [6, 11.75, 6.25, 14.25], "texture": "#0"},
				"south": {"uv": [7.5, 5.25, 10, 7.75], "texture": "#0"},
				"west": {"uv": [6.25, 11.75, 6.5, 14.25], "texture": "#0"},
				"up": {"uv": [14, 11.25, 11.5, 11], "texture": "#0"},
				"down": {"uv": [14, 11.25, 11.5, 11.5], "texture": "#0"}
			}
		},
		{
			"from": [3, 0, 14],
			"to": [13, 10, 15],
			"rotation": {"angle": 0, "axis": "y", "origin": [0, -3, 0]},
			"faces": {
				"north": {"uv": [7.5, 7.75, 10, 10.25], "texture": "#0"},
				"east": {"uv": [6.5, 11.75, 6.75, 14.25], "texture": "#0"},
				"south": {"uv": [5, 9.25, 7.5, 11.75], "texture": "#0"},
				"west": {"uv": [6.75, 11.75, 7, 14.25], "texture": "#0"},
				"up": {"uv": [9.5, 12.25, 7, 12], "texture": "#0"},
				"down": {"uv": [12, 12, 9.5, 12.25], "texture": "#0"}
			}
		},
		{
			"from": [1, 0, 3],
			"to": [2, 10, 13],
			"rotation": {"angle": 0, "axis": "y", "origin": [0, -3, 0]},
			"faces": {
				"north": {"uv": [12, 11.5, 12.25, 14], "texture": "#0"},
				"east": {"uv": [0, 9.75, 2.5, 12.25], "texture": "#0"},
				"south": {"uv": [0, 12.25, 0.25, 14.75], "texture": "#0"},
				"west": {"uv": [2.5, 9.75, 5, 12.25], "texture": "#0"},
				"up": {"uv": [0.5, 14.75, 0.25, 12.25], "texture": "#0"},
				"down": {"uv": [0.75, 12.25, 0.5, 14.75], "texture": "#0"}
			}
		},
		{
			"from": [14, 0, 3],
			"to": [15, 10, 13],
			"rotation": {"angle": 0, "axis": "y", "origin": [0, -3, 0]},
			"faces": {
				"north": {"uv": [0.75, 12.25, 1, 14.75], "texture": "#0"},
				"east": {"uv": [10, 0, 12.5, 2.5], "texture": "#0"},
				"south": {"uv": [1, 12.25, 1.25, 14.75], "texture": "#0"},
				"west": {"uv": [10, 2.5, 12.5, 5], "texture": "#0"},
				"up": {"uv": [1.5, 14.75, 1.25, 12.25], "texture": "#0"},
				"down": {"uv": [1.75, 12.25, 1.5, 14.75], "texture": "#0"}
			}
		},
		{
			"from": [3, -2, 3],
			"to": [13, -1, 13],
			"rotation": {"angle": 0, "axis": "y", "origin": [0, -3, 0]},
			"faces": {
				"north": {"uv": [1.75, 12.25, 4.25, 12.5], "texture": "#0"},
				"east": {"uv": [11.5, 10.5, 14.25, 10.75], "texture": "#0"},
				"south": {"uv": [7, 12.25, 9.5, 12.5], "texture": "#0"},
				"west": {"uv": [11.5, 10.75, 14.25, 11], "texture": "#0"},
				"up": {"uv": [7.5, 9.25, 5, 6.5], "texture": "#0"},
				"down": {"uv": [10, 0, 7.5, 2.75], "texture": "#0"}
			}
		},
		{
			"from": [3, 11, 3],
			"to": [13, 12, 13],
			"rotation": {"angle": 0, "axis": "y", "origin": [0, -3, 0]},
			"faces": {
				"north": {"uv": [9.5, 12.25, 12, 12.5], "texture": "#0"},
				"east": {"uv": [12.25, 11.5, 14.75, 11.75], "texture": "#0"},
				"south": {"uv": [12.25, 11.75, 14.75, 12], "texture": "#0"},
				"west": {"uv": [12.25, 12, 14.75, 12.25], "texture": "#0"},
				"up": {"uv": [12.5, 7.5, 10, 5], "texture": "#0"},
				"down": {"uv": [12.5, 7.5, 10, 10], "texture": "#0"}
			}
		},
		{
			"from": [2, 0, 2],
			"to": [3, 10, 3],
			"rotation": {"angle": 0, "axis": "y", "origin": [0, -3, 0]},
			"faces": {
				"north": {"uv": [4.25, 12.25, 4.5, 14.75], "texture": "#0"},
				"east": {"uv": [4.5, 12.25, 4.75, 14.75], "texture": "#0"},
				"south": {"uv": [4.75, 12.25, 5, 14.75], "texture": "#0"},
				"west": {"uv": [12.25, 12.25, 12.5, 14.75], "texture": "#0"},
				"up": {"uv": [9.25, 11.5, 9, 11.25], "texture": "#0"},
				"down": {"uv": [9.5, 11.25, 9.25, 11.5], "texture": "#0"}
			}
		},
		{
			"from": [13, 0, 2],
			"to": [14, 10, 3],
			"rotation": {"angle": 0, "axis": "y", "origin": [0, -3, 0]},
			"faces": {
				"north": {"uv": [12.5, 0, 12.75, 2.5], "texture": "#0"},
				"east": {"uv": [1.75, 12.5, 2, 15], "texture": "#0"},
				"south": {"uv": [2, 12.5, 2.25, 15], "texture": "#0"},
				"west": {"uv": [2.25, 12.5, 2.5, 15], "texture": "#0"},
				"up": {"uv": [9.75, 11.5, 9.5, 11.25], "texture": "#0"},
				"down": {"uv": [10, 11.25, 9.75, 11.5], "texture": "#0"}
			}
		},
		{
			"from": [13, 0, 13],
			"to": [14, 10, 14],
			"rotation": {"angle": 0, "axis": "y", "origin": [0, -3, 0]},
			"faces": {
				"north": {"uv": [2.5, 12.5, 2.75, 15], "texture": "#0"},
				"east": {"uv": [12.5, 2.5, 12.75, 5], "texture": "#0"},
				"south": {"uv": [2.75, 12.5, 3, 15], "texture": "#0"},
				"west": {"uv": [3, 12.5, 3.25, 15], "texture": "#0"},
				"up": {"uv": [8.75, 12, 8.5, 11.75], "texture": "#0"},
				"down": {"uv": [9, 11.75, 8.75, 12], "texture": "#0"}
			}
		},
		{
			"from": [2, 0, 13],
			"to": [3, 10, 14],
			"rotation": {"angle": 0, "axis": "y", "origin": [0, -3, 0]},
			"faces": {
				"north": {"uv": [3.25, 12.5, 3.5, 15], "texture": "#0"},
				"east": {"uv": [3.5, 12.5, 3.75, 15], "texture": "#0"},
				"south": {"uv": [3.75, 12.5, 4, 15], "texture": "#0"},
				"west": {"uv": [4, 12.5, 4.25, 15], "texture": "#0"},
				"up": {"uv": [13, 8, 12.75, 7.75], "texture": "#0"},
				"down": {"uv": [13.25, 6.5, 13, 6.75], "texture": "#0"}
			}
		},
		{
			"from": [2, 10, 3],
			"to": [3, 11, 13],
			"rotation": {"angle": 0, "axis": "y", "origin": [0, -3, 0]},
			"faces": {
				"north": {"uv": [13, 6.75, 13.25, 7], "texture": "#0"},
				"east": {"uv": [12.5, 5, 15, 5.25], "texture": "#0"},
				"south": {"uv": [13, 7.75, 13.25, 8], "texture": "#0"},
				"west": {"uv": [12.5, 5.25, 15, 5.5], "texture": "#0"},
				"up": {"uv": [12.75, 8, 12.5, 5.5], "texture": "#0"},
				"down": {"uv": [7.25, 12.5, 7, 15], "texture": "#0"}
			}
		},
		{
			"from": [13, 10, 3],
			"to": [14, 11, 13],
			"rotation": {"angle": 0, "axis": "y", "origin": [0, -3, 0]},
			"faces": {
				"north": {"uv": [8.5, 13, 8.75, 13.25], "texture": "#0"},
				"east": {"uv": [7.25, 12.5, 9.75, 12.75], "texture": "#0"},
				"south": {"uv": [13, 12.75, 13.25, 13], "texture": "#0"},
				"west": {"uv": [12.5, 8, 15, 8.25], "texture": "#0"},
				"up": {"uv": [10, 15, 9.75, 12.5], "texture": "#0"},
				"down": {"uv": [10.25, 12.5, 10, 15], "texture": "#0"}
			}
		},
		{
			"from": [3, 10, 13],
			"to": [13, 11, 14],
			"rotation": {"angle": 0, "axis": "y", "origin": [0, -3, 0]},
			"faces": {
				"north": {"uv": [12.5, 8.25, 15, 8.5], "texture": "#0"},
				"east": {"uv": [13, 13, 13.25, 13.25], "texture": "#0"},
				"south": {"uv": [12.5, 8.5, 15, 8.75], "texture": "#0"},
				"west": {"uv": [13.25, 2.75, 13.5, 3], "texture": "#0"},
				"up": {"uv": [15, 9, 12.5, 8.75], "texture": "#0"},
				"down": {"uv": [15, 9, 12.5, 9.25], "texture": "#0"}
			}
		},
		{
			"from": [3, 10, 2],
			"to": [13, 11, 3],
			"rotation": {"angle": 0, "axis": "y", "origin": [0, -3, 0]},
			"faces": {
				"north": {"uv": [12.5, 9.25, 15, 9.5], "texture": "#0"},
				"east": {"uv": [13.25, 3, 13.5, 3.25], "texture": "#0"},
				"south": {"uv": [12.5, 9.5, 15, 9.75], "texture": "#0"},
				"west": {"uv": [13.25, 3.25, 13.5, 3.5], "texture": "#0"},
				"up": {"uv": [15, 10, 12.5, 9.75], "texture": "#0"},
				"down": {"uv": [15, 12.25, 12.5, 12.5], "texture": "#0"}
			}
		},
		{
			"from": [2, -1, 3],
			"to": [3, 0, 13],
			"rotation": {"angle": 0, "axis": "y", "origin": [0, -3, 0]},
			"faces": {
				"north": {"uv": [13.25, 6.75, 13.5, 7], "texture": "#0"},
				"east": {"uv": [12.75, 2.25, 15.25, 2.5], "texture": "#0"},
				"south": {"uv": [13.25, 7.75, 13.5, 8], "texture": "#0"},
				"west": {"uv": [12.75, 2.5, 15.25, 2.75], "texture": "#0"},
				"up": {"uv": [11, 15, 10.75, 12.5], "texture": "#0"},
				"down": {"uv": [11.25, 12.5, 11, 15], "texture": "#0"}
			}
		},
		{
			"from": [13, -1, 3],
			"to": [14, 0, 13],
			"rotation": {"angle": 0, "axis": "y", "origin": [0, -3, 0]},
			"faces": {
				"north": {"uv": [13.25, 6.25, 13.5, 6.5], "texture": "#0"},
				"east": {"uv": [12.75, 1.75, 15.25, 2], "texture": "#0"},
				"south": {"uv": [13.25, 6.5, 13.5, 6.75], "texture": "#0"},
				"west": {"uv": [12.75, 2, 15.25, 2.25], "texture": "#0"},
				"up": {"uv": [10.5, 15, 10.25, 12.5], "texture": "#0"},
				"down": {"uv": [10.75, 12.5, 10.5, 15], "texture": "#0"}
			}
		},
		{
			"from": [3, -1, 13],
			"to": [13, 0, 14],
			"rotation": {"angle": 0, "axis": "y", "origin": [0, -3, 0]},
			"faces": {
				"north": {"uv": [12.75, 0.75, 15.25, 1], "texture": "#0"},
				"east": {"uv": [13.25, 5.75, 13.5, 6], "texture": "#0"},
				"south": {"uv": [12.75, 1, 15.25, 1.25], "texture": "#0"},
				"west": {"uv": [13.25, 6, 13.5, 6.25], "texture": "#0"},
				"up": {"uv": [15.25, 1.5, 12.75, 1.25], "texture": "#0"},
				"down": {"uv": [15.25, 1.5, 12.75, 1.75], "texture": "#0"}
			}
		},
		{
			"from": [3, -1, 2],
			"to": [13, 0, 3],
			"rotation": {"angle": 0, "axis": "y", "origin": [0, -3, 0]},
			"faces": {
				"north": {"uv": [12.5, 12.5, 15, 12.75], "texture": "#0"},
				"east": {"uv": [13.25, 3.5, 13.5, 3.75], "texture": "#0"},
				"south": {"uv": [12.75, 0, 15.25, 0.25], "texture": "#0"},
				"west": {"uv": [13.25, 5.5, 13.5, 5.75], "texture": "#0"},
				"up": {"uv": [15.25, 0.5, 12.75, 0.25], "texture": "#0"},
				"down": {"uv": [15.25, 0.5, 12.75, 0.75], "texture": "#0"}
			}
		},
		{
			"from": [17.8, 5.85, 3],
			"to": [17.8, 18.85, 13],
			"rotation": {"angle": 22.5, "axis": "z", "origin": [0, -3, 0]},
			"faces": {
				"north": {"uv": [0, 0, 0, 3.25], "texture": "#0"},
				"east": {"uv": [0, 3.25, 2.5, 6.5], "texture": "#0"},
				"south": {"uv": [0, 0, 0, 3.25], "texture": "#0"},
				"west": {"uv": [2.5, 3.25, 5, 6.5], "texture": "#0"},
				"up": {"uv": [0, 2.5, 0, 0], "texture": "#0"},
				"down": {"uv": [0, 0, 0, 2.5], "texture": "#0"}
			}
		},
		{
			"from": [-3, 12, 3],
			"to": [-3, 25, 13],
			"rotation": {"angle": -22.5, "axis": "z", "origin": [0, -3, 0]},
			"faces": {
				"north": {"uv": [0, 0, 0, 3.25], "texture": "#0"},
				"east": {"uv": [0, 0, 2.5, 3.25], "texture": "#0"},
				"south": {"uv": [0, 0, 0, 3.25], "texture": "#0"},
				"west": {"uv": [2.5, 0, 5, 3.25], "texture": "#0"},
				"up": {"uv": [0, 2.5, 0, 0], "texture": "#0"},
				"down": {"uv": [0, 0, 0, 2.5], "texture": "#0"}
			}
		},
		{
			"from": [3, 5.85, 17.8],
			"to": [13, 18.85, 17.8],
			"rotation": {"angle": -22.5, "axis": "x", "origin": [16, -3, 0]},
			"faces": {
				"north": {"uv": [5, 0, 7.5, 3.25], "texture": "#0"},
				"east": {"uv": [0, 0, 0, 3.25], "texture": "#0"},
				"south": {"uv": [5, 3.25, 7.5, 6.5], "texture": "#0"},
				"west": {"uv": [0, 0, 0, 3.25], "texture": "#0"},
				"up": {"uv": [2.5, 0, 0, 0], "texture": "#0"},
				"down": {"uv": [2.5, 0, 0, 0], "texture": "#0"}
			}
		},
		{
			"from": [3, 12, -3],
			"to": [13, 25, -3],
			"rotation": {"angle": 22.5, "axis": "x", "origin": [16, -3, 0]},
			"faces": {
				"north": {"uv": [0, 6.5, 2.5, 9.75], "texture": "#0"},
				"east": {"uv": [0, 0, 0, 3.25], "texture": "#0"},
				"south": {"uv": [2.5, 6.5, 5, 9.75], "texture": "#0"},
				"west": {"uv": [0, 0, 0, 3.25], "texture": "#0"},
				"up": {"uv": [2.5, 0, 0, 0], "texture": "#0"},
				"down": {"uv": [2.5, 0, 0, 0], "texture": "#0"}
			}
		},
		{
			"from": [8, 24, 7],
			"to": [8, 28, 9],
			"rotation": {"angle": 0, "axis": "y", "origin": [0, 2, 0]},
			"faces": {
				"north": {"uv": [0, 0, 0, 1], "texture": "#0"},
				"east": {"uv": [9, 10.25, 9.5, 11.25], "texture": "#0"},
				"south": {"uv": [0, 0, 0, 1], "texture": "#0"},
				"west": {"uv": [9.5, 10.25, 10, 11.25], "texture": "#0"},
				"up": {"uv": [0, 0.5, 0, 0], "texture": "#0"},
				"down": {"uv": [0, 0, 0, 0.5], "texture": "#0"}
			}
		},
		{
			"from": [7, 24, 8],
			"to": [9, 28, 8],
			"rotation": {"angle": 0, "axis": "y", "origin": [0, 2, 0]},
			"faces": {
				"north": {"uv": [11.25, 12.5, 11.75, 13.5], "texture": "#0"},
				"east": {"uv": [0, 0, 0, 1], "texture": "#0"},
				"south": {"uv": [12.75, 2.75, 13.25, 3.75], "texture": "#0"},
				"west": {"uv": [0, 0, 0, 1], "texture": "#0"},
				"up": {"uv": [0.5, 0, 0, 0], "texture": "#0"},
				"down": {"uv": [0.5, 0, 0, 0], "texture": "#0"}
			}
		},
		{
			"from": [7, 28, 6],
			"to": [9, 30, 18],
			"rotation": {"angle": 0, "axis": "y", "origin": [0, 2, 0]},
			"faces": {
				"north": {"uv": [8.75, 12.75, 9.25, 13.25], "texture": "#0"},
				"east": {"uv": [9, 11.5, 12, 12], "texture": "#0"},
				"south": {"uv": [9.25, 12.75, 9.75, 13.25], "texture": "#0"},
				"west": {"uv": [11.5, 10, 14.5, 10.5], "texture": "#0"},
				"up": {"uv": [5.5, 14.75, 5, 11.75], "texture": "#0"},
				"down": {"uv": [6, 11.75, 5.5, 14.75], "texture": "#0"}
			}
		},
		{
			"from": [5, 26, 18],
			"to": [11, 32, 19],
			"rotation": {"angle": 0, "axis": "y", "origin": [0, 2, 0]},
			"faces": {
				"north": {"uv": [10, 10, 11.5, 11.5], "texture": "#0"},
				"east": {"uv": [11.75, 12.5, 12, 14], "texture": "#0"},
				"south": {"uv": [7.5, 10.25, 9, 11.75], "texture": "#0"},
				"west": {"uv": [12.75, 5.5, 13, 7], "texture": "#0"},
				"up": {"uv": [8.5, 12, 7, 11.75], "texture": "#0"},
				"down": {"uv": [14.25, 3.75, 12.75, 4], "texture": "#0"}
			}
		},
		{
			"from": [5, 31, 17.5],
			"to": [11, 32, 18],
			"faces": {
				"north": {"uv": [12.75, 4, 14.25, 4.25], "texture": "#0"},
				"east": {"uv": [8.5, 13.25, 8.75, 13.5], "texture": "#0"},
				"south": {"uv": [12.75, 4.25, 14.25, 4.5], "texture": "#0"},
				"west": {"uv": [8.75, 13.25, 9, 13.5], "texture": "#0"},
				"up": {"uv": [14.25, 4.75, 12.75, 4.5], "texture": "#0"},
				"down": {"uv": [14.25, 4.75, 12.75, 5], "texture": "#0"}
			}
		},
		{
			"from": [5, 26, 17.5],
			"to": [11, 27, 18],
			"faces": {
				"north": {"uv": [12.75, 7, 14.25, 7.25], "texture": "#0"},
				"east": {"uv": [9, 13.25, 9.25, 13.5], "texture": "#0"},
				"south": {"uv": [7.25, 12.75, 8.75, 13], "texture": "#0"},
				"west": {"uv": [9.25, 13.25, 9.5, 13.5], "texture": "#0"},
				"up": {"uv": [14.25, 7.5, 12.75, 7.25], "texture": "#0"},
				"down": {"uv": [14.25, 7.5, 12.75, 7.75], "texture": "#0"}
			}
		},
		{
			"from": [5, 27, 17.5],
			"to": [6, 31, 18],
			"faces": {
				"north": {"uv": [12.5, 12.75, 12.75, 13.75], "texture": "#0"},
				"east": {"uv": [12.75, 12.75, 13, 13.75], "texture": "#0"},
				"south": {"uv": [13, 5.5, 13.25, 6.5], "texture": "#0"},
				"west": {"uv": [7.25, 13, 7.5, 14], "texture": "#0"},
				"up": {"uv": [9.75, 13.5, 9.5, 13.25], "texture": "#0"},
				"down": {"uv": [13.5, 12.75, 13.25, 13], "texture": "#0"}
			}
		},
		{
			"from": [10, 27, 17.5],
			"to": [11, 31, 18],
			"faces": {
				"north": {"uv": [7.5, 13, 7.75, 14], "texture": "#0"},
				"east": {"uv": [7.75, 13, 8, 14], "texture": "#0"},
				"south": {"uv": [8, 13, 8.25, 14], "texture": "#0"},
				"west": {"uv": [8.25, 13, 8.5, 14], "texture": "#0"},
				"up": {"uv": [13.25, 13.5, 13, 13.25], "texture": "#0"},
				"down": {"uv": [13.5, 13, 13.25, 13.25], "texture": "#0"}
			}
		}
	],
	"display": {
		"thirdperson_righthand": {
			"scale": [0.3, 0.3, 0.3]
		},
		"thirdperson_lefthand": {
			"scale": [0.3, 0.3, 0.3]
		},
		"firstperson_righthand": {
			"scale": [0.3, 0.3, 0.3]
		},
		"firstperson_lefthand": {
			"scale": [0.3, 0.3, 0.3]
		},
		"ground": {
			"translation": [0, 6, 0]
		},
		"gui": {
			"translation": [0, -2.5, 0],
			"scale": [0.4, 0.4, 0.4]
		},
		"fixed": {
			"translation": [0, -41.5, -20],
			"scale": [2, 2, 2]
		}
	}
}