{
	"credit": "Made with Blockbench",
	"texture_size": [128, 128],
	"textures": {
		"1": "block/heat_lamp"
	},
	"elements": [
		{
			"from": [-4, 13, -16],
			"to": [20, 17, 32],
			"faces": {
				"north": {"uv": [7.5, 1.5, 10.5, 2], "texture": "#1"},
				"east": {"uv": [4.5, 6, 10.5, 6.5], "texture": "#1"},
				"south": {"uv": [7.5, 2, 10.5, 2.5], "texture": "#1"},
				"west": {"uv": [4.5, 6.5, 10.5, 7], "texture": "#1"},
				"up": {"uv": [3, 6, 0, 0], "texture": "#1"},
				"down": {"uv": [6, 0, 3, 6], "texture": "#1"}
			}
		},
		{
			"from": [18.325, 17.45, -16],
			"to": [30.325, 21.45, 32],
			"rotation": {"angle": -22.5, "axis": "z", "origin": [8, 15, 8]},
			"faces": {
				"north": {"uv": [7.5, 2.5, 9, 3], "texture": "#1"},
				"east": {"uv": [4.5, 7, 10.5, 7.5], "texture": "#1"},
				"south": {"uv": [7.5, 3, 9, 3.5], "texture": "#1"},
				"west": {"uv": [7.5, 0, 13.5, 0.5], "texture": "#1"},
				"up": {"uv": [1.5, 12, 0, 6], "texture": "#1"},
				"down": {"uv": [7.5, 0, 6, 6], "texture": "#1"}
			}
		},
		{
			"from": [-14.325, 17.45, -16],
			"to": [-2.325, 21.45, 32],
			"rotation": {"angle": 22.5, "axis": "z", "origin": [8, 15, 8]},
			"faces": {
				"north": {"uv": [7.5, 3.5, 9, 4], "texture": "#1"},
				"east": {"uv": [7.5, 0.5, 13.5, 1], "texture": "#1"},
				"south": {"uv": [7.5, 4, 9, 4.5], "texture": "#1"},
				"west": {"uv": [7.5, 1, 13.5, 1.5], "texture": "#1"},
				"up": {"uv": [3, 12, 1.5, 6], "texture": "#1"},
				"down": {"uv": [4.5, 6, 3, 12], "texture": "#1"}
			}
		},
		{
			"from": [6, 17, -10],
			"to": [10, 23, -6],
			"faces": {
				"north": {"uv": [5.25, 7.5, 5.75, 8.25], "texture": "#1"},
				"east": {"uv": [7.5, 5.25, 8, 6], "texture": "#1"},
				"south": {"uv": [5.75, 7.5, 6.25, 8.25], "texture": "#1"},
				"west": {"uv": [6.25, 7.5, 6.75, 8.25], "texture": "#1"},
				"up": {"uv": [5, 8.75, 4.5, 8.25], "texture": "#1"},
				"down": {"uv": [8.75, 4.5, 8.25, 5], "texture": "#1"}
			}
		},
		{
			"from": [6, 17, 22],
			"to": [10, 23, 26],
			"rotation": {"angle": 0, "axis": "y", "origin": [0, 0, 16]},
			"faces": {
				"north": {"uv": [6.75, 7.5, 7.25, 8.25], "texture": "#1"},
				"east": {"uv": [7.25, 7.5, 7.75, 8.25], "texture": "#1"},
				"south": {"uv": [7.75, 7.5, 8.25, 8.25], "texture": "#1"},
				"west": {"uv": [8, 5.25, 8.5, 6], "texture": "#1"},
				"up": {"uv": [5.5, 8.75, 5, 8.25], "texture": "#1"},
				"down": {"uv": [6, 8.25, 5.5, 8.75], "texture": "#1"}
			}
		},
		{
			"from": [10.425, 12, -14],
			"to": [16.425, 13, -8],
			"faces": {
				"north": {"uv": [8.25, 5, 9, 5.125], "texture": "#1"},
				"east": {"uv": [8.25, 5.125, 9, 5.25], "texture": "#1"},
				"south": {"uv": [6, 8.25, 6.75, 8.375], "texture": "#1"},
				"west": {"uv": [6.75, 8.25, 7.5, 8.375], "texture": "#1"},
				"up": {"uv": [5.25, 8.25, 4.5, 7.5], "texture": "#1"},
				"down": {"uv": [8.25, 4.5, 7.5, 5.25], "texture": "#1"}
			}
		},
		{
			"from": [21.35, 14, -14],
			"to": [27.35, 15, -8],
			"rotation": {"angle": -22.5, "axis": "z", "origin": [13.5, 12.5, -11]},
			"faces": {
				"north": {"uv": [8.25, 5, 9, 5.125], "texture": "#1"},
				"east": {"uv": [8.25, 5.125, 9, 5.25], "texture": "#1"},
				"south": {"uv": [6, 8.25, 6.75, 8.375], "texture": "#1"},
				"west": {"uv": [6.75, 8.25, 7.5, 8.375], "texture": "#1"},
				"up": {"uv": [5.25, 8.25, 4.5, 7.5], "texture": "#1"},
				"down": {"uv": [8.25, 4.5, 7.5, 5.25], "texture": "#1"}
			}
		},
		{
			"from": [-0.425, 12, -14],
			"to": [5.575, 13, -8],
			"rotation": {"angle": 0, "axis": "y", "origin": [16, 0, 0]},
			"faces": {
				"north": {"uv": [9, 5, 8.25, 5.125], "texture": "#1"},
				"east": {"uv": [7.5, 8.25, 6.75, 8.375], "texture": "#1"},
				"south": {"uv": [6.75, 8.25, 6, 8.375], "texture": "#1"},
				"west": {"uv": [9, 5.125, 8.25, 5.25], "texture": "#1"},
				"up": {"uv": [4.5, 8.25, 5.25, 7.5], "texture": "#1"},
				"down": {"uv": [7.5, 4.5, 8.25, 5.25], "texture": "#1"}
			}
		},
		{
			"from": [-11.35, 14, -14],
			"to": [-5.35, 15, -8],
			"rotation": {"angle": 22.5, "axis": "z", "origin": [2.5, 12.5, -11]},
			"faces": {
				"north": {"uv": [9, 5, 8.25, 5.125], "texture": "#1"},
				"east": {"uv": [7.5, 8.25, 6.75, 8.375], "texture": "#1"},
				"south": {"uv": [6.75, 8.25, 6, 8.375], "texture": "#1"},
				"west": {"uv": [9, 5.125, 8.25, 5.25], "texture": "#1"},
				"up": {"uv": [4.5, 8.25, 5.25, 7.5], "texture": "#1"},
				"down": {"uv": [7.5, 4.5, 8.25, 5.25], "texture": "#1"}
			}
		},
		{
			"from": [10.425, 12, -4],
			"to": [16.425, 13, 2],
			"rotation": {"angle": 0, "axis": "y", "origin": [0, 0, 10]},
			"faces": {
				"north": {"uv": [8.25, 5, 9, 5.125], "texture": "#1"},
				"east": {"uv": [8.25, 5.125, 9, 5.25], "texture": "#1"},
				"south": {"uv": [6, 8.25, 6.75, 8.375], "texture": "#1"},
				"west": {"uv": [6.75, 8.25, 7.5, 8.375], "texture": "#1"},
				"up": {"uv": [5.25, 8.25, 4.5, 7.5], "texture": "#1"},
				"down": {"uv": [8.25, 4.5, 7.5, 5.25], "texture": "#1"}
			}
		},
		{
			"from": [21.35, 14, -4],
			"to": [27.35, 15, 2],
			"rotation": {"angle": -22.5, "axis": "z", "origin": [13.5, 12.5, -1]},
			"faces": {
				"north": {"uv": [8.25, 5, 9, 5.125], "texture": "#1"},
				"east": {"uv": [8.25, 5.125, 9, 5.25], "texture": "#1"},
				"south": {"uv": [6, 8.25, 6.75, 8.375], "texture": "#1"},
				"west": {"uv": [6.75, 8.25, 7.5, 8.375], "texture": "#1"},
				"up": {"uv": [5.25, 8.25, 4.5, 7.5], "texture": "#1"},
				"down": {"uv": [8.25, 4.5, 7.5, 5.25], "texture": "#1"}
			}
		},
		{
			"from": [-0.425, 12, -4],
			"to": [5.575, 13, 2],
			"rotation": {"angle": 0, "axis": "y", "origin": [16, 0, 10]},
			"faces": {
				"north": {"uv": [9, 5, 8.25, 5.125], "texture": "#1"},
				"east": {"uv": [7.5, 8.25, 6.75, 8.375], "texture": "#1"},
				"south": {"uv": [6.75, 8.25, 6, 8.375], "texture": "#1"},
				"west": {"uv": [9, 5.125, 8.25, 5.25], "texture": "#1"},
				"up": {"uv": [4.5, 8.25, 5.25, 7.5], "texture": "#1"},
				"down": {"uv": [7.5, 4.5, 8.25, 5.25], "texture": "#1"}
			}
		},
		{
			"from": [-11.35, 14, -4],
			"to": [-5.35, 15, 2],
			"rotation": {"angle": 22.5, "axis": "z", "origin": [2.5, 12.5, -1]},
			"faces": {
				"north": {"uv": [9, 5, 8.25, 5.125], "texture": "#1"},
				"east": {"uv": [7.5, 8.25, 6.75, 8.375], "texture": "#1"},
				"south": {"uv": [6.75, 8.25, 6, 8.375], "texture": "#1"},
				"west": {"uv": [9, 5.125, 8.25, 5.25], "texture": "#1"},
				"up": {"uv": [4.5, 8.25, 5.25, 7.5], "texture": "#1"},
				"down": {"uv": [7.5, 4.5, 8.25, 5.25], "texture": "#1"}
			}
		},
		{
			"from": [10.425, 12, 5],
			"to": [16.425, 13, 11],
			"rotation": {"angle": 0, "axis": "y", "origin": [0, 0, 19]},
			"faces": {
				"north": {"uv": [8.25, 5, 9, 5.125], "texture": "#1"},
				"east": {"uv": [8.25, 5.125, 9, 5.25], "texture": "#1"},
				"south": {"uv": [6, 8.25, 6.75, 8.375], "texture": "#1"},
				"west": {"uv": [6.75, 8.25, 7.5, 8.375], "texture": "#1"},
				"up": {"uv": [5.25, 8.25, 4.5, 7.5], "texture": "#1"},
				"down": {"uv": [8.25, 4.5, 7.5, 5.25], "texture": "#1"}
			}
		},
		{
			"from": [21.35, 14, 5],
			"to": [27.35, 15, 11],
			"rotation": {"angle": -22.5, "axis": "z", "origin": [13.5, 12.5, 8]},
			"faces": {
				"north": {"uv": [8.25, 5, 9, 5.125], "texture": "#1"},
				"east": {"uv": [8.25, 5.125, 9, 5.25], "texture": "#1"},
				"south": {"uv": [6, 8.25, 6.75, 8.375], "texture": "#1"},
				"west": {"uv": [6.75, 8.25, 7.5, 8.375], "texture": "#1"},
				"up": {"uv": [5.25, 8.25, 4.5, 7.5], "texture": "#1"},
				"down": {"uv": [8.25, 4.5, 7.5, 5.25], "texture": "#1"}
			}
		},
		{
			"from": [-0.425, 12, 5],
			"to": [5.575, 13, 11],
			"rotation": {"angle": 0, "axis": "y", "origin": [16, 0, 19]},
			"faces": {
				"north": {"uv": [9, 5, 8.25, 5.125], "texture": "#1"},
				"east": {"uv": [7.5, 8.25, 6.75, 8.375], "texture": "#1"},
				"south": {"uv": [6.75, 8.25, 6, 8.375], "texture": "#1"},
				"west": {"uv": [9, 5.125, 8.25, 5.25], "texture": "#1"},
				"up": {"uv": [4.5, 8.25, 5.25, 7.5], "texture": "#1"},
				"down": {"uv": [7.5, 4.5, 8.25, 5.25], "texture": "#1"}
			}
		},
		{
			"from": [-11.35, 14, 5],
			"to": [-5.35, 15, 11],
			"rotation": {"angle": 22.5, "axis": "z", "origin": [2.5, 12.5, 8]},
			"faces": {
				"north": {"uv": [9, 5, 8.25, 5.125], "texture": "#1"},
				"east": {"uv": [7.5, 8.25, 6.75, 8.375], "texture": "#1"},
				"south": {"uv": [6.75, 8.25, 6, 8.375], "texture": "#1"},
				"west": {"uv": [9, 5.125, 8.25, 5.25], "texture": "#1"},
				"up": {"uv": [4.5, 8.25, 5.25, 7.5], "texture": "#1"},
				"down": {"uv": [7.5, 4.5, 8.25, 5.25], "texture": "#1"}
			}
		},
		{
			"from": [10.425, 12, 14],
			"to": [16.425, 13, 20],
			"rotation": {"angle": 0, "axis": "y", "origin": [0, 0, 28]},
			"faces": {
				"north": {"uv": [8.25, 5, 9, 5.125], "texture": "#1"},
				"east": {"uv": [8.25, 5.125, 9, 5.25], "texture": "#1"},
				"south": {"uv": [6, 8.25, 6.75, 8.375], "texture": "#1"},
				"west": {"uv": [6.75, 8.25, 7.5, 8.375], "texture": "#1"},
				"up": {"uv": [5.25, 8.25, 4.5, 7.5], "texture": "#1"},
				"down": {"uv": [8.25, 4.5, 7.5, 5.25], "texture": "#1"}
			}
		},
		{
			"from": [21.35, 14, 14],
			"to": [27.35, 15, 20],
			"rotation": {"angle": -22.5, "axis": "z", "origin": [13.5, 12.5, 17]},
			"faces": {
				"north": {"uv": [8.25, 5, 9, 5.125], "texture": "#1"},
				"east": {"uv": [8.25, 5.125, 9, 5.25], "texture": "#1"},
				"south": {"uv": [6, 8.25, 6.75, 8.375], "texture": "#1"},
				"west": {"uv": [6.75, 8.25, 7.5, 8.375], "texture": "#1"},
				"up": {"uv": [5.25, 8.25, 4.5, 7.5], "texture": "#1"},
				"down": {"uv": [8.25, 4.5, 7.5, 5.25], "texture": "#1"}
			}
		},
		{
			"from": [-0.425, 12, 14],
			"to": [5.575, 13, 20],
			"rotation": {"angle": 0, "axis": "y", "origin": [16, 0, 28]},
			"faces": {
				"north": {"uv": [9, 5, 8.25, 5.125], "texture": "#1"},
				"east": {"uv": [7.5, 8.25, 6.75, 8.375], "texture": "#1"},
				"south": {"uv": [6.75, 8.25, 6, 8.375], "texture": "#1"},
				"west": {"uv": [9, 5.125, 8.25, 5.25], "texture": "#1"},
				"up": {"uv": [4.5, 8.25, 5.25, 7.5], "texture": "#1"},
				"down": {"uv": [7.5, 4.5, 8.25, 5.25], "texture": "#1"}
			}
		},
		{
			"from": [-11.35, 14, 14],
			"to": [-5.35, 15, 20],
			"rotation": {"angle": 22.5, "axis": "z", "origin": [2.5, 12.5, 17]},
			"faces": {
				"north": {"uv": [9, 5, 8.25, 5.125], "texture": "#1"},
				"east": {"uv": [7.5, 8.25, 6.75, 8.375], "texture": "#1"},
				"south": {"uv": [6.75, 8.25, 6, 8.375], "texture": "#1"},
				"west": {"uv": [9, 5.125, 8.25, 5.25], "texture": "#1"},
				"up": {"uv": [4.5, 8.25, 5.25, 7.5], "texture": "#1"},
				"down": {"uv": [7.5, 4.5, 8.25, 5.25], "texture": "#1"}
			}
		},
		{
			"from": [10.425, 12, 24],
			"to": [16.425, 13, 30],
			"rotation": {"angle": 0, "axis": "y", "origin": [0, 0, 38]},
			"faces": {
				"north": {"uv": [8.25, 5, 9, 5.125], "texture": "#1"},
				"east": {"uv": [8.25, 5.125, 9, 5.25], "texture": "#1"},
				"south": {"uv": [6, 8.25, 6.75, 8.375], "texture": "#1"},
				"west": {"uv": [6.75, 8.25, 7.5, 8.375], "texture": "#1"},
				"up": {"uv": [5.25, 8.25, 4.5, 7.5], "texture": "#1"},
				"down": {"uv": [8.25, 4.5, 7.5, 5.25], "texture": "#1"}
			}
		},
		{
			"from": [21.35, 14, 24],
			"to": [27.35, 15, 30],
			"rotation": {"angle": -22.5, "axis": "z", "origin": [13.5, 12.5, 27]},
			"faces": {
				"north": {"uv": [8.25, 5, 9, 5.125], "texture": "#1"},
				"east": {"uv": [8.25, 5.125, 9, 5.25], "texture": "#1"},
				"south": {"uv": [6, 8.25, 6.75, 8.375], "texture": "#1"},
				"west": {"uv": [6.75, 8.25, 7.5, 8.375], "texture": "#1"},
				"up": {"uv": [5.25, 8.25, 4.5, 7.5], "texture": "#1"},
				"down": {"uv": [8.25, 4.5, 7.5, 5.25], "texture": "#1"}
			}
		},
		{
			"from": [-0.425, 12, 24],
			"to": [5.575, 13, 30],
			"rotation": {"angle": 0, "axis": "y", "origin": [16, 0, 38]},
			"faces": {
				"north": {"uv": [9, 5, 8.25, 5.125], "texture": "#1"},
				"east": {"uv": [7.5, 8.25, 6.75, 8.375], "texture": "#1"},
				"south": {"uv": [6.75, 8.25, 6, 8.375], "texture": "#1"},
				"west": {"uv": [9, 5.125, 8.25, 5.25], "texture": "#1"},
				"up": {"uv": [4.5, 8.25, 5.25, 7.5], "texture": "#1"},
				"down": {"uv": [7.5, 4.5, 8.25, 5.25], "texture": "#1"}
			}
		},
		{
			"from": [-11.35, 14, 24],
			"to": [-5.35, 15, 30],
			"rotation": {"angle": 22.5, "axis": "z", "origin": [2.5, 12.5, 27]},
			"faces": {
				"north": {"uv": [9, 5, 8.25, 5.125], "texture": "#1"},
				"east": {"uv": [7.5, 8.25, 6.75, 8.375], "texture": "#1"},
				"south": {"uv": [6.75, 8.25, 6, 8.375], "texture": "#1"},
				"west": {"uv": [9, 5.125, 8.25, 5.25], "texture": "#1"},
				"up": {"uv": [4.5, 8.25, 5.25, 7.5], "texture": "#1"},
				"down": {"uv": [7.5, 4.5, 8.25, 5.25], "texture": "#1"}
			}
		}
	],
	"display": {
		"thirdperson_righthand": {
			"rotation": [90, 0, 0],
			"scale": [0.1, 0.1, 0.1]
		},
		"thirdperson_lefthand": {
			"rotation": [90, 0, 0],
			"scale": [0.1, 0.1, 0.1]
		},
		"firstperson_righthand": {
			"scale": [0.1, 0.1, 0.1]
		},
		"firstperson_lefthand": {
			"scale": [0.1, 0.1, 0.1]
		},
		"ground": {
			"translation": [0, -4, 0],
			"scale": [0.5, 0.5, 0.5]
		},
		"gui": {
			"translation": [0, -1.75, 0],
			"scale": [0.3, 0.3, 0.5]
		},
		"fixed": {
			"rotation": [90, 0, 0],
			"translation": [0, -0.75, -28],
			"scale": [2, 2, 2]
		}
	},
	"groups": [
		{
			"name": "Base",
			"origin": [0, 0, 16],
			"color": 0,
			"children": [0, 1, 2, 3, 4]
		},
		{
			"name": "Lights",
			"origin": [0, 0, 0],
			"color": 0,
			"children": []
		},
		{
			"name": "group",
			"origin": [2.5, 12.5, -11],
			"color": 0,
			"children": [5, 6, 7, 8]
		},
		{
			"name": "group",
			"origin": [2.5, 12.5, -11],
			"color": 0,
			"children": [9, 10, 11, 12]
		},
		{
			"name": "group",
			"origin": [2.5, 12.5, -11],
			"color": 0,
			"children": [13, 14, 15, 16]
		},
		{
			"name": "group",
			"origin": [2.5, 12.5, -11],
			"color": 0,
			"children": [17, 18, 19, 20]
		},
		{
			"name": "group",
			"origin": [2.5, 12.5, -11],
			"color": 0,
			"children": [21, 22, 23, 24]
		}
	]
}