{
	"credit": "Made with Blockbench",
	"texture_size": [32, 32],
	"textures": {
		"0": "block/jolly_lick",
		"particle": "block/jolly_lick"
	},
	"elements": [
		{
			"from": [8, 8.5, 6.5],
			"to": [8, 10.5, 9.5],
			"faces": {
				"north": {"uv": [0, 0, 0, 1], "texture": "#0"},
				"east": {"uv": [5, 4, 6.5, 5], "texture": "#0"},
				"south": {"uv": [0, 0, 0, 1], "texture": "#0"},
				"west": {"uv": [5, 5, 6.5, 6], "texture": "#0"},
				"up": {"uv": [0, 1.5, 0, 0], "texture": "#0"},
				"down": {"uv": [0, 0, 0, 1.5], "texture": "#0"}
			}
		},
		{
			"name": "hexadecagon",
			"from": [7.40326, 7.5, 5],
			"to": [8.59674, 8.5, 11],
			"rotation": {"angle": -45, "axis": "y", "origin": [8, 8, 8]},
			"faces": {
				"north": {"uv": [11.5, 2, 12, 2.5], "texture": "#0"},
				"east": {"uv": [0, 6, 3, 6.5], "texture": "#0"},
				"south": {"uv": [11.5, 8.5, 12, 9], "texture": "#0"},
				"west": {"uv": [3, 6, 6, 6.5], "texture": "#0"},
				"up": {"uv": [6.5, 9, 6, 6], "texture": "#0"},
				"down": {"uv": [0.5, 6.5, 0, 9.5], "texture": "#0"}
			}
		},
		{
			"name": "hexadecagon",
			"from": [7.40326, 7.5, 5],
			"to": [8.59674, 8.5, 11],
			"rotation": {"angle": -22.5, "axis": "y", "origin": [8, 8, 8]},
			"faces": {
				"north": {"uv": [12, 2, 12.5, 2.5], "texture": "#0"},
				"east": {"uv": [0.5, 6.5, 3.5, 7], "texture": "#0"},
				"south": {"uv": [12.5, 2, 13, 2.5], "texture": "#0"},
				"west": {"uv": [6.5, 4, 9.5, 4.5], "texture": "#0"},
				"up": {"uv": [4, 9.5, 3.5, 6.5], "texture": "#0"},
				"down": {"uv": [4.5, 6.5, 4, 9.5], "texture": "#0"}
			}
		},
		{
			"name": "hexadecagon",
			"from": [7.40326, 7.5, 5],
			"to": [8.59674, 8.5, 11],
			"rotation": {"angle": 0, "axis": "y", "origin": [8, 8, 8]},
			"faces": {
				"north": {"uv": [4, 12.5, 4.5, 13], "texture": "#0"},
				"east": {"uv": [6.5, 4.5, 9.5, 5], "texture": "#0"},
				"south": {"uv": [12.5, 4, 13, 4.5], "texture": "#0"},
				"west": {"uv": [6.5, 5, 9.5, 5.5], "texture": "#0"},
				"up": {"uv": [5, 9.5, 4.5, 6.5], "texture": "#0"},
				"down": {"uv": [5.5, 6.5, 5, 9.5], "texture": "#0"}
			}
		},
		{
			"name": "hexadecagon",
			"from": [7.40326, 7.5, 5],
			"to": [8.59674, 8.5, 11],
			"rotation": {"angle": 22.5, "axis": "y", "origin": [8, 8, 8]},
			"faces": {
				"north": {"uv": [4.5, 12.5, 5, 13], "texture": "#0"},
				"east": {"uv": [6.5, 5.5, 9.5, 6], "texture": "#0"},
				"south": {"uv": [12.5, 4.5, 13, 5], "texture": "#0"},
				"west": {"uv": [6.5, 6, 9.5, 6.5], "texture": "#0"},
				"up": {"uv": [6, 9.5, 5.5, 6.5], "texture": "#0"},
				"down": {"uv": [7, 6.5, 6.5, 9.5], "texture": "#0"}
			}
		},
		{
			"name": "hexadecagon",
			"from": [7.40326, 7.5, 5],
			"to": [8.59674, 8.5, 11],
			"rotation": {"angle": 45, "axis": "y", "origin": [8, 8, 8]},
			"faces": {
				"north": {"uv": [5, 12.5, 5.5, 13], "texture": "#0"},
				"east": {"uv": [0.5, 7, 3.5, 7.5], "texture": "#0"},
				"south": {"uv": [12.5, 5, 13, 5.5], "texture": "#0"},
				"west": {"uv": [7, 6.5, 10, 7], "texture": "#0"},
				"up": {"uv": [7.5, 10, 7, 7], "texture": "#0"},
				"down": {"uv": [8, 0, 7.5, 3], "texture": "#0"}
			}
		},
		{
			"name": "hexadecagon",
			"from": [5, 7.5, 7.40326],
			"to": [11, 8.5, 8.59674],
			"rotation": {"angle": -22.5, "axis": "y", "origin": [8, 8, 8]},
			"faces": {
				"north": {"uv": [0.5, 7.5, 3.5, 8], "texture": "#0"},
				"east": {"uv": [5.5, 12.5, 6, 13], "texture": "#0"},
				"south": {"uv": [7.5, 3, 10.5, 3.5], "texture": "#0"},
				"west": {"uv": [12.5, 5.5, 13, 6], "texture": "#0"},
				"up": {"uv": [10.5, 4, 7.5, 3.5], "texture": "#0"},
				"down": {"uv": [10.5, 7, 7.5, 7.5], "texture": "#0"}
			}
		},
		{
			"name": "hexadecagon",
			"from": [5, 7.5, 7.40326],
			"to": [11, 8.5, 8.59674],
			"rotation": {"angle": 0, "axis": "y", "origin": [8, 8, 8]},
			"faces": {
				"north": {"uv": [7.5, 7.5, 10.5, 8], "texture": "#0"},
				"east": {"uv": [12.5, 6, 13, 6.5], "texture": "#0"},
				"south": {"uv": [8, 0, 11, 0.5], "texture": "#0"},
				"west": {"uv": [7, 12.5, 7.5, 13], "texture": "#0"},
				"up": {"uv": [3.5, 8.5, 0.5, 8], "texture": "#0"},
				"down": {"uv": [11, 0.5, 8, 1], "texture": "#0"}
			}
		},
		{
			"name": "hexadecagon",
			"from": [5, 7.5, 7.40326],
			"to": [11, 8.5, 8.59674],
			"rotation": {"angle": 22.5, "axis": "y", "origin": [8, 8, 8]},
			"faces": {
				"north": {"uv": [8, 1, 11, 1.5], "texture": "#0"},
				"east": {"uv": [7.5, 12.5, 8, 13], "texture": "#0"},
				"south": {"uv": [8, 1.5, 11, 2], "texture": "#0"},
				"west": {"uv": [8, 12.5, 8.5, 13], "texture": "#0"},
				"up": {"uv": [11, 2.5, 8, 2], "texture": "#0"},
				"down": {"uv": [11, 2.5, 8, 3], "texture": "#0"}
			}
		},
		{
			"name": "hexadecagon",
			"from": [7.40326, 5, 5],
			"to": [8.59674, 6, 11],
			"rotation": {"angle": -45, "axis": "y", "origin": [8, 5, 8]},
			"faces": {
				"north": {"uv": [12.5, 8.5, 13, 9], "texture": "#0"},
				"east": {"uv": [7.5, 8, 10.5, 8.5], "texture": "#0"},
				"south": {"uv": [12.5, 9, 13, 9.5], "texture": "#0"},
				"west": {"uv": [0.5, 8.5, 3.5, 9], "texture": "#0"},
				"up": {"uv": [8, 11.5, 7.5, 8.5], "texture": "#0"},
				"down": {"uv": [8.5, 8.5, 8, 11.5], "texture": "#0"}
			}
		},
		{
			"name": "hexadecagon",
			"from": [7.40326, 5, 5],
			"to": [8.59674, 6, 11],
			"rotation": {"angle": -22.5, "axis": "y", "origin": [8, 5, 8]},
			"faces": {
				"north": {"uv": [9.5, 12.5, 10, 13], "texture": "#0"},
				"east": {"uv": [8.5, 8.5, 11.5, 9], "texture": "#0"},
				"south": {"uv": [12.5, 9.5, 13, 10], "texture": "#0"},
				"west": {"uv": [0.5, 9, 3.5, 9.5], "texture": "#0"},
				"up": {"uv": [6.5, 12, 6, 9], "texture": "#0"},
				"down": {"uv": [9, 9, 8.5, 12], "texture": "#0"}
			}
		},
		{
			"name": "hexadecagon",
			"from": [7.40326, 5, 5],
			"to": [8.59674, 6, 11],
			"rotation": {"angle": 0, "axis": "y", "origin": [8, 5, 8]},
			"faces": {
				"north": {"uv": [10, 12.5, 10.5, 13], "texture": "#0"},
				"east": {"uv": [9, 9, 12, 9.5], "texture": "#0"},
				"south": {"uv": [12.5, 10, 13, 10.5], "texture": "#0"},
				"west": {"uv": [0, 9.5, 3, 10], "texture": "#0"},
				"up": {"uv": [3.5, 12.5, 3, 9.5], "texture": "#0"},
				"down": {"uv": [4, 9.5, 3.5, 12.5], "texture": "#0"}
			}
		},
		{
			"name": "hexadecagon",
			"from": [7.40326, 5, 5],
			"to": [8.59674, 6, 11],
			"rotation": {"angle": 22.5, "axis": "y", "origin": [8, 5, 8]},
			"faces": {
				"north": {"uv": [10.5, 12.5, 11, 13], "texture": "#0"},
				"east": {"uv": [9.5, 4, 12.5, 4.5], "texture": "#0"},
				"south": {"uv": [12.5, 10.5, 13, 11], "texture": "#0"},
				"west": {"uv": [9.5, 4.5, 12.5, 5], "texture": "#0"},
				"up": {"uv": [4.5, 12.5, 4, 9.5], "texture": "#0"},
				"down": {"uv": [5, 9.5, 4.5, 12.5], "texture": "#0"}
			}
		},
		{
			"name": "hexadecagon",
			"from": [7.40326, 5, 5],
			"to": [8.59674, 6, 11],
			"rotation": {"angle": 45, "axis": "y", "origin": [8, 5, 8]},
			"faces": {
				"north": {"uv": [11, 12.5, 11.5, 13], "texture": "#0"},
				"east": {"uv": [9.5, 5, 12.5, 5.5], "texture": "#0"},
				"south": {"uv": [12.5, 11, 13, 11.5], "texture": "#0"},
				"west": {"uv": [9.5, 5.5, 12.5, 6], "texture": "#0"},
				"up": {"uv": [5.5, 12.5, 5, 9.5], "texture": "#0"},
				"down": {"uv": [6, 9.5, 5.5, 12.5], "texture": "#0"}
			}
		},
		{
			"name": "hexadecagon",
			"from": [5, 5, 7.40326],
			"to": [11, 6, 8.59674],
			"rotation": {"angle": -22.5, "axis": "y", "origin": [8, 5, 8]},
			"faces": {
				"north": {"uv": [9.5, 6, 12.5, 6.5], "texture": "#0"},
				"east": {"uv": [11.5, 12.5, 12, 13], "texture": "#0"},
				"south": {"uv": [9, 9.5, 12, 10], "texture": "#0"},
				"west": {"uv": [12.5, 11.5, 13, 12], "texture": "#0"},
				"up": {"uv": [3, 10.5, 0, 10], "texture": "#0"},
				"down": {"uv": [13, 6.5, 10, 7], "texture": "#0"}
			}
		},
		{
			"name": "hexadecagon",
			"from": [5, 5, 7.40326],
			"to": [11, 6, 8.59674],
			"rotation": {"angle": 0, "axis": "y", "origin": [8, 5, 8]},
			"faces": {
				"north": {"uv": [9, 10, 12, 10.5], "texture": "#0"},
				"east": {"uv": [12, 12.5, 12.5, 13], "texture": "#0"},
				"south": {"uv": [0, 10.5, 3, 11], "texture": "#0"},
				"west": {"uv": [12.5, 12, 13, 12.5], "texture": "#0"},
				"up": {"uv": [13.5, 3.5, 10.5, 3], "texture": "#0"},
				"down": {"uv": [13.5, 3.5, 10.5, 4], "texture": "#0"}
			}
		},
		{
			"name": "hexadecagon",
			"from": [5, 5, 7.40326],
			"to": [11, 6, 8.59674],
			"rotation": {"angle": 22.5, "axis": "y", "origin": [8, 5, 8]},
			"faces": {
				"north": {"uv": [10.5, 7, 13.5, 7.5], "texture": "#0"},
				"east": {"uv": [12.5, 12.5, 13, 13], "texture": "#0"},
				"south": {"uv": [10.5, 7.5, 13.5, 8], "texture": "#0"},
				"west": {"uv": [13, 2, 13.5, 2.5], "texture": "#0"},
				"up": {"uv": [13.5, 8.5, 10.5, 8], "texture": "#0"},
				"down": {"uv": [12, 10.5, 9, 11], "texture": "#0"}
			}
		},
		{
			"name": "hexadecagon",
			"from": [7.46294, 6, 5.3],
			"to": [8.53706, 8, 10.7],
			"rotation": {"angle": -45, "axis": "y", "origin": [8, 7, 8]},
			"faces": {
				"north": {"uv": [7.5, 11.5, 8, 12.5], "texture": "#0"},
				"east": {"uv": [0, 0, 2.5, 1], "texture": "#0"},
				"south": {"uv": [8, 11.5, 8.5, 12.5], "texture": "#0"},
				"west": {"uv": [0, 1, 2.5, 2], "texture": "#0"},
				"up": {"uv": [7, 12, 6.5, 9.5], "texture": "#0"},
				"down": {"uv": [7.5, 10, 7, 12.5], "texture": "#0"}
			}
		},
		{
			"name": "hexadecagon",
			"from": [7.46294, 6, 5.3],
			"to": [8.53706, 8, 10.7],
			"rotation": {"angle": -22.5, "axis": "y", "origin": [8, 7, 8]},
			"faces": {
				"north": {"uv": [9.5, 11.5, 10, 12.5], "texture": "#0"},
				"east": {"uv": [0, 2, 2.5, 3], "texture": "#0"},
				"south": {"uv": [10, 11.5, 10.5, 12.5], "texture": "#0"},
				"west": {"uv": [2.5, 0, 5, 1], "texture": "#0"},
				"up": {"uv": [0.5, 13.5, 0, 11], "texture": "#0"},
				"down": {"uv": [11.5, 0, 11, 2.5], "texture": "#0"}
			}
		},
		{
			"name": "hexadecagon",
			"from": [7.46294, 6, 5.3],
			"to": [8.53706, 8, 10.7],
			"rotation": {"angle": 0, "axis": "y", "origin": [8, 7, 8]},
			"faces": {
				"north": {"uv": [10.5, 11.5, 11, 12.5], "texture": "#0"},
				"east": {"uv": [2.5, 1, 5, 2], "texture": "#0"},
				"south": {"uv": [11, 11.5, 11.5, 12.5], "texture": "#0"},
				"west": {"uv": [2.5, 2, 5, 3], "texture": "#0"},
				"up": {"uv": [1, 13.5, 0.5, 11], "texture": "#0"},
				"down": {"uv": [1.5, 11, 1, 13.5], "texture": "#0"}
			}
		},
		{
			"name": "hexadecagon",
			"from": [7.46294, 6, 5.3],
			"to": [8.53706, 8, 10.7],
			"rotation": {"angle": 22.5, "axis": "y", "origin": [8, 7, 8]},
			"faces": {
				"north": {"uv": [11.5, 11.5, 12, 12.5], "texture": "#0"},
				"east": {"uv": [0, 3, 2.5, 4], "texture": "#0"},
				"south": {"uv": [6, 12, 6.5, 13], "texture": "#0"},
				"west": {"uv": [2.5, 3, 5, 4], "texture": "#0"},
				"up": {"uv": [2, 13.5, 1.5, 11], "texture": "#0"},
				"down": {"uv": [2.5, 11, 2, 13.5], "texture": "#0"}
			}
		},
		{
			"name": "hexadecagon",
			"from": [7.46294, 6, 5.3],
			"to": [8.53706, 8, 10.7],
			"rotation": {"angle": 45, "axis": "y", "origin": [8, 7, 8]},
			"faces": {
				"north": {"uv": [6.5, 12, 7, 13], "texture": "#0"},
				"east": {"uv": [0, 4, 2.5, 5], "texture": "#0"},
				"south": {"uv": [8.5, 12, 9, 13], "texture": "#0"},
				"west": {"uv": [2.5, 4, 5, 5], "texture": "#0"},
				"up": {"uv": [3, 13.5, 2.5, 11], "texture": "#0"},
				"down": {"uv": [9.5, 11, 9, 13.5], "texture": "#0"}
			}
		},
		{
			"name": "hexadecagon",
			"from": [5.3, 6, 7.46294],
			"to": [10.7, 8, 8.53706],
			"rotation": {"angle": -22.5, "axis": "y", "origin": [8, 7, 8]},
			"faces": {
				"north": {"uv": [0, 5, 2.5, 6], "texture": "#0"},
				"east": {"uv": [12, 8.5, 12.5, 9.5], "texture": "#0"},
				"south": {"uv": [5, 0, 7.5, 1], "texture": "#0"},
				"west": {"uv": [12, 9.5, 12.5, 10.5], "texture": "#0"},
				"up": {"uv": [13.5, 3, 11, 2.5], "texture": "#0"},
				"down": {"uv": [12, 11, 9.5, 11.5], "texture": "#0"}
			}
		},
		{
			"name": "hexadecagon",
			"from": [5.3, 6, 7.46294],
			"to": [10.7, 8, 8.53706],
			"rotation": {"angle": 0, "axis": "y", "origin": [8, 7, 8]},
			"faces": {
				"north": {"uv": [5, 1, 7.5, 2], "texture": "#0"},
				"east": {"uv": [12, 10.5, 12.5, 11.5], "texture": "#0"},
				"south": {"uv": [5, 2, 7.5, 3], "texture": "#0"},
				"west": {"uv": [12, 11.5, 12.5, 12.5], "texture": "#0"},
				"up": {"uv": [14, 0.5, 11.5, 0], "texture": "#0"},
				"down": {"uv": [14, 0.5, 11.5, 1], "texture": "#0"}
			}
		},
		{
			"name": "hexadecagon",
			"from": [5.3, 6, 7.46294],
			"to": [10.7, 8, 8.53706],
			"rotation": {"angle": 22.5, "axis": "y", "origin": [8, 7, 8]},
			"faces": {
				"north": {"uv": [2.5, 5, 5, 6], "texture": "#0"},
				"east": {"uv": [3, 12.5, 3.5, 13.5], "texture": "#0"},
				"south": {"uv": [5, 3, 7.5, 4], "texture": "#0"},
				"west": {"uv": [3.5, 12.5, 4, 13.5], "texture": "#0"},
				"up": {"uv": [14, 1.5, 11.5, 1], "texture": "#0"},
				"down": {"uv": [14, 1.5, 11.5, 2], "texture": "#0"}
			}
		}
	],
	"display": {
		"fixed": {
			"rotation": [90, 0, 0],
			"translation": [0, 0, -3],
			"scale": [2, 2, 2]
		}
	},
	"groups": [
		0,
		{
			"name": "hexadecagon",
			"origin": [8, 8, 8],
			"color": 0,
			"children": [1, 2, 3, 4, 5, 6, 7, 8]
		},
		{
			"name": "hexadecagon",
			"origin": [8, 8, 8],
			"color": 0,
			"children": [9, 10, 11, 12, 13, 14, 15, 16]
		},
		{
			"name": "hexadecagon",
			"origin": [8, 8, 8],
			"color": 0,
			"children": [17, 18, 19, 20, 21, 22, 23, 24]
		}
	]
}