{
	"credit": "Made with Blockbench",
	"texture_size": [32, 32],
	"textures": {
		"0": "block/Jolly Ball Colors/jolly_ball_cyan",
		"particle": "block/Jolly Ball Colors/jolly_ball_cyan"
	},
	"elements": [
		{
			"from": [6, 0, 6],
			"to": [10, 1, 10],
			"faces": {
				"north": {"uv": [6, 2, 8, 2.5], "texture": "#0"},
				"east": {"uv": [6, 2.5, 8, 3], "texture": "#0"},
				"south": {"uv": [6, 3, 8, 3.5], "texture": "#0"},
				"west": {"uv": [6, 3.5, 8, 4], "texture": "#0"},
				"up": {"uv": [2, 2, 0, 0], "texture": "#0"},
				"down": {"uv": [2, 2, 0, 4], "texture": "#0"}
			}
		},
		{
			"from": [6, 5, 6],
			"to": [10, 6, 10],
			"faces": {
				"north": {"uv": [7, 4, 9, 4.5], "texture": "#0"},
				"east": {"uv": [7, 4.5, 9, 5], "texture": "#0"},
				"south": {"uv": [7, 5, 9, 5.5], "texture": "#0"},
				"west": {"uv": [7, 5.5, 9, 6], "texture": "#0"},
				"up": {"uv": [4, 6, 2, 4], "texture": "#0"},
				"down": {"uv": [6, 2, 4, 4], "texture": "#0"}
			}
		},
		{
			"from": [5, 1, 6],
			"to": [6, 5, 10],
			"faces": {
				"north": {"uv": [4, 6, 4.5, 8], "texture": "#0"},
				"east": {"uv": [2, 0, 4, 2], "texture": "#0"},
				"south": {"uv": [6, 4, 6.5, 6], "texture": "#0"},
				"west": {"uv": [2, 2, 4, 4], "texture": "#0"},
				"up": {"uv": [5, 8, 4.5, 6], "texture": "#0"},
				"down": {"uv": [5.5, 6, 5, 8], "texture": "#0"}
			}
		},
		{
			"from": [10, 1, 6],
			"to": [11, 5, 10],
			"faces": {
				"north": {"uv": [5.5, 6, 6, 8], "texture": "#0"},
				"east": {"uv": [0, 4, 2, 6], "texture": "#0"},
				"south": {"uv": [6, 6, 6.5, 8], "texture": "#0"},
				"west": {"uv": [4, 0, 6, 2], "texture": "#0"},
				"up": {"uv": [7, 6, 6.5, 4], "texture": "#0"},
				"down": {"uv": [7, 6, 6.5, 8], "texture": "#0"}
			}
		},
		{
			"from": [6, 1, 5],
			"to": [10, 5, 6],
			"faces": {
				"north": {"uv": [4, 4, 6, 6], "texture": "#0"},
				"east": {"uv": [7, 6, 7.5, 8], "texture": "#0"},
				"south": {"uv": [0, 6, 2, 8], "texture": "#0"},
				"west": {"uv": [7.5, 6, 8, 8], "texture": "#0"},
				"up": {"uv": [2, 8.5, 0, 8], "texture": "#0"},
				"down": {"uv": [10, 0, 8, 0.5], "texture": "#0"}
			}
		},
		{
			"from": [6, 1, 10],
			"to": [10, 5, 11],
			"faces": {
				"north": {"uv": [6, 0, 8, 2], "texture": "#0"},
				"east": {"uv": [8, 0.5, 8.5, 2.5], "texture": "#0"},
				"south": {"uv": [2, 6, 4, 8], "texture": "#0"},
				"west": {"uv": [2, 8, 2.5, 10], "texture": "#0"},
				"up": {"uv": [4.5, 8.5, 2.5, 8], "texture": "#0"},
				"down": {"uv": [10, 2.5, 8, 3], "texture": "#0"}
			}
		},
		{
			"from": [7, 10.5, 5],
			"to": [9, 11.5, 5.5],
			"rotation": {"angle": 22.5, "axis": "x", "origin": [0, 0, 0]},
			"faces": {
				"north": {"uv": [8, 7, 9, 7.5], "texture": "#0"},
				"east": {"uv": [8.5, 1.5, 9, 2], "texture": "#0"},
				"south": {"uv": [7.5, 8, 8.5, 8.5], "texture": "#0"},
				"west": {"uv": [8.5, 2, 9, 2.5], "texture": "#0"},
				"up": {"uv": [9, 8, 8, 7.5], "texture": "#0"},
				"down": {"uv": [1, 8.5, 0, 9], "texture": "#0"}
			}
		},
		{
			"from": [6.1, 8.5, 5],
			"to": [7, 10.5, 5.5],
			"rotation": {"angle": 22.5, "axis": "x", "origin": [0, 0, 0]},
			"faces": {
				"north": {"uv": [8, 3, 8.5, 4], "texture": "#0"},
				"east": {"uv": [4.5, 8, 5, 9], "texture": "#0"},
				"south": {"uv": [5, 8, 5.5, 9], "texture": "#0"},
				"west": {"uv": [5.5, 8, 6, 9], "texture": "#0"},
				"up": {"uv": [9, 1, 8.5, 0.5], "texture": "#0"},
				"down": {"uv": [1.5, 8.5, 1, 9], "texture": "#0"}
			}
		},
		{
			"from": [9, 8.5, 5],
			"to": [9.9, 10.5, 5.5],
			"rotation": {"angle": 22.5, "axis": "x", "origin": [0, 0, 0]},
			"faces": {
				"north": {"uv": [6, 8, 6.5, 9], "texture": "#0"},
				"east": {"uv": [8, 6, 8.5, 7], "texture": "#0"},
				"south": {"uv": [6.5, 8, 7, 9], "texture": "#0"},
				"west": {"uv": [7, 8, 7.5, 9], "texture": "#0"},
				"up": {"uv": [9, 1.5, 8.5, 1], "texture": "#0"},
				"down": {"uv": [2, 8.5, 1.5, 9], "texture": "#0"}
			}
		}
	],
	"display": {
		"thirdperson_righthand": {
			"translation": [0, -1.5, -0.75]
		},
		"thirdperson_lefthand": {
			"translation": [0, -0.75, -0.75]
		},
		"fixed": {
			"rotation": [-90, 0, 0],
			"translation": [0, 0, -15],
			"scale": [2, 2, 2]
		}
	}
}