{
	"credit": "Made with Blockbench",
	"texture_size": [128, 64],
	"textures": {
		"2": "block/lavender_jump_stand"
	},
	"elements": [
		{
			"from": [0, 1, 7],
			"to": [2, 32, 9],
			"faces": {
				"north": {"uv": [0, 0, 0.5, 15.5], "texture": "#2"},
				"east": {"uv": [0.5, 0, 1, 15.5], "texture": "#2"},
				"south": {"uv": [1, 0, 1.5, 15.5], "texture": "#2"},
				"west": {"uv": [1.5, 0, 2, 15.5], "texture": "#2"},
				"up": {"uv": [4.5, 5.5, 4, 4.5], "texture": "#2"},
				"down": {"uv": [4.5, 5.5, 4, 6.5], "texture": "#2"}
			}
		},
		{
			"from": [0, 0, 0],
			"to": [2, 1, 16],
			"faces": {
				"north": {"uv": [4, 6.5, 4.5, 7], "texture": "#2"},
				"east": {"uv": [4, 2, 8, 2.5], "texture": "#2"},
				"south": {"uv": [4, 7, 4.5, 7.5], "texture": "#2"},
				"west": {"uv": [4, 2.5, 8, 3], "texture": "#2"},
				"up": {"uv": [2.5, 8, 2, 0], "texture": "#2"},
				"down": {"uv": [3, 0, 2.5, 8], "texture": "#2"}
			}
		},
		{
			"from": [12, 0, 0],
			"to": [14, 1, 16],
			"faces": {
				"north": {"uv": [4, 7.5, 4.5, 8], "texture": "#2"},
				"east": {"uv": [4, 3, 8, 3.5], "texture": "#2"},
				"south": {"uv": [2, 8.5, 2.5, 9], "texture": "#2"},
				"west": {"uv": [4, 3.5, 8, 4], "texture": "#2"},
				"up": {"uv": [3.5, 8, 3, 0], "texture": "#2"},
				"down": {"uv": [4, 0, 3.5, 8], "texture": "#2"}
			}
		},
		{
			"from": [2, 1, 7],
			"to": [15, 2, 9],
			"faces": {
				"north": {"uv": [2, 8, 5.25, 8.5], "texture": "#2"},
				"east": {"uv": [2.5, 8.5, 3, 9], "texture": "#2"},
				"south": {"uv": [4, 4, 7.25, 4.5], "texture": "#2"},
				"west": {"uv": [3, 8.5, 3.5, 9], "texture": "#2"},
				"up": {"uv": [7.25, 1, 4, 0], "texture": "#2"},
				"down": {"uv": [7.25, 1, 4, 2], "texture": "#2"}
			}
		},
		{
			"from": [2, 2, 8],
			"to": [28, 32, 8],
			"faces": {
				"north": {"uv": [8, 0, 11.25, 7.5], "texture": "#2"},
				"east": {"uv": [8, 0, 8, 7.5], "texture": "#2"},
				"south": {"uv": [11.25, 0, 14.5, 7.5], "texture": "#2"},
				"west": {"uv": [8, 0, 8, 7.5], "texture": "#2"},
				"up": {"uv": [11.25, 0, 8, 0], "texture": "#2"},
				"down": {"uv": [11.25, 0, 8, 0], "texture": "#2"}
			}
		}
	],
	"display": {
		"thirdperson_righthand": {
			"scale": [0.3, 0.3, 0.3]
		},
		"thirdperson_lefthand": {
			"scale": [0.3, 0.3, 0.3]
		},
		"firstperson_righthand": {
			"scale": [0.3, 0.3, 0.3]
		},
		"firstperson_lefthand": {
			"scale": [0.3, 0.3, 0.3]
		},
		"ground": {
			"translation": [0, 4.75, 0]
		},
		"gui": {
			"translation": [0, -3, 0],
			"scale": [0.4, 0.4, 0.4]
		},
		"fixed": {
			"rotation": [-90, 0, 0],
			"translation": [0, 0, -15],
			"scale": [2, 2, 2]
		}
	}
}