{
	"credit": "Made with Blockbench",
	"texture_size": [128, 64],
	"textures": {
		"0": "block/lavender_jump_pole_side",
		"particle": "block/lavender_jump_pole_side"
	},
	"elements": [
		{
			"from": [0, 23, 7],
			"to": [16, 25, 9],
			"rotation": {"angle": 0, "axis": "y", "origin": [-30, 0, -1]},
			"faces": {
				"north": {"uv": [0.5, 0.5, 4.5, 1], "texture": "#0"},
				"east": {"uv": [0, 0.5, 0.5, 1], "texture": "#0"},
				"south": {"uv": [5, 0.5, 9, 1], "texture": "#0"},
				"west": {"uv": [4.5, 0.5, 5, 1], "texture": "#0"},
				"up": {"uv": [4.5, 0.5, 0.5, 0], "texture": "#0"},
				"down": {"uv": [8.5, 0, 4.5, 0.5], "texture": "#0"}
			}
		},
		{
			"from": [0, 15, 7],
			"to": [16, 17, 9],
			"rotation": {"angle": 0, "axis": "y", "origin": [-30, 0, -1]},
			"faces": {
				"north": {"uv": [0.5, 1.5, 4.5, 2], "texture": "#0"},
				"east": {"uv": [0, 1.5, 0.5, 2], "texture": "#0"},
				"south": {"uv": [5, 1.5, 9, 2], "texture": "#0"},
				"west": {"uv": [4.5, 1.5, 5, 2], "texture": "#0"},
				"up": {"uv": [4.5, 1.5, 0.5, 1], "texture": "#0"},
				"down": {"uv": [8.5, 1, 4.5, 1.5], "texture": "#0"}
			}
		},
		{
			"from": [0, 7, 7],
			"to": [16, 9, 9],
			"rotation": {"angle": 0, "axis": "y", "origin": [-30, 0, -1]},
			"faces": {
				"north": {"uv": [0.5, 2.5, 4.5, 3], "texture": "#0"},
				"east": {"uv": [0, 2.5, 0.5, 3], "texture": "#0"},
				"south": {"uv": [5, 2.5, 9, 3], "texture": "#0"},
				"west": {"uv": [4.5, 2.5, 5, 3], "texture": "#0"},
				"up": {"uv": [4.5, 2.5, 0.5, 2], "texture": "#0"},
				"down": {"uv": [8.5, 2, 4.5, 2.5], "texture": "#0"}
			}
		},
		{
			"from": [13, 7, 6],
			"to": [15, 8, 7],
			"rotation": {"angle": 0, "axis": "y", "origin": [-30, 0, 0]},
			"faces": {
				"north": {"uv": [3, 5.25, 3.5, 5.5], "texture": "#0"},
				"east": {"uv": [2.75, 5.25, 3, 5.5], "texture": "#0"},
				"south": {"uv": [3.75, 5.25, 4.25, 5.5], "texture": "#0"},
				"west": {"uv": [3.5, 5.25, 3.75, 5.5], "texture": "#0"},
				"up": {"uv": [3.5, 5.25, 3, 5], "texture": "#0"},
				"down": {"uv": [4, 5, 3.5, 5.25], "texture": "#0"}
			}
		},
		{
			"from": [13, 6, 7],
			"to": [15, 7, 9],
			"rotation": {"angle": 0, "axis": "y", "origin": [-30, 0, 0]},
			"faces": {
				"north": {"uv": [4, 3.75, 4.5, 4], "texture": "#0"},
				"east": {"uv": [3.5, 3.75, 4, 4], "texture": "#0"},
				"south": {"uv": [5, 3.75, 5.5, 4], "texture": "#0"},
				"west": {"uv": [4.5, 3.75, 5, 4], "texture": "#0"},
				"up": {"uv": [4.5, 3.75, 4, 3.25], "texture": "#0"},
				"down": {"uv": [5, 3.25, 4.5, 3.75], "texture": "#0"}
			}
		},
		{
			"from": [15, 7, 7],
			"to": [16, 9, 9],
			"rotation": {"angle": 0, "axis": "y", "origin": [-30, 0, 0]},
			"faces": {
				"north": {"uv": [3.5, 4.5, 3.75, 5], "texture": "#0"},
				"east": {"uv": [3, 4.5, 3.5, 5], "texture": "#0"},
				"south": {"uv": [4.25, 4.5, 4.5, 5], "texture": "#0"},
				"west": {"uv": [3.75, 4.5, 4.25, 5], "texture": "#0"},
				"up": {"uv": [3.75, 4.5, 3.5, 4], "texture": "#0"},
				"down": {"uv": [4, 4, 3.75, 4.5], "texture": "#0"}
			}
		},
		{
			"from": [13, 7, 9],
			"to": [15, 8, 10],
			"rotation": {"angle": 0, "axis": "y", "origin": [-30, 0, 0]},
			"faces": {
				"north": {"uv": [5.25, 3.25, 5.75, 3.5], "texture": "#0"},
				"east": {"uv": [5, 3.25, 5.25, 3.5], "texture": "#0"},
				"south": {"uv": [6, 3.25, 6.5, 3.5], "texture": "#0"},
				"west": {"uv": [5.75, 3.25, 6, 3.5], "texture": "#0"},
				"up": {"uv": [5.75, 3.25, 5.25, 3], "texture": "#0"},
				"down": {"uv": [6.25, 3, 5.75, 3.25], "texture": "#0"}
			}
		},
		{
			"from": [13, 15, 6],
			"to": [15, 16, 7],
			"rotation": {"angle": 0, "axis": "y", "origin": [-30, 6, 0]},
			"faces": {
				"north": {"uv": [1.75, 5, 2.25, 5.25], "texture": "#0"},
				"east": {"uv": [1.5, 5, 1.75, 5.25], "texture": "#0"},
				"south": {"uv": [2.5, 5, 3, 5.25], "texture": "#0"},
				"west": {"uv": [2.25, 5, 2.5, 5.25], "texture": "#0"},
				"up": {"uv": [2.25, 5, 1.75, 4.75], "texture": "#0"},
				"down": {"uv": [2.75, 4.75, 2.25, 5], "texture": "#0"}
			}
		},
		{
			"from": [13, 14, 7],
			"to": [15, 15, 9],
			"rotation": {"angle": 0, "axis": "y", "origin": [-30, 6, 0]},
			"faces": {
				"north": {"uv": [2.5, 3.5, 3, 3.75], "texture": "#0"},
				"east": {"uv": [2, 3.5, 2.5, 3.75], "texture": "#0"},
				"south": {"uv": [3.5, 3.5, 4, 3.75], "texture": "#0"},
				"west": {"uv": [3, 3.5, 3.5, 3.75], "texture": "#0"},
				"up": {"uv": [3, 3.5, 2.5, 3], "texture": "#0"},
				"down": {"uv": [3.5, 3, 3, 3.5], "texture": "#0"}
			}
		},
		{
			"from": [15, 15, 7],
			"to": [16, 17, 9],
			"rotation": {"angle": 0, "axis": "y", "origin": [-30, 6, 0]},
			"faces": {
				"north": {"uv": [2, 4.25, 2.25, 4.75], "texture": "#0"},
				"east": {"uv": [1.5, 4.25, 2, 4.75], "texture": "#0"},
				"south": {"uv": [2.75, 4.25, 3, 4.75], "texture": "#0"},
				"west": {"uv": [2.25, 4.25, 2.75, 4.75], "texture": "#0"},
				"up": {"uv": [2.25, 4.25, 2, 3.75], "texture": "#0"},
				"down": {"uv": [2.5, 3.75, 2.25, 4.25], "texture": "#0"}
			}
		},
		{
			"from": [13, 15, 9],
			"to": [15, 16, 10],
			"rotation": {"angle": 0, "axis": "y", "origin": [-30, 6, 0]},
			"faces": {
				"north": {"uv": [0.25, 5, 0.75, 5.25], "texture": "#0"},
				"east": {"uv": [0, 5, 0.25, 5.25], "texture": "#0"},
				"south": {"uv": [1, 5, 1.5, 5.25], "texture": "#0"},
				"west": {"uv": [0.75, 5, 1, 5.25], "texture": "#0"},
				"up": {"uv": [0.75, 5, 0.25, 4.75], "texture": "#0"},
				"down": {"uv": [1.25, 4.75, 0.75, 5], "texture": "#0"}
			}
		},
		{
			"from": [13, 23, 6],
			"to": [15, 24, 7],
			"rotation": {"angle": 0, "axis": "y", "origin": [-30, 17, 0]},
			"faces": {
				"north": {"uv": [4.75, 4.75, 5.25, 5], "texture": "#0"},
				"east": {"uv": [4.5, 4.75, 4.75, 5], "texture": "#0"},
				"south": {"uv": [5.5, 4.75, 6, 5], "texture": "#0"},
				"west": {"uv": [5.25, 4.75, 5.5, 5], "texture": "#0"},
				"up": {"uv": [5.25, 4.75, 4.75, 4.5], "texture": "#0"},
				"down": {"uv": [5.75, 4.5, 5.25, 4.75], "texture": "#0"}
			}
		},
		{
			"from": [13, 22, 7],
			"to": [15, 23, 9],
			"rotation": {"angle": 0, "axis": "y", "origin": [-30, 17, 0]},
			"faces": {
				"north": {"uv": [0.5, 3.5, 1, 3.75], "texture": "#0"},
				"east": {"uv": [0, 3.5, 0.5, 3.75], "texture": "#0"},
				"south": {"uv": [1.5, 3.5, 2, 3.75], "texture": "#0"},
				"west": {"uv": [1, 3.5, 1.5, 3.75], "texture": "#0"},
				"up": {"uv": [1, 3.5, 0.5, 3], "texture": "#0"},
				"down": {"uv": [1.5, 3, 1, 3.5], "texture": "#0"}
			}
		},
		{
			"from": [15, 23, 7],
			"to": [16, 25, 9],
			"rotation": {"angle": 0, "axis": "y", "origin": [-30, 17, 0]},
			"faces": {
				"north": {"uv": [0.5, 4.25, 0.75, 4.75], "texture": "#0"},
				"east": {"uv": [0, 4.25, 0.5, 4.75], "texture": "#0"},
				"south": {"uv": [1.25, 4.25, 1.5, 4.75], "texture": "#0"},
				"west": {"uv": [0.75, 4.25, 1.25, 4.75], "texture": "#0"},
				"up": {"uv": [0.75, 4.25, 0.5, 3.75], "texture": "#0"},
				"down": {"uv": [1, 3.75, 0.75, 4.25], "texture": "#0"}
			}
		},
		{
			"from": [13, 23, 9],
			"to": [15, 24, 10],
			"rotation": {"angle": 0, "axis": "y", "origin": [-30, 17, 0]},
			"faces": {
				"north": {"uv": [4.25, 4.25, 4.75, 4.5], "texture": "#0"},
				"east": {"uv": [4, 4.25, 4.25, 4.5], "texture": "#0"},
				"south": {"uv": [5, 4.25, 5.5, 4.5], "texture": "#0"},
				"west": {"uv": [4.75, 4.25, 5, 4.5], "texture": "#0"},
				"up": {"uv": [4.75, 4.25, 4.25, 4], "texture": "#0"},
				"down": {"uv": [5.25, 4, 4.75, 4.25], "texture": "#0"}
			}
		}
	],
	"display": {
		"thirdperson_righthand": {
			"scale": [0.3, 0.3, 0.3]
		},
		"thirdperson_lefthand": {
			"scale": [0.3, 0.3, 0.3]
		},
		"firstperson_righthand": {
			"scale": [0.3, 0.3, 0.3]
		},
		"firstperson_lefthand": {
			"scale": [0.3, 0.3, 0.3]
		},
		"ground": {
			"translation": [0, 4.75, 0]
		},
		"gui": {
			"translation": [0, -3.5, 0],
			"scale": [0.5, 0.5, 0.5]
		},
		"fixed": {
			"rotation": [-90, 0, 0],
			"translation": [0, 0, -15],
			"scale": [2, 2, 2]
		}
	},
	"groups": [
		{
			"name": "Poles",
			"origin": [0, 0, -1],
			"color": 0,
			"children": [0, 1, 2]
		},
		{
			"name": "CupRight",
			"origin": [0, 17, 0],
			"color": 0,
			"children": [
				{
					"name": "Cup1",
					"origin": [0, 0, 0],
					"color": 0,
					"children": [3, 4, 5, 6]
				},
				{
					"name": "Cup2",
					"origin": [0, 6, 0],
					"color": 0,
					"children": [7, 8, 9, 10]
				},
				{
					"name": "Cup3",
					"origin": [0, 17, 0],
					"color": 0,
					"children": [11, 12, 13, 14]
				}
			]
		}
	]
}