{
	"credit": "Made with Blockbench",
	"texture_size": [128, 64],
	"textures": {
		"0": "block/lavender_jump_pole_middle",
		"particle": "block/lavender_jump_pole_middle"
	},
	"elements": [
		{
			"from": [0, 23, 7],
			"to": [16, 25, 9],
			"rotation": {"angle": 0, "axis": "y", "origin": [-30, 0, -1]},
			"faces": {
				"north": {"uv": [0.5, 0.5, 4.5, 1], "texture": "#0"},
				"east": {"uv": [0, 0.5, 0.5, 1], "texture": "#0"},
				"south": {"uv": [5, 0.5, 9, 1], "texture": "#0"},
				"west": {"uv": [4.5, 0.5, 5, 1], "texture": "#0"},
				"up": {"uv": [4.5, 0.5, 0.5, 0], "texture": "#0"},
				"down": {"uv": [8.5, 0, 4.5, 0.5], "texture": "#0"}
			}
		},
		{
			"from": [0, 15, 7],
			"to": [16, 17, 9],
			"rotation": {"angle": 0, "axis": "y", "origin": [-30, 0, -1]},
			"faces": {
				"north": {"uv": [0.5, 1.5, 4.5, 2], "texture": "#0"},
				"east": {"uv": [0, 1.5, 0.5, 2], "texture": "#0"},
				"south": {"uv": [5, 1.5, 9, 2], "texture": "#0"},
				"west": {"uv": [4.5, 1.5, 5, 2], "texture": "#0"},
				"up": {"uv": [4.5, 1.5, 0.5, 1], "texture": "#0"},
				"down": {"uv": [8.5, 1, 4.5, 1.5], "texture": "#0"}
			}
		},
		{
			"from": [0, 7, 7],
			"to": [16, 9, 9],
			"rotation": {"angle": 0, "axis": "y", "origin": [-30, 0, -1]},
			"faces": {
				"north": {"uv": [0.5, 2.5, 4.5, 3], "texture": "#0"},
				"east": {"uv": [0, 2.5, 0.5, 3], "texture": "#0"},
				"south": {"uv": [5, 2.5, 9, 3], "texture": "#0"},
				"west": {"uv": [4.5, 2.5, 5, 3], "texture": "#0"},
				"up": {"uv": [4.5, 2.5, 0.5, 2], "texture": "#0"},
				"down": {"uv": [8.5, 2, 4.5, 2.5], "texture": "#0"}
			}
		}
	],
	"display": {
		"thirdperson_righthand": {
			"scale": [0.3, 0.3, 0.3]
		},
		"thirdperson_lefthand": {
			"scale": [0.3, 0.3, 0.3]
		},
		"firstperson_righthand": {
			"scale": [0.3, 0.3, 0.3]
		},
		"firstperson_lefthand": {
			"scale": [0.3, 0.3, 0.3]
		},
		"ground": {
			"translation": [0, 4.75, 0]
		},
		"gui": {
			"translation": [0, -3.5, 0],
			"scale": [0.5, 0.5, 0.5]
		},
		"fixed": {
			"rotation": [-90, 0, 0],
			"translation": [0, 0, -15],
			"scale": [2, 2, 2]
		}
	},
	"groups": [
		{
			"name": "Poles",
			"origin": [0, 0, -1],
			"color": 0,
			"children": [0, 1, 2]
		}
	]
}