{
	"credit": "Made with Blockbench",
	"texture_size": [32, 32],
	"textures": {
		"0": "block/Hanging Toy/hanging_toy_purple",
		"particle": "block/Hanging Toy/hanging_toy_purple"
	},
	"elements": [
		{
			"from": [8, 8.5, 6.5],
			"to": [8, 10.5, 9.5],
			"faces": {
				"north": {"uv": [0, 0, 0, 1], "texture": "#0"},
				"east": {"uv": [0, 9, 1.5, 10], "texture": "#0"},
				"south": {"uv": [0, 0, 0, 1], "texture": "#0"},
				"west": {"uv": [1.5, 9, 3, 10], "texture": "#0"},
				"up": {"uv": [0, 1.5, 0, 0], "texture": "#0"},
				"down": {"uv": [0, 0, 0, 1.5], "texture": "#0"}
			}
		},
		{
			"name": "hexadecagon",
			"from": [7.40326, 7.5, 5],
			"to": [8.59674, 8.5, 11],
			"rotation": {"angle": -45, "axis": "y", "origin": [8, 8, 8]},
			"faces": {
				"north": {"uv": [3, 12.5, 3.5, 13], "texture": "#0"},
				"east": {"uv": [3, 9, 6, 9.5], "texture": "#0"},
				"south": {"uv": [15, 11.5, 15.5, 12], "texture": "#0"},
				"west": {"uv": [6, 9, 9, 9.5], "texture": "#0"},
				"up": {"uv": [9.5, 12, 9, 9], "texture": "#0"},
				"down": {"uv": [3.5, 9.5, 3, 12.5], "texture": "#0"}
			}
		},
		{
			"name": "hexadecagon",
			"from": [7.40326, 7.5, 5],
			"to": [8.59674, 8.5, 11],
			"rotation": {"angle": -22.5, "axis": "y", "origin": [8, 8, 8]},
			"faces": {
				"north": {"uv": [12, 15, 12.5, 15.5], "texture": "#0"},
				"east": {"uv": [3.5, 9.5, 6.5, 10], "texture": "#0"},
				"south": {"uv": [15, 13, 15.5, 13.5], "texture": "#0"},
				"west": {"uv": [9.5, 9, 12.5, 9.5], "texture": "#0"},
				"up": {"uv": [7, 12.5, 6.5, 9.5], "texture": "#0"},
				"down": {"uv": [7.5, 9.5, 7, 12.5], "texture": "#0"}
			}
		},
		{
			"name": "hexadecagon",
			"from": [7.40326, 7.5, 5],
			"to": [8.59674, 8.5, 11],
			"rotation": {"angle": 0, "axis": "y", "origin": [8, 8, 8]},
			"faces": {
				"north": {"uv": [13.5, 15, 14, 15.5], "texture": "#0"},
				"east": {"uv": [9.5, 9.5, 12.5, 10], "texture": "#0"},
				"south": {"uv": [15, 13.5, 15.5, 14], "texture": "#0"},
				"west": {"uv": [0, 10, 3, 10.5], "texture": "#0"},
				"up": {"uv": [8, 12.5, 7.5, 9.5], "texture": "#0"},
				"down": {"uv": [8.5, 9.5, 8, 12.5], "texture": "#0"}
			}
		},
		{
			"name": "hexadecagon",
			"from": [7.40326, 7.5, 5],
			"to": [8.59674, 8.5, 11],
			"rotation": {"angle": 22.5, "axis": "y", "origin": [8, 8, 8]},
			"faces": {
				"north": {"uv": [14, 15, 14.5, 15.5], "texture": "#0"},
				"east": {"uv": [10, 2, 13, 2.5], "texture": "#0"},
				"south": {"uv": [15, 14, 15.5, 14.5], "texture": "#0"},
				"west": {"uv": [10, 2.5, 13, 3], "texture": "#0"},
				"up": {"uv": [9, 12.5, 8.5, 9.5], "texture": "#0"},
				"down": {"uv": [4, 10, 3.5, 13], "texture": "#0"}
			}
		},
		{
			"name": "hexadecagon",
			"from": [7.40326, 7.5, 5],
			"to": [8.59674, 8.5, 11],
			"rotation": {"angle": 45, "axis": "y", "origin": [8, 8, 8]},
			"faces": {
				"north": {"uv": [14.5, 15, 15, 15.5], "texture": "#0"},
				"east": {"uv": [10, 3, 13, 3.5], "texture": "#0"},
				"south": {"uv": [15, 14.5, 15.5, 15], "texture": "#0"},
				"west": {"uv": [10, 3.5, 13, 4], "texture": "#0"},
				"up": {"uv": [4.5, 13, 4, 10], "texture": "#0"},
				"down": {"uv": [5, 10, 4.5, 13], "texture": "#0"}
			}
		},
		{
			"name": "hexadecagon",
			"from": [5, 7.5, 7.40326],
			"to": [11, 8.5, 8.59674],
			"rotation": {"angle": -22.5, "axis": "y", "origin": [8, 8, 8]},
			"faces": {
				"north": {"uv": [10, 8, 13, 8.5], "texture": "#0"},
				"east": {"uv": [15, 15, 15.5, 15.5], "texture": "#0"},
				"south": {"uv": [10, 8.5, 13, 9], "texture": "#0"},
				"west": {"uv": [15.5, 1, 16, 1.5], "texture": "#0"},
				"up": {"uv": [12.5, 10.5, 9.5, 10], "texture": "#0"},
				"down": {"uv": [3, 10.5, 0, 11], "texture": "#0"}
			}
		},
		{
			"name": "hexadecagon",
			"from": [5, 7.5, 7.40326],
			"to": [11, 8.5, 8.59674],
			"rotation": {"angle": 0, "axis": "y", "origin": [8, 8, 8]},
			"faces": {
				"north": {"uv": [10.5, 0, 13.5, 0.5], "texture": "#0"},
				"east": {"uv": [15.5, 1.5, 16, 2], "texture": "#0"},
				"south": {"uv": [10.5, 0.5, 13.5, 1], "texture": "#0"},
				"west": {"uv": [15.5, 3.5, 16, 4], "texture": "#0"},
				"up": {"uv": [13.5, 1.5, 10.5, 1], "texture": "#0"},
				"down": {"uv": [13.5, 1.5, 10.5, 2], "texture": "#0"}
			}
		},
		{
			"name": "hexadecagon",
			"from": [5, 7.5, 7.40326],
			"to": [11, 8.5, 8.59674],
			"rotation": {"angle": 22.5, "axis": "y", "origin": [8, 8, 8]},
			"faces": {
				"north": {"uv": [10.5, 6, 13.5, 6.5], "texture": "#0"},
				"east": {"uv": [5.5, 15.5, 6, 16], "texture": "#0"},
				"south": {"uv": [10.5, 6.5, 13.5, 7], "texture": "#0"},
				"west": {"uv": [6, 15.5, 6.5, 16], "texture": "#0"},
				"up": {"uv": [13.5, 7.5, 10.5, 7], "texture": "#0"},
				"down": {"uv": [13.5, 7.5, 10.5, 8], "texture": "#0"}
			}
		},
		{
			"name": "hexadecagon",
			"from": [7.40326, 5, 5],
			"to": [8.59674, 6, 11],
			"rotation": {"angle": -45, "axis": "y", "origin": [8, 5, 8]},
			"faces": {
				"north": {"uv": [15.5, 6, 16, 6.5], "texture": "#0"},
				"east": {"uv": [9.5, 10.5, 12.5, 11], "texture": "#0"},
				"south": {"uv": [15.5, 6.5, 16, 7], "texture": "#0"},
				"west": {"uv": [0, 11, 3, 11.5], "texture": "#0"},
				"up": {"uv": [5.5, 13, 5, 10], "texture": "#0"},
				"down": {"uv": [6, 10, 5.5, 13], "texture": "#0"}
			}
		},
		{
			"name": "hexadecagon",
			"from": [7.40326, 5, 5],
			"to": [8.59674, 6, 11],
			"rotation": {"angle": -22.5, "axis": "y", "origin": [8, 5, 8]},
			"faces": {
				"north": {"uv": [15.5, 7, 16, 7.5], "texture": "#0"},
				"east": {"uv": [11, 4, 14, 4.5], "texture": "#0"},
				"south": {"uv": [15.5, 7.5, 16, 8], "texture": "#0"},
				"west": {"uv": [11, 4.5, 14, 5], "texture": "#0"},
				"up": {"uv": [6.5, 13, 6, 10], "texture": "#0"},
				"down": {"uv": [10, 11, 9.5, 14], "texture": "#0"}
			}
		},
		{
			"name": "hexadecagon",
			"from": [7.40326, 5, 5],
			"to": [8.59674, 6, 11],
			"rotation": {"angle": 0, "axis": "y", "origin": [8, 5, 8]},
			"faces": {
				"north": {"uv": [15.5, 8, 16, 8.5], "texture": "#0"},
				"east": {"uv": [11, 5, 14, 5.5], "texture": "#0"},
				"south": {"uv": [15.5, 8.5, 16, 9], "texture": "#0"},
				"west": {"uv": [11, 5.5, 14, 6], "texture": "#0"},
				"up": {"uv": [10.5, 14, 10, 11], "texture": "#0"},
				"down": {"uv": [11, 11, 10.5, 14], "texture": "#0"}
			}
		},
		{
			"name": "hexadecagon",
			"from": [7.40326, 5, 5],
			"to": [8.59674, 6, 11],
			"rotation": {"angle": 22.5, "axis": "y", "origin": [8, 5, 8]},
			"faces": {
				"north": {"uv": [15.5, 9, 16, 9.5], "texture": "#0"},
				"east": {"uv": [11, 11, 14, 11.5], "texture": "#0"},
				"south": {"uv": [15.5, 9.5, 16, 10], "texture": "#0"},
				"west": {"uv": [0, 11.5, 3, 12], "texture": "#0"},
				"up": {"uv": [11.5, 14.5, 11, 11.5], "texture": "#0"},
				"down": {"uv": [12, 11.5, 11.5, 14.5], "texture": "#0"}
			}
		},
		{
			"name": "hexadecagon",
			"from": [7.40326, 5, 5],
			"to": [8.59674, 6, 11],
			"rotation": {"angle": 45, "axis": "y", "origin": [8, 5, 8]},
			"faces": {
				"north": {"uv": [15.5, 10, 16, 10.5], "texture": "#0"},
				"east": {"uv": [0, 12, 3, 12.5], "texture": "#0"},
				"south": {"uv": [15.5, 10.5, 16, 11], "texture": "#0"},
				"west": {"uv": [12, 11.5, 15, 12], "texture": "#0"},
				"up": {"uv": [9.5, 15, 9, 12], "texture": "#0"},
				"down": {"uv": [12.5, 12, 12, 15], "texture": "#0"}
			}
		},
		{
			"name": "hexadecagon",
			"from": [5, 5, 7.40326],
			"to": [11, 6, 8.59674],
			"rotation": {"angle": -22.5, "axis": "y", "origin": [8, 5, 8]},
			"faces": {
				"north": {"uv": [0, 12.5, 3, 13], "texture": "#0"},
				"east": {"uv": [11, 15.5, 11.5, 16], "texture": "#0"},
				"south": {"uv": [12.5, 9, 15.5, 9.5], "texture": "#0"},
				"west": {"uv": [11.5, 15.5, 12, 16], "texture": "#0"},
				"up": {"uv": [15.5, 10, 12.5, 9.5], "texture": "#0"},
				"down": {"uv": [15.5, 10, 12.5, 10.5], "texture": "#0"}
			}
		},
		{
			"name": "hexadecagon",
			"from": [5, 5, 7.40326],
			"to": [11, 6, 8.59674],
			"rotation": {"angle": 0, "axis": "y", "origin": [8, 5, 8]},
			"faces": {
				"north": {"uv": [12.5, 10.5, 15.5, 11], "texture": "#0"},
				"east": {"uv": [15.5, 11.5, 16, 12], "texture": "#0"},
				"south": {"uv": [12.5, 12, 15.5, 12.5], "texture": "#0"},
				"west": {"uv": [12, 15.5, 12.5, 16], "texture": "#0"},
				"up": {"uv": [15.5, 13, 12.5, 12.5], "texture": "#0"},
				"down": {"uv": [3, 13, 0, 13.5], "texture": "#0"}
			}
		},
		{
			"name": "hexadecagon",
			"from": [5, 5, 7.40326],
			"to": [11, 6, 8.59674],
			"rotation": {"angle": 22.5, "axis": "y", "origin": [8, 5, 8]},
			"faces": {
				"north": {"uv": [13, 2, 16, 2.5], "texture": "#0"},
				"east": {"uv": [15.5, 12, 16, 12.5], "texture": "#0"},
				"south": {"uv": [13, 2.5, 16, 3], "texture": "#0"},
				"west": {"uv": [12.5, 15.5, 13, 16], "texture": "#0"},
				"up": {"uv": [6, 13.5, 3, 13], "texture": "#0"},
				"down": {"uv": [16, 3, 13, 3.5], "texture": "#0"}
			}
		},
		{
			"name": "hexadecagon",
			"from": [7.46294, 6, 5.3],
			"to": [8.53706, 8, 10.7],
			"rotation": {"angle": -45, "axis": "y", "origin": [8, 6.5, 8]},
			"faces": {
				"north": {"uv": [10, 14, 10.5, 15], "texture": "#0"},
				"east": {"uv": [6, 4, 8.5, 5], "texture": "#0"},
				"south": {"uv": [10.5, 14, 11, 15], "texture": "#0"},
				"west": {"uv": [6, 5, 8.5, 6], "texture": "#0"},
				"up": {"uv": [7, 15, 6.5, 12.5], "texture": "#0"},
				"down": {"uv": [7.5, 12.5, 7, 15], "texture": "#0"}
			}
		},
		{
			"name": "hexadecagon",
			"from": [7.46294, 6, 5.3],
			"to": [8.53706, 8, 10.7],
			"rotation": {"angle": -22.5, "axis": "y", "origin": [8, 6.5, 8]},
			"faces": {
				"north": {"uv": [14, 13, 14.5, 14], "texture": "#0"},
				"east": {"uv": [5.5, 6, 8, 7], "texture": "#0"},
				"south": {"uv": [14, 14, 14.5, 15], "texture": "#0"},
				"west": {"uv": [5.5, 7, 8, 8], "texture": "#0"},
				"up": {"uv": [8, 15, 7.5, 12.5], "texture": "#0"},
				"down": {"uv": [8.5, 12.5, 8, 15], "texture": "#0"}
			}
		},
		{
			"name": "hexadecagon",
			"from": [7.46294, 6, 5.3],
			"to": [8.53706, 8, 10.7],
			"rotation": {"angle": 0, "axis": "y", "origin": [8, 6.5, 8]},
			"faces": {
				"north": {"uv": [11, 14.5, 11.5, 15.5], "texture": "#0"},
				"east": {"uv": [7.5, 2, 10, 3], "texture": "#0"},
				"south": {"uv": [11.5, 14.5, 12, 15.5], "texture": "#0"},
				"west": {"uv": [7.5, 3, 10, 4], "texture": "#0"},
				"up": {"uv": [9, 15, 8.5, 12.5], "texture": "#0"},
				"down": {"uv": [6.5, 13, 6, 15.5], "texture": "#0"}
			}
		},
		{
			"name": "hexadecagon",
			"from": [7.46294, 6, 5.3],
			"to": [8.53706, 8, 10.7],
			"rotation": {"angle": 22.5, "axis": "y", "origin": [8, 6.5, 8]},
			"faces": {
				"north": {"uv": [14.5, 13, 15, 14], "texture": "#0"},
				"east": {"uv": [0, 8, 2.5, 9], "texture": "#0"},
				"south": {"uv": [14.5, 14, 15, 15], "texture": "#0"},
				"west": {"uv": [8, 0, 10.5, 1], "texture": "#0"},
				"up": {"uv": [13, 15.5, 12.5, 13], "texture": "#0"},
				"down": {"uv": [13.5, 13, 13, 15.5], "texture": "#0"}
			}
		},
		{
			"name": "hexadecagon",
			"from": [7.46294, 6, 5.3],
			"to": [8.53706, 8, 10.7],
			"rotation": {"angle": 45, "axis": "y", "origin": [8, 6.5, 8]},
			"faces": {
				"north": {"uv": [6.5, 15, 7, 16], "texture": "#0"},
				"east": {"uv": [8, 1, 10.5, 2], "texture": "#0"},
				"south": {"uv": [7, 15, 7.5, 16], "texture": "#0"},
				"west": {"uv": [2.5, 8, 5, 9], "texture": "#0"},
				"up": {"uv": [0.5, 16, 0, 13.5], "texture": "#0"},
				"down": {"uv": [1, 13.5, 0.5, 16], "texture": "#0"}
			}
		},
		{
			"name": "hexadecagon",
			"from": [5.3, 6, 7.46294],
			"to": [10.7, 8, 8.53706],
			"rotation": {"angle": -22.5, "axis": "y", "origin": [8, 6.5, 8]},
			"faces": {
				"north": {"uv": [5, 8, 7.5, 9], "texture": "#0"},
				"east": {"uv": [7.5, 15, 8, 16], "texture": "#0"},
				"south": {"uv": [8, 6, 10.5, 7], "texture": "#0"},
				"west": {"uv": [8, 15, 8.5, 16], "texture": "#0"},
				"up": {"uv": [15.5, 4, 13, 3.5], "texture": "#0"},
				"down": {"uv": [15.5, 8, 13, 8.5], "texture": "#0"}
			}
		},
		{
			"name": "hexadecagon",
			"from": [5.3, 6, 7.46294],
			"to": [10.7, 8, 8.53706],
			"rotation": {"angle": 0, "axis": "y", "origin": [8, 6.5, 8]},
			"faces": {
				"north": {"uv": [8, 7, 10.5, 8], "texture": "#0"},
				"east": {"uv": [8.5, 15, 9, 16], "texture": "#0"},
				"south": {"uv": [7.5, 8, 10, 9], "texture": "#0"},
				"west": {"uv": [9, 15, 9.5, 16], "texture": "#0"},
				"up": {"uv": [15.5, 9, 13, 8.5], "texture": "#0"},
				"down": {"uv": [16, 0, 13.5, 0.5], "texture": "#0"}
			}
		},
		{
			"name": "hexadecagon",
			"from": [5.3, 6, 7.46294],
			"to": [10.7, 8, 8.53706],
			"rotation": {"angle": 22.5, "axis": "y", "origin": [8, 6.5, 8]},
			"faces": {
				"north": {"uv": [8.5, 4, 11, 5], "texture": "#0"},
				"east": {"uv": [10, 15, 10.5, 16], "texture": "#0"},
				"south": {"uv": [8.5, 5, 11, 6], "texture": "#0"},
				"west": {"uv": [10.5, 15, 11, 16], "texture": "#0"},
				"up": {"uv": [16, 1, 13.5, 0.5], "texture": "#0"},
				"down": {"uv": [3.5, 13.5, 1, 14], "texture": "#0"}
			}
		},
		{
			"from": [8, 1, 6.5],
			"to": [8, 5, 9.5],
			"faces": {
				"north": {"uv": [0, 0, 0, 2], "texture": "#0"},
				"east": {"uv": [6, 2, 7.5, 4], "texture": "#0"},
				"south": {"uv": [0, 0, 0, 2], "texture": "#0"},
				"west": {"uv": [4, 6, 5.5, 8], "texture": "#0"},
				"up": {"uv": [0, 1.5, 0, 0], "texture": "#0"},
				"down": {"uv": [0, 0, 0, 1.5], "texture": "#0"}
			}
		},
		{
			"from": [6, -5, 6],
			"to": [10, -4, 10],
			"faces": {
				"north": {"uv": [13.5, 1, 15.5, 1.5], "texture": "#0"},
				"east": {"uv": [13.5, 1.5, 15.5, 2], "texture": "#0"},
				"south": {"uv": [3.5, 13.5, 5.5, 14], "texture": "#0"},
				"west": {"uv": [13.5, 6, 15.5, 6.5], "texture": "#0"},
				"up": {"uv": [2, 2, 0, 0], "texture": "#0"},
				"down": {"uv": [2, 2, 0, 4], "texture": "#0"}
			}
		},
		{
			"from": [5, -4, 6],
			"to": [6, 0, 10],
			"faces": {
				"north": {"uv": [5.5, 13.5, 6, 15.5], "texture": "#0"},
				"east": {"uv": [2, 0, 4, 2], "texture": "#0"},
				"south": {"uv": [13.5, 13, 14, 15], "texture": "#0"},
				"west": {"uv": [2, 2, 4, 4], "texture": "#0"},
				"up": {"uv": [1.5, 16, 1, 14], "texture": "#0"},
				"down": {"uv": [2, 14, 1.5, 16], "texture": "#0"}
			}
		},
		{
			"from": [10, -4, 6],
			"to": [11, 0, 10],
			"faces": {
				"north": {"uv": [2, 14, 2.5, 16], "texture": "#0"},
				"east": {"uv": [0, 4, 2, 6], "texture": "#0"},
				"south": {"uv": [2.5, 14, 3, 16], "texture": "#0"},
				"west": {"uv": [4, 0, 6, 2], "texture": "#0"},
				"up": {"uv": [3.5, 16, 3, 14], "texture": "#0"},
				"down": {"uv": [4, 14, 3.5, 16], "texture": "#0"}
			}
		},
		{
			"from": [6, 0, 6],
			"to": [10, 1, 10],
			"faces": {
				"north": {"uv": [13.5, 6.5, 15.5, 7], "texture": "#0"},
				"east": {"uv": [13.5, 7, 15.5, 7.5], "texture": "#0"},
				"south": {"uv": [13.5, 7.5, 15.5, 8], "texture": "#0"},
				"west": {"uv": [14, 4, 16, 4.5], "texture": "#0"},
				"up": {"uv": [4, 6, 2, 4], "texture": "#0"},
				"down": {"uv": [6, 2, 4, 4], "texture": "#0"}
			}
		},
		{
			"from": [6, -4, 5],
			"to": [10, 0, 6],
			"faces": {
				"north": {"uv": [4, 4, 6, 6], "texture": "#0"},
				"east": {"uv": [4, 14, 4.5, 16], "texture": "#0"},
				"south": {"uv": [0, 6, 2, 8], "texture": "#0"},
				"west": {"uv": [4.5, 14, 5, 16], "texture": "#0"},
				"up": {"uv": [16, 5, 14, 4.5], "texture": "#0"},
				"down": {"uv": [16, 5, 14, 5.5], "texture": "#0"}
			}
		},
		{
			"from": [6, -4, 10],
			"to": [10, 0, 11],
			"faces": {
				"north": {"uv": [6, 0, 8, 2], "texture": "#0"},
				"east": {"uv": [5, 14, 5.5, 16], "texture": "#0"},
				"south": {"uv": [2, 6, 4, 8], "texture": "#0"},
				"west": {"uv": [9.5, 14, 10, 16], "texture": "#0"},
				"up": {"uv": [16, 6, 14, 5.5], "texture": "#0"},
				"down": {"uv": [16, 11, 14, 11.5], "texture": "#0"}
			}
		}
	],
	"display": {
		"gui": {
			"rotation": [0, 90, 0],
			"translation": [0, 5.25, 0]
		},
		"fixed": {
			"rotation": [90, 0, 0],
			"translation": [0, 0, -3],
			"scale": [2, 2, 2]
		}
	},
	"groups": [
		0,
		{
			"name": "hexadecagon",
			"origin": [8, 8, 8],
			"color": 0,
			"children": [1, 2, 3, 4, 5, 6, 7, 8]
		},
		{
			"name": "hexadecagon",
			"origin": [8, 8, 8],
			"color": 0,
			"children": [9, 10, 11, 12, 13, 14, 15, 16]
		},
		{
			"name": "hexadecagon",
			"origin": [8, 8, 8],
			"color": 0,
			"children": [17, 18, 19, 20, 21, 22, 23, 24]
		},
		25,
		26,
		27,
		28,
		29,
		30,
		31
	]
}