{
	"credit": "Made with Blockbench",
	"texture_size": [32, 32],
	"textures": {
		"1": "block/notice_board",
		"2": "block/notice_board_frame",
		"3": "block/notice_board_paper",
		"particle": "block/notice_board_frame"
	},
	"elements": [
		{
			"from": [-8, 1, 7.5],
			"to": [24, 23, 8],
			"rotation": {"angle": 0, "axis": "y", "origin": [8, 0, 7.5]},
			"faces": {
				"north": {"uv": [0, 0, 8, 5.5], "texture": "#1"},
				"east": {"uv": [8, 0.5, 8.125, 6], "texture": "#1"},
				"south": {"uv": [0, 5.5, 8, 11], "texture": "#1"},
				"west": {"uv": [8, 6, 8.125, 11.5], "texture": "#1"},
				"up": {"uv": [16, 0.125, 8, 0], "texture": "#1"},
				"down": {"uv": [16, 0.25, 8, 0.375], "texture": "#1"}
			}
		},
		{
			"from": [-8, 0, 7],
			"to": [24, 1, 8],
			"rotation": {"angle": 0, "axis": "y", "origin": [-8, 0, 7.5]},
			"faces": {
				"north": {"uv": [0, 0, 16, 0.5], "texture": "#2"},
				"east": {"uv": [7, 6.5, 7.5, 7], "texture": "#2"},
				"south": {"uv": [0, 0.5, 16, 1], "texture": "#2"},
				"west": {"uv": [7, 7, 7.5, 7.5], "texture": "#2"},
				"up": {"uv": [16, 1.5, 0, 1], "texture": "#2"},
				"down": {"uv": [16, 1.5, 0, 2], "texture": "#2"}
			}
		},
		{
			"from": [-8, 23, 7],
			"to": [24, 24, 8],
			"rotation": {"angle": 0, "axis": "y", "origin": [-8, 0, 7.5]},
			"faces": {
				"north": {"uv": [0, 2, 16, 2.5], "texture": "#2"},
				"east": {"uv": [5, 7.5, 5.5, 8], "texture": "#2"},
				"south": {"uv": [0, 2.5, 16, 3], "texture": "#2"},
				"west": {"uv": [5.5, 7.5, 6, 8], "texture": "#2"},
				"up": {"uv": [16, 3.5, 0, 3], "texture": "#2"},
				"down": {"uv": [16, 3.5, 0, 4], "texture": "#2"}
			}
		},
		{
			"from": [-9, 0, 7],
			"to": [-8, 24, 8],
			"faces": {
				"north": {"uv": [0, 4, 0.5, 16], "texture": "#2"},
				"east": {"uv": [0.5, 4, 1, 16], "texture": "#2"},
				"south": {"uv": [1, 4, 1.5, 16], "texture": "#2"},
				"west": {"uv": [1.5, 4, 2, 16], "texture": "#2"},
				"up": {"uv": [6.5, 8, 6, 7.5], "texture": "#2"},
				"down": {"uv": [7, 7.5, 6.5, 8], "texture": "#2"}
			}
		},
		{
			"from": [24, 0, 7],
			"to": [25, 24, 8],
			"faces": {
				"north": {"uv": [2, 4, 2.5, 16], "texture": "#2"},
				"east": {"uv": [2.5, 4, 3, 16], "texture": "#2"},
				"south": {"uv": [3, 4, 3.5, 16], "texture": "#2"},
				"west": {"uv": [3.5, 4, 4, 16], "texture": "#2"},
				"up": {"uv": [8, 7, 7.5, 6.5], "texture": "#2"},
				"down": {"uv": [7.5, 7.5, 7, 8], "texture": "#2"}
			}
		},
		{
			"from": [-3, 9, 7.4],
			"to": [1, 14, 7.5],
			"faces": {
				"north": {"uv": [4, 4, 6, 6.5], "texture": "#2"},
				"east": {"uv": [4, 6.5, 4.5, 9], "texture": "#2"},
				"south": {"uv": [6, 4, 8, 6.5], "texture": "#2"},
				"west": {"uv": [4.5, 6.5, 5, 9], "texture": "#2"},
				"up": {"uv": [7, 7, 5, 6.5], "texture": "#2"},
				"down": {"uv": [7, 7, 5, 7.5], "texture": "#2"}
			}
		},
		{
			"from": [15, 2, 7.4],
			"to": [19, 6.7, 7.5],
			"faces": {
				"north": {"uv": [4, 4, 6, 6.5], "texture": "#2"},
				"east": {"uv": [4, 6.5, 4.5, 9], "texture": "#2"},
				"south": {"uv": [6, 4, 8, 6.5], "texture": "#2"},
				"west": {"uv": [4.5, 6.5, 5, 9], "texture": "#2"},
				"up": {"uv": [7, 7, 5, 6.5], "texture": "#2"},
				"down": {"uv": [7, 7, 5, 7.5], "texture": "#2"}
			}
		},
		{
			"from": [-5, 13, 7.3],
			"to": [-1, 18, 7.4],
			"faces": {
				"north": {"uv": [4, 4, 6, 6.5], "texture": "#2"},
				"east": {"uv": [4, 6.5, 4.5, 9], "texture": "#2"},
				"south": {"uv": [6, 4, 8, 6.5], "texture": "#2"},
				"west": {"uv": [4.5, 6.5, 5, 9], "texture": "#2"},
				"up": {"uv": [7, 7, 5, 6.5], "texture": "#2"},
				"down": {"uv": [7, 7, 5, 7.5], "texture": "#2"}
			}
		},
		{
			"from": [17, 6, 7.3],
			"to": [21, 11, 7.4],
			"faces": {
				"north": {"uv": [4, 4, 6, 6.5], "texture": "#2"},
				"east": {"uv": [4, 6.5, 4.5, 9], "texture": "#2"},
				"south": {"uv": [6, 4, 8, 6.5], "texture": "#2"},
				"west": {"uv": [4.5, 6.5, 5, 9], "texture": "#2"},
				"up": {"uv": [7, 7, 5, 6.5], "texture": "#2"},
				"down": {"uv": [7, 7, 5, 7.5], "texture": "#2"}
			}
		},
		{
			"from": [2, 7, 7.3],
			"to": [10, 18, 7.4],
			"faces": {
				"north": {"uv": [0, 0, 4, 5.5], "texture": "#3"},
				"east": {"uv": [8, 0, 8.5, 5.5], "texture": "#3"},
				"south": {"uv": [4, 0, 8, 5.5], "texture": "#3"},
				"west": {"uv": [8, 5.5, 8.5, 11], "texture": "#3"},
				"up": {"uv": [13, 0.5, 9, 0], "texture": "#3"},
				"down": {"uv": [13, 0.5, 9, 1], "texture": "#3"}
			}
		},
		{
			"from": [7, 3, 7.4],
			"to": [15, 14, 7.5],
			"faces": {
				"north": {"uv": [0, 5.5, 4, 11], "texture": "#3"},
				"east": {"uv": [8.5, 0, 9, 5.5], "texture": "#3"},
				"south": {"uv": [4, 5.5, 8, 11], "texture": "#3"},
				"west": {"uv": [8.5, 5.5, 9, 11], "texture": "#3"},
				"up": {"uv": [13, 1.5, 9, 1], "texture": "#3"},
				"down": {"uv": [13, 1.5, 9, 2], "texture": "#3"}
			}
		}
	],
	"display": {
		"thirdperson_righthand": {
			"scale": [0.3, 0.3, 0.3]
		},
		"thirdperson_lefthand": {
			"scale": [0.3, 0.3, 0.3]
		},
		"firstperson_righthand": {
			"scale": [0.3, 0.3, 0.3]
		},
		"firstperson_lefthand": {
			"scale": [0.3, 0.3, 0.3]
		},
		"gui": {
			"rotation": [0, 180, 0],
			"translation": [0, -1.5, 0],
			"scale": [0.4, 0.4, 0.4]
		},
		"fixed": {
			"translation": [0, 0, 1],
			"scale": [2, 2, 2]
		}
	}
}