{
	"credit": "Made with Blockbench",
	"textures": {
		"0": "block/number_plate_3",
		"particle": "block/number_plate_3"
	},
	"elements": [
		{
			"from": [0, 0, 14],
			"to": [6, 6, 15],
			"rotation": {"angle": 22.5, "axis": "x", "origin": [3, 3, 15]},
			"faces": {
				"north": {"uv": [0, 0, 6, 6], "texture": "#0"},
				"east": {"uv": [8, 0, 9, 6], "texture": "#0"},
				"south": {"uv": [0, 6, 6, 12], "texture": "#0"},
				"west": {"uv": [8, 6, 9, 12], "texture": "#0"},
				"up": {"uv": [15, 1, 9, 0], "texture": "#0"},
				"down": {"uv": [15, 1, 9, 2], "texture": "#0"}
			}
		},
		{
			"from": [2.5, 0, 15],
			"to": [3.5, 5.5, 16],
			"rotation": {"angle": 0, "axis": "y", "origin": [0, 0, 6]},
			"faces": {
				"north": {"uv": [6, 0, 7, 6], "texture": "#0"},
				"east": {"uv": [6, 6, 7, 12], "texture": "#0"},
				"south": {"uv": [7, 0, 8, 6], "texture": "#0"},
				"west": {"uv": [7, 6, 8, 12], "texture": "#0"},
				"up": {"uv": [10, 3, 9, 2], "texture": "#0"},
				"down": {"uv": [10, 3, 9, 4], "texture": "#0"}
			}
		}
	],
	"display": {
		"thirdperson_righthand": {
			"translation": [4.5, 5, -6.75]
		},
		"thirdperson_lefthand": {
			"translation": [-6, 4, -7.5]
		},
		"firstperson_righthand": {
			"translation": [0, 9, 0]
		},
		"firstperson_lefthand": {
			"translation": [-7, 8.5, -2.5]
		},
		"ground": {
			"translation": [4.5, 4, -7.25]
		},
		"fixed": {
			"rotation": [-90, 0, 0],
			"translation": [0, 0, -15],
			"scale": [2, 2, 2]
		}
	}
}