{
	"credit": "Made with Blockbench",
	"texture_size": [64, 64],
	"textures": {
		"0": "block/pink_oxer_jump_pole_side",
		"particle": "block/pink_oxer_jump_pole_side"
	},
	"elements": [
		{
			"from": [0, -5, -9],
			"to": [15, -3, -7],
			"faces": {
				"north": {"uv": [0, 0, 3.75, 0.5], "texture": "#0"},
				"east": {"uv": [1, 6.75, 1.5, 7.25], "texture": "#0"},
				"south": {"uv": [0, 0.5, 3.75, 1], "texture": "#0"},
				"west": {"uv": [1.5, 6.75, 2, 7.25], "texture": "#0"},
				"up": {"uv": [3.75, 1.5, 0, 1], "texture": "#0"},
				"down": {"uv": [3.75, 1.5, 0, 2], "texture": "#0"}
			}
		},
		{
			"from": [0, -14, -9],
			"to": [11, -12, -7],
			"faces": {
				"north": {"uv": [0, 4, 2.75, 4.5], "texture": "#0"},
				"east": {"uv": [2, 6.75, 2.5, 7.25], "texture": "#0"},
				"south": {"uv": [2.75, 4, 5.5, 4.5], "texture": "#0"},
				"west": {"uv": [2.5, 6.75, 3, 7.25], "texture": "#0"},
				"up": {"uv": [2.75, 5, 0, 4.5], "texture": "#0"},
				"down": {"uv": [5.5, 4.5, 2.75, 5], "texture": "#0"}
			}
		},
		{
			"from": [9, -12, -9],
			"to": [11, -5, -7],
			"faces": {
				"north": {"uv": [0, 5, 0.5, 6.75], "texture": "#0"},
				"east": {"uv": [0.5, 5, 1, 6.75], "texture": "#0"},
				"south": {"uv": [1, 5, 1.5, 6.75], "texture": "#0"},
				"west": {"uv": [1.5, 5, 2, 6.75], "texture": "#0"},
				"up": {"uv": [3.5, 7.25, 3, 6.75], "texture": "#0"},
				"down": {"uv": [4, 6.75, 3.5, 7.25], "texture": "#0"}
			}
		},
		{
			"from": [6, -12, -9],
			"to": [8, -5, -7],
			"faces": {
				"north": {"uv": [2, 5, 2.5, 6.75], "texture": "#0"},
				"east": {"uv": [2.5, 5, 3, 6.75], "texture": "#0"},
				"south": {"uv": [3, 5, 3.5, 6.75], "texture": "#0"},
				"west": {"uv": [3.5, 5, 4, 6.75], "texture": "#0"},
				"up": {"uv": [4.5, 7.25, 4, 6.75], "texture": "#0"},
				"down": {"uv": [5, 6.75, 4.5, 7.25], "texture": "#0"}
			}
		},
		{
			"from": [3, -12, -9],
			"to": [5, -5, -7],
			"faces": {
				"north": {"uv": [4, 5, 4.5, 6.75], "texture": "#0"},
				"east": {"uv": [4.5, 5, 5, 6.75], "texture": "#0"},
				"south": {"uv": [5, 5, 5.5, 6.75], "texture": "#0"},
				"west": {"uv": [5.5, 4, 6, 5.75], "texture": "#0"},
				"up": {"uv": [5.5, 7.25, 5, 6.75], "texture": "#0"},
				"down": {"uv": [7, 6.75, 6.5, 7.25], "texture": "#0"}
			}
		},
		{
			"from": [0, -12, -9],
			"to": [2, -5, -7],
			"faces": {
				"north": {"uv": [5.5, 5.75, 6, 7.5], "texture": "#0"},
				"east": {"uv": [6, 4, 6.5, 5.75], "texture": "#0"},
				"south": {"uv": [6, 5.75, 6.5, 7.5], "texture": "#0"},
				"west": {"uv": [6.5, 4, 7, 5.75], "texture": "#0"},
				"up": {"uv": [7.5, 4.5, 7, 4], "texture": "#0"},
				"down": {"uv": [7.5, 4.5, 7, 5], "texture": "#0"}
			}
		},
		{
			"from": [0, 3, -9],
			"to": [15, 5, -7],
			"faces": {
				"north": {"uv": [0, 2, 3.75, 2.5], "texture": "#0"},
				"east": {"uv": [1.5, 7.25, 2, 7.75], "texture": "#0"},
				"south": {"uv": [0, 2.5, 3.75, 3], "texture": "#0"},
				"west": {"uv": [2, 7.25, 2.5, 7.75], "texture": "#0"},
				"up": {"uv": [3.75, 3.5, 0, 3], "texture": "#0"},
				"down": {"uv": [3.75, 3.5, 0, 4], "texture": "#0"}
			}
		},
		{
			"from": [0, 9, -9],
			"to": [15, 11, -7],
			"faces": {
				"north": {"uv": [3.75, 0, 7.5, 0.5], "texture": "#0"},
				"east": {"uv": [2.5, 7.25, 3, 7.75], "texture": "#0"},
				"south": {"uv": [3.75, 0.5, 7.5, 1], "texture": "#0"},
				"west": {"uv": [3, 7.25, 3.5, 7.75], "texture": "#0"},
				"up": {"uv": [7.5, 1.5, 3.75, 1], "texture": "#0"},
				"down": {"uv": [7.5, 1.5, 3.75, 2], "texture": "#0"}
			}
		},
		{
			"from": [0, 21, 7],
			"to": [15, 23, 9],
			"faces": {
				"north": {"uv": [3.75, 2, 7.5, 2.5], "texture": "#0"},
				"east": {"uv": [6.5, 7.25, 7, 7.75], "texture": "#0"},
				"south": {"uv": [3.75, 2.5, 7.5, 3], "texture": "#0"},
				"west": {"uv": [7.5, 0, 8, 0.5], "texture": "#0"},
				"up": {"uv": [7.5, 3.5, 3.75, 3], "texture": "#0"},
				"down": {"uv": [7.5, 3.5, 3.75, 4], "texture": "#0"}
			}
		},
		{
			"from": [13, -5, -10],
			"to": [15, -4, -9],
			"rotation": {"angle": 0, "axis": "y", "origin": [-30, 17, 0]},
			"faces": {
				"north": {"uv": [5.5, 7.5, 6, 7.75], "texture": "#0"},
				"east": {"uv": [2.25, 8, 2.5, 8.25], "texture": "#0"},
				"south": {"uv": [7.5, 5.5, 8, 5.75], "texture": "#0"},
				"west": {"uv": [8, 2.25, 8.25, 2.5], "texture": "#0"},
				"up": {"uv": [8, 6, 7.5, 5.75], "texture": "#0"},
				"down": {"uv": [6.5, 7.5, 6, 7.75], "texture": "#0"}
			}
		},
		{
			"from": [13, -6, -9],
			"to": [15, -5, -7],
			"rotation": {"angle": 0, "axis": "y", "origin": [-30, 17, 0]},
			"faces": {
				"north": {"uv": [7.5, 6, 8, 6.25], "texture": "#0"},
				"east": {"uv": [7.5, 6.25, 8, 6.5], "texture": "#0"},
				"south": {"uv": [7.5, 6.5, 8, 6.75], "texture": "#0"},
				"west": {"uv": [7.5, 6.75, 8, 7], "texture": "#0"},
				"up": {"uv": [7.5, 5.5, 7, 5], "texture": "#0"},
				"down": {"uv": [7.5, 5.5, 7, 6], "texture": "#0"}
			}
		},
		{
			"from": [15, -5, -9],
			"to": [16, -3, -7],
			"rotation": {"angle": 0, "axis": "y", "origin": [-30, 17, 0]},
			"faces": {
				"north": {"uv": [7, 7.5, 7.25, 8], "texture": "#0"},
				"east": {"uv": [7, 6, 7.5, 6.5], "texture": "#0"},
				"south": {"uv": [7.5, 7, 7.75, 7.5], "texture": "#0"},
				"west": {"uv": [7, 6.5, 7.5, 7], "texture": "#0"},
				"up": {"uv": [7.5, 8, 7.25, 7.5], "texture": "#0"},
				"down": {"uv": [7.75, 7.5, 7.5, 8], "texture": "#0"}
			}
		},
		{
			"from": [13, -5, -7],
			"to": [15, -4, -6],
			"rotation": {"angle": 0, "axis": "y", "origin": [-30, 17, 0]},
			"faces": {
				"north": {"uv": [0, 7.75, 0.5, 8], "texture": "#0"},
				"east": {"uv": [2.5, 8, 2.75, 8.25], "texture": "#0"},
				"south": {"uv": [0.5, 7.75, 1, 8], "texture": "#0"},
				"west": {"uv": [2.75, 8, 3, 8.25], "texture": "#0"},
				"up": {"uv": [1.5, 8, 1, 7.75], "texture": "#0"},
				"down": {"uv": [2, 7.75, 1.5, 8], "texture": "#0"}
			}
		},
		{
			"from": [13, 3, -10],
			"to": [15, 4, -9],
			"rotation": {"angle": 0, "axis": "y", "origin": [-30, 17, 0]},
			"faces": {
				"north": {"uv": [5.5, 7.5, 6, 7.75], "texture": "#0"},
				"east": {"uv": [2.25, 8, 2.5, 8.25], "texture": "#0"},
				"south": {"uv": [7.5, 5.5, 8, 5.75], "texture": "#0"},
				"west": {"uv": [8, 2.25, 8.25, 2.5], "texture": "#0"},
				"up": {"uv": [8, 6, 7.5, 5.75], "texture": "#0"},
				"down": {"uv": [6.5, 7.5, 6, 7.75], "texture": "#0"}
			}
		},
		{
			"from": [13, 2, -9],
			"to": [15, 3, -7],
			"rotation": {"angle": 0, "axis": "y", "origin": [-30, 17, 0]},
			"faces": {
				"north": {"uv": [7.5, 6, 8, 6.25], "texture": "#0"},
				"east": {"uv": [7.5, 6.25, 8, 6.5], "texture": "#0"},
				"south": {"uv": [7.5, 6.5, 8, 6.75], "texture": "#0"},
				"west": {"uv": [7.5, 6.75, 8, 7], "texture": "#0"},
				"up": {"uv": [7.5, 5.5, 7, 5], "texture": "#0"},
				"down": {"uv": [7.5, 5.5, 7, 6], "texture": "#0"}
			}
		},
		{
			"from": [15, 3, -9],
			"to": [16, 5, -7],
			"rotation": {"angle": 0, "axis": "y", "origin": [-30, 17, 0]},
			"faces": {
				"north": {"uv": [7, 7.5, 7.25, 8], "texture": "#0"},
				"east": {"uv": [7, 6, 7.5, 6.5], "texture": "#0"},
				"south": {"uv": [7.5, 7, 7.75, 7.5], "texture": "#0"},
				"west": {"uv": [7, 6.5, 7.5, 7], "texture": "#0"},
				"up": {"uv": [7.5, 8, 7.25, 7.5], "texture": "#0"},
				"down": {"uv": [7.75, 7.5, 7.5, 8], "texture": "#0"}
			}
		},
		{
			"from": [13, 3, -7],
			"to": [15, 4, -6],
			"rotation": {"angle": 0, "axis": "y", "origin": [-30, 17, 0]},
			"faces": {
				"north": {"uv": [0, 7.75, 0.5, 8], "texture": "#0"},
				"east": {"uv": [2.5, 8, 2.75, 8.25], "texture": "#0"},
				"south": {"uv": [0.5, 7.75, 1, 8], "texture": "#0"},
				"west": {"uv": [2.75, 8, 3, 8.25], "texture": "#0"},
				"up": {"uv": [1.5, 8, 1, 7.75], "texture": "#0"},
				"down": {"uv": [2, 7.75, 1.5, 8], "texture": "#0"}
			}
		},
		{
			"from": [13, 9, -10],
			"to": [15, 10, -9],
			"rotation": {"angle": 0, "axis": "y", "origin": [-30, 17, 0]},
			"faces": {
				"north": {"uv": [5.5, 7.5, 6, 7.75], "texture": "#0"},
				"east": {"uv": [2.25, 8, 2.5, 8.25], "texture": "#0"},
				"south": {"uv": [7.5, 5.5, 8, 5.75], "texture": "#0"},
				"west": {"uv": [8, 2.25, 8.25, 2.5], "texture": "#0"},
				"up": {"uv": [8, 6, 7.5, 5.75], "texture": "#0"},
				"down": {"uv": [6.5, 7.5, 6, 7.75], "texture": "#0"}
			}
		},
		{
			"from": [13, 8, -9],
			"to": [15, 9, -7],
			"rotation": {"angle": 0, "axis": "y", "origin": [-30, 17, 0]},
			"faces": {
				"north": {"uv": [7.5, 6, 8, 6.25], "texture": "#0"},
				"east": {"uv": [7.5, 6.25, 8, 6.5], "texture": "#0"},
				"south": {"uv": [7.5, 6.5, 8, 6.75], "texture": "#0"},
				"west": {"uv": [7.5, 6.75, 8, 7], "texture": "#0"},
				"up": {"uv": [7.5, 5.5, 7, 5], "texture": "#0"},
				"down": {"uv": [7.5, 5.5, 7, 6], "texture": "#0"}
			}
		},
		{
			"from": [15, 9, -9],
			"to": [16, 11, -7],
			"rotation": {"angle": 0, "axis": "y", "origin": [-30, 17, 0]},
			"faces": {
				"north": {"uv": [7, 7.5, 7.25, 8], "texture": "#0"},
				"east": {"uv": [7, 6, 7.5, 6.5], "texture": "#0"},
				"south": {"uv": [7.5, 7, 7.75, 7.5], "texture": "#0"},
				"west": {"uv": [7, 6.5, 7.5, 7], "texture": "#0"},
				"up": {"uv": [7.5, 8, 7.25, 7.5], "texture": "#0"},
				"down": {"uv": [7.75, 7.5, 7.5, 8], "texture": "#0"}
			}
		},
		{
			"from": [13, 9, -7],
			"to": [15, 10, -6],
			"rotation": {"angle": 0, "axis": "y", "origin": [-30, 17, 0]},
			"faces": {
				"north": {"uv": [0, 7.75, 0.5, 8], "texture": "#0"},
				"east": {"uv": [2.5, 8, 2.75, 8.25], "texture": "#0"},
				"south": {"uv": [0.5, 7.75, 1, 8], "texture": "#0"},
				"west": {"uv": [2.75, 8, 3, 8.25], "texture": "#0"},
				"up": {"uv": [1.5, 8, 1, 7.75], "texture": "#0"},
				"down": {"uv": [2, 7.75, 1.5, 8], "texture": "#0"}
			}
		},
		{
			"from": [13, 21, 6],
			"to": [15, 22, 7],
			"rotation": {"angle": 0, "axis": "y", "origin": [-30, 17, 0]},
			"faces": {
				"north": {"uv": [5.5, 7.5, 6, 7.75], "texture": "#0"},
				"east": {"uv": [2.25, 8, 2.5, 8.25], "texture": "#0"},
				"south": {"uv": [7.5, 5.5, 8, 5.75], "texture": "#0"},
				"west": {"uv": [8, 2.25, 8.25, 2.5], "texture": "#0"},
				"up": {"uv": [8, 6, 7.5, 5.75], "texture": "#0"},
				"down": {"uv": [6.5, 7.5, 6, 7.75], "texture": "#0"}
			}
		},
		{
			"from": [13, 20, 7],
			"to": [15, 21, 9],
			"rotation": {"angle": 0, "axis": "y", "origin": [-30, 17, 0]},
			"faces": {
				"north": {"uv": [7.5, 6, 8, 6.25], "texture": "#0"},
				"east": {"uv": [7.5, 6.25, 8, 6.5], "texture": "#0"},
				"south": {"uv": [7.5, 6.5, 8, 6.75], "texture": "#0"},
				"west": {"uv": [7.5, 6.75, 8, 7], "texture": "#0"},
				"up": {"uv": [7.5, 5.5, 7, 5], "texture": "#0"},
				"down": {"uv": [7.5, 5.5, 7, 6], "texture": "#0"}
			}
		},
		{
			"from": [15, 21, 7],
			"to": [16, 23, 9],
			"rotation": {"angle": 0, "axis": "y", "origin": [-30, 17, 0]},
			"faces": {
				"north": {"uv": [7, 7.5, 7.25, 8], "texture": "#0"},
				"east": {"uv": [7, 6, 7.5, 6.5], "texture": "#0"},
				"south": {"uv": [7.5, 7, 7.75, 7.5], "texture": "#0"},
				"west": {"uv": [7, 6.5, 7.5, 7], "texture": "#0"},
				"up": {"uv": [7.5, 8, 7.25, 7.5], "texture": "#0"},
				"down": {"uv": [7.75, 7.5, 7.5, 8], "texture": "#0"}
			}
		},
		{
			"from": [13, 21, 9],
			"to": [15, 22, 10],
			"rotation": {"angle": 0, "axis": "y", "origin": [-30, 17, 0]},
			"faces": {
				"north": {"uv": [0, 7.75, 0.5, 8], "texture": "#0"},
				"east": {"uv": [2.5, 8, 2.75, 8.25], "texture": "#0"},
				"south": {"uv": [0.5, 7.75, 1, 8], "texture": "#0"},
				"west": {"uv": [2.75, 8, 3, 8.25], "texture": "#0"},
				"up": {"uv": [1.5, 8, 1, 7.75], "texture": "#0"},
				"down": {"uv": [2, 7.75, 1.5, 8], "texture": "#0"}
			}
		}
	],
	"display": {
		"thirdperson_righthand": {
			"scale": [0.5, 0.5, 0.5]
		},
		"thirdperson_lefthand": {
			"scale": [0.5, 0.5, 0.5]
		},
		"firstperson_righthand": {
			"scale": [0.5, 0.5, 0.5]
		},
		"firstperson_lefthand": {
			"scale": [0.5, 0.5, 0.5]
		},
		"ground": {
			"translation": [0, 21, 6.75]
		},
		"gui": {
			"translation": [0, 0.25, 0],
			"scale": [0.3, 0.3, 0.3]
		},
		"fixed": {
			"rotation": [-90, 0, 0],
			"translation": [0, 0, -47],
			"scale": [2, 2, 2]
		}
	},
	"groups": [
		{
			"name": "group",
			"origin": [8, 8, 8],
			"color": 0,
			"children": [0, 1, 2, 3, 4, 5, 6, 7]
		},
		{
			"name": "group",
			"origin": [8, 8, 8],
			"color": 0,
			"children": [8]
		},
		{
			"name": "Cup",
			"origin": [8, 8, 8],
			"color": 0,
			"children": [9, 10, 11, 12]
		},
		{
			"name": "Cup",
			"origin": [8, 8, 8],
			"color": 0,
			"children": [13, 14, 15, 16]
		},
		{
			"name": "Cup",
			"origin": [8, 8, 8],
			"color": 0,
			"children": [17, 18, 19, 20]
		},
		{
			"name": "Cup",
			"origin": [8, 8, 8],
			"color": 0,
			"children": [21, 22, 23, 24]
		}
	]
}