{
	"credit": "Made with Blockbench",
	"texture_size": [64, 64],
	"textures": {
		"0": "block/pink_oxer_jump_pole_middle",
		"particle": "block/pink_oxer_jump_pole_middle"
	},
	"elements": [
		{
			"from": [-16, -5, -9],
			"to": [32, -3, -7],
			"faces": {
				"north": {"uv": [0, 0, 12, 0.5], "texture": "#0"},
				"east": {"uv": [12.75, 11, 13.25, 11.5], "texture": "#0"},
				"south": {"uv": [0, 0.5, 12, 1], "texture": "#0"},
				"west": {"uv": [12.75, 11.5, 13.25, 12], "texture": "#0"},
				"up": {"uv": [12, 1.5, 0, 1], "texture": "#0"},
				"down": {"uv": [12, 1.5, 0, 2], "texture": "#0"}
			}
		},
		{
			"from": [-16, -14, -9],
			"to": [32, -12, -7],
			"faces": {
				"north": {"uv": [0, 2, 12, 2.5], "texture": "#0"},
				"east": {"uv": [12.75, 12, 13.25, 12.5], "texture": "#0"},
				"south": {"uv": [0, 2.5, 12, 3], "texture": "#0"},
				"west": {"uv": [12.75, 12.5, 13.25, 13], "texture": "#0"},
				"up": {"uv": [12, 3.5, 0, 3], "texture": "#0"},
				"down": {"uv": [12, 3.5, 0, 4], "texture": "#0"}
			}
		},
		{
			"from": [29, -12, -9],
			"to": [31, -5, -7],
			"faces": {
				"north": {"uv": [3, 10, 3.5, 11.75], "texture": "#0"},
				"east": {"uv": [3.5, 10, 4, 11.75], "texture": "#0"},
				"south": {"uv": [4, 10, 4.5, 11.75], "texture": "#0"},
				"west": {"uv": [4.5, 10, 5, 11.75], "texture": "#0"},
				"up": {"uv": [13.5, 0.5, 13, 0], "texture": "#0"},
				"down": {"uv": [13.5, 0.5, 13, 1], "texture": "#0"}
			}
		},
		{
			"from": [26, -12, -9],
			"to": [28, -5, -7],
			"faces": {
				"north": {"uv": [5, 10, 5.5, 11.75], "texture": "#0"},
				"east": {"uv": [5.5, 10, 6, 11.75], "texture": "#0"},
				"south": {"uv": [6, 10, 6.5, 11.75], "texture": "#0"},
				"west": {"uv": [6.5, 10, 7, 11.75], "texture": "#0"},
				"up": {"uv": [13.5, 1.5, 13, 1], "texture": "#0"},
				"down": {"uv": [13.5, 1.5, 13, 2], "texture": "#0"}
			}
		},
		{
			"from": [23, -12, -9],
			"to": [25, -5, -7],
			"faces": {
				"north": {"uv": [7, 10, 7.5, 11.75], "texture": "#0"},
				"east": {"uv": [7.5, 10, 8, 11.75], "texture": "#0"},
				"south": {"uv": [8, 10, 8.5, 11.75], "texture": "#0"},
				"west": {"uv": [8.5, 10, 9, 11.75], "texture": "#0"},
				"up": {"uv": [13.5, 2.5, 13, 2], "texture": "#0"},
				"down": {"uv": [13.5, 2.5, 13, 3], "texture": "#0"}
			}
		},
		{
			"from": [20, -12, -9],
			"to": [22, -5, -7],
			"faces": {
				"north": {"uv": [9, 10, 9.5, 11.75], "texture": "#0"},
				"east": {"uv": [9.5, 10, 10, 11.75], "texture": "#0"},
				"south": {"uv": [10, 10, 10.5, 11.75], "texture": "#0"},
				"west": {"uv": [10.5, 10, 11, 11.75], "texture": "#0"},
				"up": {"uv": [13.5, 3.5, 13, 3], "texture": "#0"},
				"down": {"uv": [13.5, 3.5, 13, 4], "texture": "#0"}
			}
		},
		{
			"from": [-6, -12, -9],
			"to": [-4, -5, -7],
			"faces": {
				"north": {"uv": [5, 11.75, 5.5, 13.5], "texture": "#0"},
				"east": {"uv": [5.5, 11.75, 6, 13.5], "texture": "#0"},
				"south": {"uv": [6, 11.75, 6.5, 13.5], "texture": "#0"},
				"west": {"uv": [6.5, 11.75, 7, 13.5], "texture": "#0"},
				"up": {"uv": [13.5, 10.5, 13, 10], "texture": "#0"},
				"down": {"uv": [13.25, 13, 12.75, 13.5], "texture": "#0"}
			}
		},
		{
			"from": [-9, -12, -9],
			"to": [-7, -5, -7],
			"faces": {
				"north": {"uv": [3, 11.75, 3.5, 13.5], "texture": "#0"},
				"east": {"uv": [3.5, 11.75, 4, 13.5], "texture": "#0"},
				"south": {"uv": [4, 11.75, 4.5, 13.5], "texture": "#0"},
				"west": {"uv": [4.5, 11.75, 5, 13.5], "texture": "#0"},
				"up": {"uv": [13.5, 9.5, 13, 9], "texture": "#0"},
				"down": {"uv": [13.5, 9.5, 13, 10], "texture": "#0"}
			}
		},
		{
			"from": [-12, -12, -9],
			"to": [-10, -5, -7],
			"faces": {
				"north": {"uv": [1, 11.75, 1.5, 13.5], "texture": "#0"},
				"east": {"uv": [1.5, 11.75, 2, 13.5], "texture": "#0"},
				"south": {"uv": [2, 11.75, 2.5, 13.5], "texture": "#0"},
				"west": {"uv": [2.5, 11.75, 3, 13.5], "texture": "#0"},
				"up": {"uv": [13.5, 8.5, 13, 8], "texture": "#0"},
				"down": {"uv": [13.5, 8.5, 13, 9], "texture": "#0"}
			}
		},
		{
			"from": [-15, -12, -9],
			"to": [-13, -5, -7],
			"faces": {
				"north": {"uv": [11, 10, 11.5, 11.75], "texture": "#0"},
				"east": {"uv": [11.5, 10, 12, 11.75], "texture": "#0"},
				"south": {"uv": [0, 11.75, 0.5, 13.5], "texture": "#0"},
				"west": {"uv": [0.5, 11.75, 1, 13.5], "texture": "#0"},
				"up": {"uv": [13.5, 7.5, 13, 7], "texture": "#0"},
				"down": {"uv": [13.5, 7.5, 13, 8], "texture": "#0"}
			}
		},
		{
			"from": [3, -12, -9],
			"to": [5, -5, -7],
			"faces": {
				"north": {"uv": [11, 11.75, 11.5, 13.5], "texture": "#0"},
				"east": {"uv": [11.5, 11.75, 12, 13.5], "texture": "#0"},
				"south": {"uv": [12, 0, 12.5, 1.75], "texture": "#0"},
				"west": {"uv": [12, 1.75, 12.5, 3.5], "texture": "#0"},
				"up": {"uv": [13.75, 13.5, 13.25, 13], "texture": "#0"},
				"down": {"uv": [0.5, 13.5, 0, 14], "texture": "#0"}
			}
		},
		{
			"from": [0, -12, -9],
			"to": [2, -5, -7],
			"faces": {
				"north": {"uv": [9, 11.75, 9.5, 13.5], "texture": "#0"},
				"east": {"uv": [9.5, 11.75, 10, 13.5], "texture": "#0"},
				"south": {"uv": [10, 11.75, 10.5, 13.5], "texture": "#0"},
				"west": {"uv": [10.5, 11.75, 11, 13.5], "texture": "#0"},
				"up": {"uv": [13.75, 12.5, 13.25, 12], "texture": "#0"},
				"down": {"uv": [13.75, 12.5, 13.25, 13], "texture": "#0"}
			}
		},
		{
			"from": [-3, -12, -9],
			"to": [-1, -5, -7],
			"faces": {
				"north": {"uv": [7, 11.75, 7.5, 13.5], "texture": "#0"},
				"east": {"uv": [7.5, 11.75, 8, 13.5], "texture": "#0"},
				"south": {"uv": [8, 11.75, 8.5, 13.5], "texture": "#0"},
				"west": {"uv": [8.5, 11.75, 9, 13.5], "texture": "#0"},
				"up": {"uv": [13.75, 11.5, 13.25, 11], "texture": "#0"},
				"down": {"uv": [13.75, 11.5, 13.25, 12], "texture": "#0"}
			}
		},
		{
			"from": [17, -12, -9],
			"to": [19, -5, -7],
			"faces": {
				"north": {"uv": [12.5, 3.5, 13, 5.25], "texture": "#0"},
				"east": {"uv": [12.5, 5.25, 13, 7], "texture": "#0"},
				"south": {"uv": [12.5, 7, 13, 8.75], "texture": "#0"},
				"west": {"uv": [12.5, 8.75, 13, 10.5], "texture": "#0"},
				"up": {"uv": [14, 1.5, 13.5, 1], "texture": "#0"},
				"down": {"uv": [2, 13.5, 1.5, 14], "texture": "#0"}
			}
		},
		{
			"from": [14, -12, -9],
			"to": [16, -5, -7],
			"faces": {
				"north": {"uv": [12, 10.5, 12.5, 12.25], "texture": "#0"},
				"east": {"uv": [12, 12.25, 12.5, 14], "texture": "#0"},
				"south": {"uv": [12.5, 0, 13, 1.75], "texture": "#0"},
				"west": {"uv": [12.5, 1.75, 13, 3.5], "texture": "#0"},
				"up": {"uv": [14, 1, 13.5, 0.5], "texture": "#0"},
				"down": {"uv": [1.5, 13.5, 1, 14], "texture": "#0"}
			}
		},
		{
			"from": [11, -12, -9],
			"to": [13, -5, -7],
			"faces": {
				"north": {"uv": [12, 3.5, 12.5, 5.25], "texture": "#0"},
				"east": {"uv": [12, 5.25, 12.5, 7], "texture": "#0"},
				"south": {"uv": [12, 7, 12.5, 8.75], "texture": "#0"},
				"west": {"uv": [12, 8.75, 12.5, 10.5], "texture": "#0"},
				"up": {"uv": [14, 0.5, 13.5, 0], "texture": "#0"},
				"down": {"uv": [1, 13.5, 0.5, 14], "texture": "#0"}
			}
		},
		{
			"from": [5, -12, -8.5],
			"to": [11, -5, -7.5],
			"faces": {
				"north": {"uv": [0, 10, 1.5, 11.75], "texture": "#0"},
				"east": {"uv": [12.5, 10.5, 12.75, 12.25], "texture": "#0"},
				"south": {"uv": [1.5, 10, 3, 11.75], "texture": "#0"},
				"west": {"uv": [12.5, 12.25, 12.75, 14], "texture": "#0"},
				"up": {"uv": [14.25, 10.75, 12.75, 10.5], "texture": "#0"},
				"down": {"uv": [14.25, 10.75, 12.75, 11], "texture": "#0"}
			}
		},
		{
			"from": [-16, 3, -9],
			"to": [32, 5, -7],
			"faces": {
				"north": {"uv": [0, 4, 12, 4.5], "texture": "#0"},
				"east": {"uv": [13, 4, 13.5, 4.5], "texture": "#0"},
				"south": {"uv": [0, 4.5, 12, 5], "texture": "#0"},
				"west": {"uv": [13, 4.5, 13.5, 5], "texture": "#0"},
				"up": {"uv": [12, 5.5, 0, 5], "texture": "#0"},
				"down": {"uv": [12, 5.5, 0, 6], "texture": "#0"}
			}
		},
		{
			"from": [-16, 9, -9],
			"to": [32, 11, -7],
			"faces": {
				"north": {"uv": [0, 6, 12, 6.5], "texture": "#0"},
				"east": {"uv": [13, 5, 13.5, 5.5], "texture": "#0"},
				"south": {"uv": [0, 6.5, 12, 7], "texture": "#0"},
				"west": {"uv": [13, 5.5, 13.5, 6], "texture": "#0"},
				"up": {"uv": [12, 7.5, 0, 7], "texture": "#0"},
				"down": {"uv": [12, 7.5, 0, 8], "texture": "#0"}
			}
		},
		{
			"from": [-16, 21, 7],
			"to": [32, 23, 9],
			"faces": {
				"north": {"uv": [0, 8, 12, 8.5], "texture": "#0"},
				"east": {"uv": [13, 6, 13.5, 6.5], "texture": "#0"},
				"south": {"uv": [0, 8.5, 12, 9], "texture": "#0"},
				"west": {"uv": [13, 6.5, 13.5, 7], "texture": "#0"},
				"up": {"uv": [12, 9.5, 0, 9], "texture": "#0"},
				"down": {"uv": [12, 9.5, 0, 10], "texture": "#0"}
			}
		}
	],
	"display": {
		"thirdperson_righthand": {
			"scale": [0.5, 0.5, 0.5]
		},
		"thirdperson_lefthand": {
			"scale": [0.5, 0.5, 0.5]
		},
		"firstperson_righthand": {
			"scale": [0.5, 0.5, 0.5]
		},
		"firstperson_lefthand": {
			"scale": [0.5, 0.5, 0.5]
		},
		"ground": {
			"translation": [0, 21, 6.75]
		},
		"gui": {
			"translation": [0, 0.25, 0],
			"scale": [0.3, 0.3, 0.3]
		},
		"fixed": {
			"rotation": [-90, 0, 0],
			"translation": [0, 0, -47],
			"scale": [2, 2, 2]
		}
	},
	"groups": [
		{
			"name": "group",
			"origin": [8, 8, 8],
			"color": 0,
			"children": [0, 1, 2, 3, 4, 5, 6, 7, 8, 9, 10, 11, 12, 13, 14, 15, 16, 17, 18]
		},
		{
			"name": "group",
			"origin": [8, 8, 8],
			"color": 0,
			"children": [19]
		}
	]
}