{
	"credit": "Made with Blockbench",
	"texture_size": [128, 128],
	"textures": {
		"0": "block/pink_oxer_jump_stand",
		"particle": "block/pink_oxer_jump_stand"
	},
	"elements": [
		{
			"from": [-1, -16, -15],
			"to": [0, -15, -1],
			"faces": {
				"north": {"uv": [6, 7.25, 6.125, 7.375], "texture": "#0"},
				"east": {"uv": [6, 3, 7.75, 3.125], "texture": "#0"},
				"south": {"uv": [7.25, 6, 7.375, 6.125], "texture": "#0"},
				"west": {"uv": [6, 3.125, 7.75, 3.25], "texture": "#0"},
				"up": {"uv": [3.625, 7.625, 3.5, 5.875], "texture": "#0"},
				"down": {"uv": [3.75, 5.875, 3.625, 7.625], "texture": "#0"}
			}
		},
		{
			"from": [-1, -15, -14],
			"to": [0, -14, -2],
			"faces": {
				"north": {"uv": [7.25, 6.125, 7.375, 6.25], "texture": "#0"},
				"east": {"uv": [6.25, 4, 7.75, 4.125], "texture": "#0"},
				"south": {"uv": [6.25, 7.25, 6.375, 7.375], "texture": "#0"},
				"west": {"uv": [6.25, 4.125, 7.75, 4.25], "texture": "#0"},
				"up": {"uv": [6.375, 5.75, 6.25, 4.25], "texture": "#0"},
				"down": {"uv": [6.375, 5.75, 6.25, 7.25], "texture": "#0"}
			}
		},
		{
			"from": [20, -15, -14],
			"to": [21, -14, -2],
			"faces": {
				"north": {"uv": [6.75, 7.25, 6.875, 7.375], "texture": "#0"},
				"east": {"uv": [6.375, 4.25, 7.875, 4.375], "texture": "#0"},
				"south": {"uv": [6.875, 7.25, 7, 7.375], "texture": "#0"},
				"west": {"uv": [6.375, 4.375, 7.875, 4.5], "texture": "#0"},
				"up": {"uv": [6.5, 6, 6.375, 4.5], "texture": "#0"},
				"down": {"uv": [6.5, 6, 6.375, 7.5], "texture": "#0"}
			}
		},
		{
			"from": [20, -16, -15],
			"to": [21, -15, -1],
			"faces": {
				"north": {"uv": [7, 7.25, 7.125, 7.375], "texture": "#0"},
				"east": {"uv": [6, 3.25, 7.75, 3.375], "texture": "#0"},
				"south": {"uv": [7.125, 7.25, 7.25, 7.375], "texture": "#0"},
				"west": {"uv": [6, 3.375, 7.75, 3.5], "texture": "#0"},
				"up": {"uv": [3.875, 7.625, 3.75, 5.875], "texture": "#0"},
				"down": {"uv": [4, 5.875, 3.875, 7.625], "texture": "#0"}
			}
		},
		{
			"from": [0, -16, -9],
			"to": [2, 31, -7],
			"faces": {
				"north": {"uv": [0, 0, 0.25, 5.875], "texture": "#0"},
				"east": {"uv": [0.25, 0, 0.5, 5.875], "texture": "#0"},
				"south": {"uv": [0.5, 0, 0.75, 5.875], "texture": "#0"},
				"west": {"uv": [0.75, 0, 1, 5.875], "texture": "#0"},
				"up": {"uv": [7, 5.25, 6.75, 5], "texture": "#0"},
				"down": {"uv": [7, 5.25, 6.75, 5.5], "texture": "#0"}
			}
		},
		{
			"from": [18, -16, -9],
			"to": [20, 31, -7],
			"faces": {
				"north": {"uv": [1, 0, 1.25, 5.875], "texture": "#0"},
				"east": {"uv": [1.25, 0, 1.5, 5.875], "texture": "#0"},
				"south": {"uv": [1.5, 0, 1.75, 5.875], "texture": "#0"},
				"west": {"uv": [1.75, 0, 2, 5.875], "texture": "#0"},
				"up": {"uv": [7, 5.75, 6.75, 5.5], "texture": "#0"},
				"down": {"uv": [7, 5.75, 6.75, 6], "texture": "#0"}
			}
		},
		{
			"from": [3, -14, -9],
			"to": [5, 28, -8],
			"faces": {
				"north": {"uv": [4.75, 5.5, 5, 10.75], "texture": "#0"},
				"east": {"uv": [2.5, 5.875, 2.625, 11.125], "texture": "#0"},
				"south": {"uv": [5.5, 5.375, 5.75, 10.625], "texture": "#0"},
				"west": {"uv": [2.625, 5.875, 2.75, 11.125], "texture": "#0"},
				"up": {"uv": [7.25, 5.125, 7, 5], "texture": "#0"},
				"down": {"uv": [7.25, 5.125, 7, 5.25], "texture": "#0"}
			}
		},
		{
			"from": [15, -14, -9],
			"to": [17, 28, -8],
			"faces": {
				"north": {"uv": [5.75, 0, 6, 5.25], "texture": "#0"},
				"east": {"uv": [2.75, 5.875, 2.875, 11.125], "texture": "#0"},
				"south": {"uv": [5.75, 5.25, 6, 10.5], "texture": "#0"},
				"west": {"uv": [2.875, 5.875, 3, 11.125], "texture": "#0"},
				"up": {"uv": [7.25, 5.375, 7, 5.25], "texture": "#0"},
				"down": {"uv": [7.25, 5.375, 7, 5.5], "texture": "#0"}
			}
		},
		{
			"from": [12, -14, -9],
			"to": [14, 29, -8],
			"faces": {
				"north": {"uv": [5, 0, 5.25, 5.375], "texture": "#0"},
				"east": {"uv": [1.5, 5.875, 1.625, 11.25], "texture": "#0"},
				"south": {"uv": [5.25, 0, 5.5, 5.375], "texture": "#0"},
				"west": {"uv": [1.625, 5.875, 1.75, 11.25], "texture": "#0"},
				"up": {"uv": [7.25, 5.625, 7, 5.5], "texture": "#0"},
				"down": {"uv": [7.25, 5.625, 7, 5.75], "texture": "#0"}
			}
		},
		{
			"from": [6, -14, -9],
			"to": [8, 29, -8],
			"faces": {
				"north": {"uv": [5, 5.375, 5.25, 10.75], "texture": "#0"},
				"east": {"uv": [1.75, 5.875, 1.875, 11.25], "texture": "#0"},
				"south": {"uv": [5.25, 5.375, 5.5, 10.75], "texture": "#0"},
				"west": {"uv": [1.875, 5.875, 2, 11.25], "texture": "#0"},
				"up": {"uv": [7.25, 5.875, 7, 5.75], "texture": "#0"},
				"down": {"uv": [7.25, 5.875, 7, 6], "texture": "#0"}
			}
		},
		{
			"from": [9, -14, -9],
			"to": [11, 30, -8],
			"faces": {
				"north": {"uv": [4, 0, 4.25, 5.5], "texture": "#0"},
				"east": {"uv": [1, 5.875, 1.125, 11.375], "texture": "#0"},
				"south": {"uv": [4.25, 0, 4.5, 5.5], "texture": "#0"},
				"west": {"uv": [1.125, 5.875, 1.25, 11.375], "texture": "#0"},
				"up": {"uv": [7.25, 6.125, 7, 6], "texture": "#0"},
				"down": {"uv": [7.25, 6.125, 7, 6.25], "texture": "#0"}
			}
		},
		{
			"from": [2, -10, -8],
			"to": [18, -8, -7],
			"faces": {
				"north": {"uv": [6, 0, 8, 0.25], "texture": "#0"},
				"east": {"uv": [7, 6.25, 7.125, 6.5], "texture": "#0"},
				"south": {"uv": [6, 0.25, 8, 0.5], "texture": "#0"},
				"west": {"uv": [7, 6.5, 7.125, 6.75], "texture": "#0"},
				"up": {"uv": [8, 2.125, 6, 2], "texture": "#0"},
				"down": {"uv": [8, 2.125, 6, 2.25], "texture": "#0"}
			}
		},
		{
			"from": [2, 22, -8],
			"to": [18, 24, -7],
			"faces": {
				"north": {"uv": [6, 0.5, 8, 0.75], "texture": "#0"},
				"east": {"uv": [6.75, 7, 6.875, 7.25], "texture": "#0"},
				"south": {"uv": [6, 0.75, 8, 1], "texture": "#0"},
				"west": {"uv": [7, 6.75, 7.125, 7], "texture": "#0"},
				"up": {"uv": [8, 2.375, 6, 2.25], "texture": "#0"},
				"down": {"uv": [8, 2.375, 6, 2.5], "texture": "#0"}
			}
		},
		{
			"from": [20, -16, 1],
			"to": [21, -15, 15],
			"rotation": {"angle": 0, "axis": "y", "origin": [8, 3.75, 8]},
			"faces": {
				"north": {"uv": [7.375, 5, 7.5, 5.125], "texture": "#0"},
				"east": {"uv": [6, 3.625, 7.75, 3.75], "texture": "#0"},
				"south": {"uv": [7.25, 7.25, 7.375, 7.375], "texture": "#0"},
				"west": {"uv": [6, 3.5, 7.75, 3.625], "texture": "#0"},
				"up": {"uv": [6.125, 5.5, 6, 3.75], "rotation": 180, "texture": "#0"},
				"down": {"uv": [6.125, 5.5, 6, 7.25], "rotation": 180, "texture": "#0"}
			}
		},
		{
			"from": [20, -15, 2],
			"to": [21, -14, 14],
			"rotation": {"angle": 0, "axis": "y", "origin": [8, 3.75, 8]},
			"faces": {
				"north": {"uv": [7.375, 5.25, 7.5, 5.375], "texture": "#0"},
				"east": {"uv": [6.5, 4.625, 8, 4.75], "texture": "#0"},
				"south": {"uv": [7.375, 5.125, 7.5, 5.25], "texture": "#0"},
				"west": {"uv": [6.5, 4.5, 8, 4.625], "texture": "#0"},
				"up": {"uv": [6.625, 6.25, 6.5, 4.75], "rotation": 180, "texture": "#0"},
				"down": {"uv": [6.625, 6.25, 6.5, 7.75], "rotation": 180, "texture": "#0"}
			}
		},
		{
			"from": [-1, -15, 2],
			"to": [0, -14, 14],
			"rotation": {"angle": 0, "axis": "y", "origin": [8, 3.75, 8]},
			"faces": {
				"north": {"uv": [7.375, 5.5, 7.5, 5.625], "texture": "#0"},
				"east": {"uv": [6.625, 4.875, 8.125, 5], "texture": "#0"},
				"south": {"uv": [7.375, 5.375, 7.5, 5.5], "texture": "#0"},
				"west": {"uv": [6.625, 4.75, 8.125, 4.875], "texture": "#0"},
				"up": {"uv": [6.75, 6.5, 6.625, 5], "rotation": 180, "texture": "#0"},
				"down": {"uv": [6.75, 6.5, 6.625, 8], "rotation": 180, "texture": "#0"}
			}
		},
		{
			"from": [-1, -16, 1],
			"to": [0, -15, 15],
			"rotation": {"angle": 0, "axis": "y", "origin": [8, 3.75, 8]},
			"faces": {
				"north": {"uv": [7.375, 5.75, 7.5, 5.875], "texture": "#0"},
				"east": {"uv": [6.125, 3.875, 7.875, 4], "texture": "#0"},
				"south": {"uv": [7.375, 5.625, 7.5, 5.75], "texture": "#0"},
				"west": {"uv": [6.125, 3.75, 7.875, 3.875], "texture": "#0"},
				"up": {"uv": [6.25, 5.75, 6.125, 4], "rotation": 180, "texture": "#0"},
				"down": {"uv": [6.25, 5.75, 6.125, 7.5], "rotation": 180, "texture": "#0"}
			}
		},
		{
			"from": [18, -16, 7],
			"to": [20, 31, 9],
			"rotation": {"angle": 0, "axis": "y", "origin": [8, 3.75, 8]},
			"faces": {
				"north": {"uv": [2.5, 0, 2.75, 5.875], "texture": "#0"},
				"east": {"uv": [2.75, 0, 3, 5.875], "texture": "#0"},
				"south": {"uv": [2, 0, 2.25, 5.875], "texture": "#0"},
				"west": {"uv": [2.25, 0, 2.5, 5.875], "texture": "#0"},
				"up": {"uv": [7, 6.25, 6.75, 6], "rotation": 180, "texture": "#0"},
				"down": {"uv": [7, 6.25, 6.75, 6.5], "rotation": 180, "texture": "#0"}
			}
		},
		{
			"from": [0, -16, 7],
			"to": [2, 31, 9],
			"rotation": {"angle": 0, "axis": "y", "origin": [8, 3.75, 8]},
			"faces": {
				"north": {"uv": [3.5, 0, 3.75, 5.875], "texture": "#0"},
				"east": {"uv": [3.75, 0, 4, 5.875], "texture": "#0"},
				"south": {"uv": [3, 0, 3.25, 5.875], "texture": "#0"},
				"west": {"uv": [3.25, 0, 3.5, 5.875], "texture": "#0"},
				"up": {"uv": [7, 6.75, 6.75, 6.5], "rotation": 180, "texture": "#0"},
				"down": {"uv": [7, 6.75, 6.75, 7], "rotation": 180, "texture": "#0"}
			}
		},
		{
			"from": [15, -14, 8],
			"to": [17, 28, 9],
			"rotation": {"angle": 0, "axis": "y", "origin": [8, 3.75, 8]},
			"faces": {
				"north": {"uv": [0.25, 5.875, 0.5, 11.125], "texture": "#0"},
				"east": {"uv": [3.125, 5.875, 3.25, 11.125], "texture": "#0"},
				"south": {"uv": [0, 5.875, 0.25, 11.125], "texture": "#0"},
				"west": {"uv": [3, 5.875, 3.125, 11.125], "texture": "#0"},
				"up": {"uv": [7.125, 7.125, 6.875, 7], "rotation": 180, "texture": "#0"},
				"down": {"uv": [7.375, 6.25, 7.125, 6.375], "rotation": 180, "texture": "#0"}
			}
		},
		{
			"from": [3, -14, 8],
			"to": [5, 28, 9],
			"rotation": {"angle": 0, "axis": "y", "origin": [8, 3.75, 8]},
			"faces": {
				"north": {"uv": [0.75, 5.875, 1, 11.125], "texture": "#0"},
				"east": {"uv": [3.375, 5.875, 3.5, 11.125], "texture": "#0"},
				"south": {"uv": [0.5, 5.875, 0.75, 11.125], "texture": "#0"},
				"west": {"uv": [3.25, 5.875, 3.375, 11.125], "texture": "#0"},
				"up": {"uv": [7.375, 6.5, 7.125, 6.375], "rotation": 180, "texture": "#0"},
				"down": {"uv": [7.375, 6.5, 7.125, 6.625], "rotation": 180, "texture": "#0"}
			}
		},
		{
			"from": [6, -14, 8],
			"to": [8, 29, 9],
			"rotation": {"angle": 0, "axis": "y", "origin": [8, 3.75, 8]},
			"faces": {
				"north": {"uv": [4, 5.5, 4.25, 10.875], "texture": "#0"},
				"east": {"uv": [2.125, 5.875, 2.25, 11.25], "texture": "#0"},
				"south": {"uv": [5.5, 0, 5.75, 5.375], "texture": "#0"},
				"west": {"uv": [2, 5.875, 2.125, 11.25], "texture": "#0"},
				"up": {"uv": [7.375, 6.75, 7.125, 6.625], "rotation": 180, "texture": "#0"},
				"down": {"uv": [7.375, 6.75, 7.125, 6.875], "rotation": 180, "texture": "#0"}
			}
		},
		{
			"from": [12, -14, 8],
			"to": [14, 29, 9],
			"rotation": {"angle": 0, "axis": "y", "origin": [8, 3.75, 8]},
			"faces": {
				"north": {"uv": [4.5, 5.5, 4.75, 10.875], "texture": "#0"},
				"east": {"uv": [2.375, 5.875, 2.5, 11.25], "texture": "#0"},
				"south": {"uv": [4.25, 5.5, 4.5, 10.875], "texture": "#0"},
				"west": {"uv": [2.25, 5.875, 2.375, 11.25], "texture": "#0"},
				"up": {"uv": [7.125, 7.25, 6.875, 7.125], "rotation": 180, "texture": "#0"},
				"down": {"uv": [7.375, 6.875, 7.125, 7], "rotation": 180, "texture": "#0"}
			}
		},
		{
			"from": [9, -14, 8],
			"to": [11, 30, 9],
			"rotation": {"angle": 0, "axis": "y", "origin": [8, 3.75, 8]},
			"faces": {
				"north": {"uv": [4.75, 0, 5, 5.5], "texture": "#0"},
				"east": {"uv": [1.375, 5.875, 1.5, 11.375], "texture": "#0"},
				"south": {"uv": [4.5, 0, 4.75, 5.5], "texture": "#0"},
				"west": {"uv": [1.25, 5.875, 1.375, 11.375], "texture": "#0"},
				"up": {"uv": [7.375, 7.125, 7.125, 7], "rotation": 180, "texture": "#0"},
				"down": {"uv": [7.375, 7.125, 7.125, 7.25], "rotation": 180, "texture": "#0"}
			}
		},
		{
			"from": [2, -10, 7],
			"to": [18, -8, 8],
			"rotation": {"angle": 0, "axis": "y", "origin": [8, 3.75, 8]},
			"faces": {
				"north": {"uv": [6, 1.25, 8, 1.5], "texture": "#0"},
				"east": {"uv": [7.25, 5.25, 7.375, 5.5], "texture": "#0"},
				"south": {"uv": [6, 1, 8, 1.25], "texture": "#0"},
				"west": {"uv": [7.25, 5, 7.375, 5.25], "texture": "#0"},
				"up": {"uv": [8, 2.625, 6, 2.5], "rotation": 180, "texture": "#0"},
				"down": {"uv": [8, 2.625, 6, 2.75], "rotation": 180, "texture": "#0"}
			}
		},
		{
			"from": [2, 22, 7],
			"to": [18, 24, 8],
			"rotation": {"angle": 0, "axis": "y", "origin": [8, 3.75, 8]},
			"faces": {
				"north": {"uv": [6, 1.75, 8, 2], "texture": "#0"},
				"east": {"uv": [7.25, 5.75, 7.375, 6], "texture": "#0"},
				"south": {"uv": [6, 1.5, 8, 1.75], "texture": "#0"},
				"west": {"uv": [7.25, 5.5, 7.375, 5.75], "texture": "#0"},
				"up": {"uv": [8, 2.875, 6, 2.75], "rotation": 180, "texture": "#0"},
				"down": {"uv": [8, 2.875, 6, 3], "rotation": 180, "texture": "#0"}
			}
		}
	],
	"display": {
		"thirdperson_righthand": {
			"scale": [0.5, 0.5, 0.5]
		},
		"thirdperson_lefthand": {
			"scale": [0.5, 0.5, 0.5]
		},
		"firstperson_righthand": {
			"scale": [0.5, 0.5, 0.5]
		},
		"firstperson_lefthand": {
			"scale": [0.5, 0.5, 0.5]
		},
		"ground": {
			"translation": [0, 19.25, 8.5]
		},
		"gui": {
			"translation": [0.5, 0, 0],
			"scale": [0.3, 0.3, 0.3]
		},
		"fixed": {
			"rotation": [-90, 0, 0],
			"translation": [0, 0, -47],
			"scale": [2, 2, 2]
		}
	},
	"groups": [
		{
			"name": "Stand 1",
			"origin": [0, 0, 0],
			"color": 0,
			"children": [0, 1, 2, 3, 4, 5, 6, 7, 8, 9, 10, 11, 12]
		},
		{
			"name": "Stand 2",
			"origin": [0, 0, 0],
			"color": 0,
			"children": [13, 14, 15, 16, 17, 18, 19, 20, 21, 22, 23, 24, 25]
		}
	]
}