{
	"credit": "Made with Blockbench",
	"texture_size": [32, 32],
	"textures": {
		"0": "block/pitchfork",
		"particle": "block/pitchfork"
	},
	"elements": [
		{
			"from": [7.125, -16, 14.15],
			"to": [8.825, 12, 15.85],
			"rotation": {"angle": 0, "axis": "x", "origin": [1, 11, 0]},
			"faces": {
				"north": {"uv": [0, 0, 1, 14], "texture": "#0"},
				"east": {"uv": [1, 0, 2, 14], "texture": "#0"},
				"south": {"uv": [2, 0, 3, 14], "texture": "#0"},
				"west": {"uv": [3, 0, 4, 14], "texture": "#0"},
				"up": {"uv": [10, 11.5, 9, 10.5], "texture": "#0"},
				"down": {"uv": [11.5, 9, 10.5, 10], "texture": "#0"}
			}
		},
		{
			"from": [6.95, 12, 13.975],
			"to": [8.95, 15, 15.975],
			"rotation": {"angle": 0, "axis": "x", "origin": [0.75, 11, -7.25]},
			"faces": {
				"north": {"uv": [10, 3, 11, 4.5], "texture": "#0"},
				"east": {"uv": [10, 4.5, 11, 6], "texture": "#0"},
				"south": {"uv": [10, 6, 11, 7.5], "texture": "#0"},
				"west": {"uv": [10, 7.5, 11, 9], "texture": "#0"},
				"up": {"uv": [12, 12, 11, 11], "texture": "#0"},
				"down": {"uv": [12.5, 0, 11.5, 1], "texture": "#0"}
			}
		},
		{
			"from": [6.95, 15.375, 15.49],
			"to": [8.95, 16.875, 16.49],
			"rotation": {"angle": 22.5, "axis": "x", "origin": [8.2, 19, 13.75]},
			"faces": {
				"north": {"uv": [12, 5, 13, 5.5], "texture": "#0"},
				"east": {"uv": [11.5, 2.5, 12, 3], "texture": "#0"},
				"south": {"uv": [12, 5.5, 13, 6], "texture": "#0"},
				"west": {"uv": [12, 9, 12.5, 9.5], "texture": "#0"},
				"up": {"uv": [13, 6.5, 12, 6], "texture": "#0"},
				"down": {"uv": [13, 6.5, 12, 7], "texture": "#0"}
			}
		},
		{
			"from": [6.95, 10.05, 12.4],
			"to": [8.95, 11.55, 13.4],
			"rotation": {"angle": -22.5, "axis": "x", "origin": [8.2, 19, 2.25]},
			"faces": {
				"north": {"uv": [12, 7, 13, 7.5], "texture": "#0"},
				"east": {"uv": [12, 9.5, 12.5, 10], "texture": "#0"},
				"south": {"uv": [12, 7.5, 13, 8], "texture": "#0"},
				"west": {"uv": [12, 10, 12.5, 10.5], "texture": "#0"},
				"up": {"uv": [13, 8.5, 12, 8], "texture": "#0"},
				"down": {"uv": [13, 8.5, 12, 9], "texture": "#0"}
			}
		},
		{
			"from": [3, 15, 14.25],
			"to": [13, 16.5, 15.75],
			"faces": {
				"north": {"uv": [4, 0, 9, 1], "texture": "#0"},
				"east": {"uv": [10, 10.5, 11, 11.5], "texture": "#0"},
				"south": {"uv": [4, 1, 9, 2], "texture": "#0"},
				"west": {"uv": [11, 3, 12, 4], "texture": "#0"},
				"up": {"uv": [9, 3, 4, 2], "texture": "#0"},
				"down": {"uv": [9, 3, 4, 4], "texture": "#0"}
			}
		},
		{
			"from": [2.25, 15.75, 14.25],
			"to": [3.75, 25.75, 15.75],
			"faces": {
				"north": {"uv": [4, 4, 5, 9], "texture": "#0"},
				"east": {"uv": [5, 4, 6, 9], "texture": "#0"},
				"south": {"uv": [6, 4, 7, 9], "texture": "#0"},
				"west": {"uv": [7, 4, 8, 9], "texture": "#0"},
				"up": {"uv": [12, 5, 11, 4], "texture": "#0"},
				"down": {"uv": [12, 5, 11, 6], "texture": "#0"}
			}
		},
		{
			"from": [12.25, 15.75, 14.25],
			"to": [13.75, 25.75, 15.75],
			"faces": {
				"north": {"uv": [8, 4, 9, 9], "texture": "#0"},
				"east": {"uv": [9, 0, 10, 5], "texture": "#0"},
				"south": {"uv": [4, 9, 5, 14], "texture": "#0"},
				"west": {"uv": [5, 9, 6, 14], "texture": "#0"},
				"up": {"uv": [12, 7, 11, 6], "texture": "#0"},
				"down": {"uv": [12, 7, 11, 8], "texture": "#0"}
			}
		},
		{
			"from": [7.25, 15.75, 14.25],
			"to": [8.75, 24.75, 15.75],
			"faces": {
				"north": {"uv": [9, 5, 10, 9.5], "texture": "#0"},
				"east": {"uv": [6, 9, 7, 13.5], "texture": "#0"},
				"south": {"uv": [7, 9, 8, 13.5], "texture": "#0"},
				"west": {"uv": [8, 9, 9, 13.5], "texture": "#0"},
				"up": {"uv": [12, 9, 11, 8], "texture": "#0"},
				"down": {"uv": [12, 10, 11, 11], "texture": "#0"}
			}
		},
		{
			"from": [6.15, 1, 13],
			"to": [7.15, 3, 16],
			"rotation": {"angle": 0, "axis": "y", "origin": [0, 2, 0]},
			"faces": {
				"north": {"uv": [11.5, 9, 12, 10], "texture": "#0"},
				"east": {"uv": [9, 9.5, 10.5, 10.5], "texture": "#0"},
				"south": {"uv": [10.5, 11.5, 11, 12.5], "texture": "#0"},
				"west": {"uv": [10, 0, 11.5, 1], "texture": "#0"},
				"up": {"uv": [12, 2.5, 11.5, 1], "texture": "#0"},
				"down": {"uv": [9.5, 11.5, 9, 13], "texture": "#0"}
			}
		},
		{
			"from": [8.85, 1, 13],
			"to": [9.85, 3, 16],
			"rotation": {"angle": 0, "axis": "y", "origin": [16, 2, 0]},
			"faces": {
				"north": {"uv": [12, 1, 12.5, 2], "texture": "#0"},
				"east": {"uv": [10, 1, 11.5, 2], "texture": "#0"},
				"south": {"uv": [12, 2, 12.5, 3], "texture": "#0"},
				"west": {"uv": [10, 2, 11.5, 3], "texture": "#0"},
				"up": {"uv": [10, 13, 9.5, 11.5], "texture": "#0"},
				"down": {"uv": [10.5, 11.5, 10, 13], "texture": "#0"}
			}
		},
		{
			"from": [7, 1.75, 13.25],
			"to": [9, 2.25, 13.75],
			"rotation": {"angle": 0, "axis": "y", "origin": [0, 2, 0]},
			"faces": {
				"north": {"uv": [12, 3, 13, 3.5], "texture": "#0"},
				"east": {"uv": [10, 9, 10.5, 9.5], "texture": "#0"},
				"south": {"uv": [12, 3.5, 13, 4], "texture": "#0"},
				"west": {"uv": [10.5, 10, 11, 10.5], "texture": "#0"},
				"up": {"uv": [13, 4.5, 12, 4], "texture": "#0"},
				"down": {"uv": [13, 4.5, 12, 5], "texture": "#0"}
			}
		}
	],
	"display": {
		"thirdperson_righthand": {
			"rotation": [0, 180, 0],
			"translation": [0, 3.75, 8.25],
			"scale": [0.8, 1, 1]
		},
		"thirdperson_lefthand": {
			"rotation": [0, 180, 0],
			"translation": [0, 3.75, 8.25],
			"scale": [0.8, 1, 1]
		},
		"firstperson_righthand": {
			"rotation": [0, 180, 0],
			"translation": [1, -2.25, 0]
		},
		"firstperson_lefthand": {
			"rotation": [0, 180, 0],
			"translation": [1, -2.25, 0]
		},
		"ground": {
			"translation": [0, 20.75, 0]
		},
		"gui": {
			"translation": [0, -2, 0],
			"scale": [0.4, 0.41, 0.4]
		},
		"fixed": {
			"translation": [0, -4.5, -14],
			"scale": [2, 2, 2]
		}
	},
	"groups": [
		{
			"name": "group",
			"origin": [0, 0, 0],
			"color": 0,
			"children": [0, 1, 2, 3]
		},
		{
			"name": "group",
			"origin": [0, 0, 0],
			"color": 0,
			"children": [4, 5, 6, 7]
		},
		{
			"name": "group",
			"origin": [0, 2, 0],
			"color": 0,
			"children": [8, 9, 10]
		}
	]
}