{
	"credit": "Made with Blockbench",
	"texture_size": [128, 128],
	"textures": {
		"0": "block/pole_cart",
		"particle": "block/pole_cart"
	},
	"elements": [
		{
			"name": "hexadecagon",
			"from": [0.75, 2.40326, -4],
			"to": [3.25, 3.59674, -2],
			"rotation": {"angle": -45, "axis": "x", "origin": [2, 3, -1]},
			"faces": {
				"north": {"uv": [0.375, 6.625, 0.75, 6.75], "texture": "#0"},
				"east": {"uv": [4.25, 3.625, 4.5, 3.75], "texture": "#0"},
				"south": {"uv": [3.75, 7.375, 4.125, 7.5], "texture": "#0"},
				"west": {"uv": [1.25, 5.625, 1.5, 5.75], "texture": "#0"},
				"up": {"uv": [5.75, 1.625, 5.375, 1.375], "texture": "#0"},
				"down": {"uv": [5.75, 1.625, 5.375, 1.875], "texture": "#0"}
			}
		},
		{
			"name": "hexadecagon",
			"from": [0.75, 2.40326, -4],
			"to": [3.25, 3.59674, -2],
			"rotation": {"angle": -22.5, "axis": "x", "origin": [2, 3, -1]},
			"faces": {
				"north": {"uv": [4.125, 7.375, 4.5, 7.5], "texture": "#0"},
				"east": {"uv": [5.875, 3.5, 6.125, 3.625], "texture": "#0"},
				"south": {"uv": [4.5, 7.375, 4.875, 7.5], "texture": "#0"},
				"west": {"uv": [1, 6.125, 1.25, 6.25], "texture": "#0"},
				"up": {"uv": [5.75, 2.125, 5.375, 1.875], "texture": "#0"},
				"down": {"uv": [5.75, 2.125, 5.375, 2.375], "texture": "#0"}
			}
		},
		{
			"name": "hexadecagon",
			"from": [0.75, 2.40326, -4],
			"to": [3.25, 3.59674, -2],
			"rotation": {"angle": 0, "axis": "y", "origin": [2, 3, -1]},
			"faces": {
				"north": {"uv": [4.875, 7.375, 5.25, 7.5], "texture": "#0"},
				"east": {"uv": [4.25, 6.125, 4.5, 6.25], "texture": "#0"},
				"south": {"uv": [5.25, 7.375, 5.625, 7.5], "texture": "#0"},
				"west": {"uv": [6.125, 5.5, 6.375, 5.625], "texture": "#0"},
				"up": {"uv": [5.75, 2.625, 5.375, 2.375], "texture": "#0"},
				"down": {"uv": [5.75, 2.625, 5.375, 2.875], "texture": "#0"}
			}
		},
		{
			"name": "hexadecagon",
			"from": [0.75, 2.40326, -4],
			"to": [3.25, 3.59674, -2],
			"rotation": {"angle": 22.5, "axis": "x", "origin": [2, 3, -1]},
			"faces": {
				"north": {"uv": [7.375, 6.375, 7.75, 6.5], "texture": "#0"},
				"east": {"uv": [0, 6.25, 0.25, 6.375], "texture": "#0"},
				"south": {"uv": [7.375, 6.5, 7.75, 6.625], "texture": "#0"},
				"west": {"uv": [6.25, 3.375, 6.5, 3.5], "texture": "#0"},
				"up": {"uv": [5.75, 3.875, 5.375, 3.625], "texture": "#0"},
				"down": {"uv": [5.75, 3.875, 5.375, 4.125], "texture": "#0"}
			}
		},
		{
			"name": "hexadecagon",
			"from": [0.75, 2.40326, -4],
			"to": [3.25, 3.59674, -2],
			"rotation": {"angle": 45, "axis": "x", "origin": [2, 3, -1]},
			"faces": {
				"north": {"uv": [7.375, 6.625, 7.75, 6.75], "texture": "#0"},
				"east": {"uv": [0.75, 6.375, 1, 6.5], "texture": "#0"},
				"south": {"uv": [7.375, 6.75, 7.75, 6.875], "texture": "#0"},
				"west": {"uv": [4.875, 6.5, 5.125, 6.625], "texture": "#0"},
				"up": {"uv": [5.75, 4.375, 5.375, 4.125], "texture": "#0"},
				"down": {"uv": [5.75, 4.375, 5.375, 4.625], "texture": "#0"}
			}
		},
		{
			"name": "hexadecagon",
			"from": [0.75, 2.40326, 0],
			"to": [3.25, 3.59674, 2],
			"rotation": {"angle": -45, "axis": "x", "origin": [2, 3, -1]},
			"faces": {
				"north": {"uv": [7.375, 6.875, 7.75, 7], "texture": "#0"},
				"east": {"uv": [7.125, 7.875, 7.375, 8], "texture": "#0"},
				"south": {"uv": [7.375, 7, 7.75, 7.125], "texture": "#0"},
				"west": {"uv": [7.375, 7.875, 7.625, 8], "texture": "#0"},
				"up": {"uv": [5.75, 4.875, 5.375, 4.625], "texture": "#0"},
				"down": {"uv": [5.75, 4.875, 5.375, 5.125], "texture": "#0"}
			}
		},
		{
			"name": "hexadecagon",
			"from": [0.75, 2.40326, 0],
			"to": [3.25, 3.59674, 2],
			"rotation": {"angle": -22.5, "axis": "x", "origin": [2, 3, -1]},
			"faces": {
				"north": {"uv": [7.375, 7.125, 7.75, 7.25], "texture": "#0"},
				"east": {"uv": [7.625, 7.875, 7.875, 8], "texture": "#0"},
				"south": {"uv": [7.375, 7.25, 7.75, 7.375], "texture": "#0"},
				"west": {"uv": [7.875, 7.875, 8.125, 8], "texture": "#0"},
				"up": {"uv": [5.75, 5.375, 5.375, 5.125], "texture": "#0"},
				"down": {"uv": [5.75, 5.375, 5.375, 5.625], "texture": "#0"}
			}
		},
		{
			"name": "hexadecagon",
			"from": [0.75, 2.40326, 0],
			"to": [3.25, 3.59674, 2],
			"rotation": {"angle": 0, "axis": "y", "origin": [2, 3, -1]},
			"faces": {
				"north": {"uv": [7.375, 7.375, 7.75, 7.5], "texture": "#0"},
				"east": {"uv": [0, 8, 0.25, 8.125], "texture": "#0"},
				"south": {"uv": [7.5, 1, 7.875, 1.125], "texture": "#0"},
				"west": {"uv": [8, 0, 8.25, 0.125], "texture": "#0"},
				"up": {"uv": [5.875, 3.625, 5.5, 3.375], "texture": "#0"},
				"down": {"uv": [4.875, 5.5, 4.5, 5.75], "texture": "#0"}
			}
		},
		{
			"name": "hexadecagon",
			"from": [0.75, 2.40326, 0],
			"to": [3.25, 3.59674, 2],
			"rotation": {"angle": 22.5, "axis": "x", "origin": [2, 3, -1]},
			"faces": {
				"north": {"uv": [7.5, 1.125, 7.875, 1.25], "texture": "#0"},
				"east": {"uv": [8, 0.125, 8.25, 0.25], "texture": "#0"},
				"south": {"uv": [7.5, 2.875, 7.875, 3], "texture": "#0"},
				"west": {"uv": [8, 0.25, 8.25, 0.375], "texture": "#0"},
				"up": {"uv": [5.25, 5.75, 4.875, 5.5], "texture": "#0"},
				"down": {"uv": [5.625, 5.625, 5.25, 5.875], "texture": "#0"}
			}
		},
		{
			"name": "hexadecagon",
			"from": [0.75, 2.40326, 0],
			"to": [3.25, 3.59674, 2],
			"rotation": {"angle": 45, "axis": "x", "origin": [2, 3, -1]},
			"faces": {
				"north": {"uv": [7.5, 3, 7.875, 3.125], "texture": "#0"},
				"east": {"uv": [8, 0.375, 8.25, 0.5], "texture": "#0"},
				"south": {"uv": [7.5, 3.125, 7.875, 3.25], "texture": "#0"},
				"west": {"uv": [8, 0.5, 8.25, 0.625], "texture": "#0"},
				"up": {"uv": [6, 5.875, 5.625, 5.625], "texture": "#0"},
				"down": {"uv": [1.625, 5.75, 1.25, 6], "texture": "#0"}
			}
		},
		{
			"name": "hexadecagon",
			"from": [0.75, 0, -1.59674],
			"to": [3.25, 2, -0.40326],
			"rotation": {"angle": -22.5, "axis": "x", "origin": [2, 3, -1]},
			"faces": {
				"north": {"uv": [5.75, 1.375, 6.125, 1.625], "texture": "#0"},
				"east": {"uv": [0.25, 8, 0.375, 8.25], "texture": "#0"},
				"south": {"uv": [5.75, 1.625, 6.125, 1.875], "texture": "#0"},
				"west": {"uv": [0.625, 8, 0.75, 8.25], "texture": "#0"},
				"up": {"uv": [7.875, 3.375, 7.5, 3.25], "texture": "#0"},
				"down": {"uv": [4.125, 7.5, 3.75, 7.625], "texture": "#0"}
			}
		},
		{
			"name": "hexadecagon",
			"from": [0.75, 0, -1.59674],
			"to": [3.25, 2, -0.40326],
			"rotation": {"angle": 0, "axis": "y", "origin": [2, 3, -1]},
			"faces": {
				"north": {"uv": [5.75, 1.875, 6.125, 2.125], "texture": "#0"},
				"east": {"uv": [8, 0.625, 8.125, 0.875], "texture": "#0"},
				"south": {"uv": [2, 5.75, 2.375, 6], "texture": "#0"},
				"west": {"uv": [0.75, 8, 0.875, 8.25], "texture": "#0"},
				"up": {"uv": [4.5, 7.625, 4.125, 7.5], "texture": "#0"},
				"down": {"uv": [7.875, 4.375, 7.5, 4.5], "texture": "#0"}
			}
		},
		{
			"name": "hexadecagon",
			"from": [0.75, 0, -1.59674],
			"to": [3.25, 2, -0.40326],
			"rotation": {"angle": 22.5, "axis": "x", "origin": [2, 3, -1]},
			"faces": {
				"north": {"uv": [5.75, 2.125, 6.125, 2.375], "texture": "#0"},
				"east": {"uv": [0.875, 8, 1, 8.25], "texture": "#0"},
				"south": {"uv": [2.375, 5.75, 2.75, 6], "texture": "#0"},
				"west": {"uv": [1, 8, 1.125, 8.25], "texture": "#0"},
				"up": {"uv": [4.875, 7.625, 4.5, 7.5], "texture": "#0"},
				"down": {"uv": [7.875, 4.5, 7.5, 4.625], "texture": "#0"}
			}
		},
		{
			"name": "hexadecagon",
			"from": [0.75, 4, -1.59674],
			"to": [3.25, 6, -0.40326],
			"rotation": {"angle": -22.5, "axis": "x", "origin": [2, 3, -1]},
			"faces": {
				"north": {"uv": [5.75, 2.375, 6.125, 2.625], "texture": "#0"},
				"east": {"uv": [1.125, 8, 1.25, 8.25], "texture": "#0"},
				"south": {"uv": [5.75, 2.625, 6.125, 2.875], "texture": "#0"},
				"west": {"uv": [1.25, 8, 1.375, 8.25], "texture": "#0"},
				"up": {"uv": [7.875, 4.75, 7.5, 4.625], "texture": "#0"},
				"down": {"uv": [7.875, 4.75, 7.5, 4.875], "texture": "#0"}
			}
		},
		{
			"name": "hexadecagon",
			"from": [0.75, 4, -1.59674],
			"to": [3.25, 6, -0.40326],
			"rotation": {"angle": 0, "axis": "y", "origin": [2, 3, -1]},
			"faces": {
				"north": {"uv": [2.75, 5.75, 3.125, 6], "texture": "#0"},
				"east": {"uv": [8, 1.25, 8.125, 1.5], "texture": "#0"},
				"south": {"uv": [3.125, 5.75, 3.5, 6], "texture": "#0"},
				"west": {"uv": [1.375, 8, 1.5, 8.25], "texture": "#0"},
				"up": {"uv": [5.25, 7.625, 4.875, 7.5], "texture": "#0"},
				"down": {"uv": [7.875, 4.875, 7.5, 5], "texture": "#0"}
			}
		},
		{
			"name": "hexadecagon",
			"from": [0.75, 4, -1.59674],
			"to": [3.25, 6, -0.40326],
			"rotation": {"angle": 22.5, "axis": "x", "origin": [2, 3, -1]},
			"faces": {
				"north": {"uv": [3.5, 5.75, 3.875, 6], "texture": "#0"},
				"east": {"uv": [1.5, 8, 1.625, 8.25], "texture": "#0"},
				"south": {"uv": [5.75, 3.625, 6.125, 3.875], "texture": "#0"},
				"west": {"uv": [8, 1.5, 8.125, 1.75], "texture": "#0"},
				"up": {"uv": [7.875, 5.125, 7.5, 5], "texture": "#0"},
				"down": {"uv": [7.875, 5.125, 7.5, 5.25], "texture": "#0"}
			}
		},
		{
			"name": "hexadecagon",
			"from": [1, 2.50272, -3.5],
			"to": [3.25, 3.49728, 1.5],
			"rotation": {"angle": -45, "axis": "x", "origin": [2, 3, -1]},
			"faces": {
				"north": {"uv": [8, 0.875, 8.25, 1], "texture": "#0"},
				"east": {"uv": [6.875, 4.375, 7.5, 4.5], "texture": "#0"},
				"south": {"uv": [1.625, 8, 1.875, 8.125], "texture": "#0"},
				"west": {"uv": [4.5, 6.875, 5.125, 7], "texture": "#0"},
				"up": {"uv": [2.25, 4.5, 2, 3.875], "texture": "#0"},
				"down": {"uv": [2.5, 3.875, 2.25, 4.5], "texture": "#0"}
			}
		},
		{
			"name": "hexadecagon",
			"from": [1, 2.50272, -3.5],
			"to": [3.25, 3.49728, 1.5],
			"rotation": {"angle": -22.5, "axis": "x", "origin": [2, 3, -1]},
			"faces": {
				"north": {"uv": [8, 1.75, 8.25, 1.875], "texture": "#0"},
				"east": {"uv": [6.875, 4.5, 7.5, 4.625], "texture": "#0"},
				"south": {"uv": [1.875, 8, 2.125, 8.125], "texture": "#0"},
				"west": {"uv": [6.875, 4.625, 7.5, 4.75], "texture": "#0"},
				"up": {"uv": [2.75, 4.5, 2.5, 3.875], "texture": "#0"},
				"down": {"uv": [3, 3.875, 2.75, 4.5], "texture": "#0"}
			}
		},
		{
			"name": "hexadecagon",
			"from": [1, 2.50272, -3.5],
			"to": [3.25, 3.49728, 1.5],
			"rotation": {"angle": 0, "axis": "y", "origin": [2, 3, -1]},
			"faces": {
				"north": {"uv": [8, 1.875, 8.25, 2], "texture": "#0"},
				"east": {"uv": [6.875, 4.75, 7.5, 4.875], "texture": "#0"},
				"south": {"uv": [8, 2, 8.25, 2.125], "texture": "#0"},
				"west": {"uv": [6.875, 4.875, 7.5, 5], "texture": "#0"},
				"up": {"uv": [3.25, 4.5, 3, 3.875], "texture": "#0"},
				"down": {"uv": [3.5, 3.875, 3.25, 4.5], "texture": "#0"}
			}
		},
		{
			"name": "hexadecagon",
			"from": [1, 2.50272, -3.5],
			"to": [3.25, 3.49728, 1.5],
			"rotation": {"angle": 22.5, "axis": "x", "origin": [2, 3, -1]},
			"faces": {
				"north": {"uv": [2.125, 8, 2.375, 8.125], "texture": "#0"},
				"east": {"uv": [6.875, 5, 7.5, 5.125], "texture": "#0"},
				"south": {"uv": [8, 2.125, 8.25, 2.25], "texture": "#0"},
				"west": {"uv": [5.125, 6.875, 5.75, 7], "texture": "#0"},
				"up": {"uv": [3.75, 4.5, 3.5, 3.875], "texture": "#0"},
				"down": {"uv": [4, 3.875, 3.75, 4.5], "texture": "#0"}
			}
		},
		{
			"name": "hexadecagon",
			"from": [1, 2.50272, -3.5],
			"to": [3.25, 3.49728, 1.5],
			"rotation": {"angle": 45, "axis": "x", "origin": [2, 3, -1]},
			"faces": {
				"north": {"uv": [8, 2.25, 8.25, 2.375], "texture": "#0"},
				"east": {"uv": [6.875, 5.125, 7.5, 5.25], "texture": "#0"},
				"south": {"uv": [2.375, 8, 2.625, 8.125], "texture": "#0"},
				"west": {"uv": [6.875, 5.25, 7.5, 5.375], "texture": "#0"},
				"up": {"uv": [4.25, 0.625, 4, 0], "texture": "#0"},
				"down": {"uv": [4.25, 0.625, 4, 1.25], "texture": "#0"}
			}
		},
		{
			"name": "hexadecagon",
			"from": [1, 0.5, -1.49728],
			"to": [3.25, 5.5, -0.50272],
			"rotation": {"angle": -22.5, "axis": "x", "origin": [2, 3, -1]},
			"faces": {
				"north": {"uv": [4, 1.25, 4.25, 1.875], "texture": "#0"},
				"east": {"uv": [5.75, 6.875, 5.875, 7.5], "texture": "#0"},
				"south": {"uv": [4, 1.875, 4.25, 2.5], "texture": "#0"},
				"west": {"uv": [5.875, 6.875, 6, 7.5], "texture": "#0"},
				"up": {"uv": [8.25, 2.5, 8, 2.375], "texture": "#0"},
				"down": {"uv": [8.25, 2.5, 8, 2.625], "texture": "#0"}
			}
		},
		{
			"name": "hexadecagon",
			"from": [1, 0.5, -1.49728],
			"to": [3.25, 5.5, -0.50272],
			"rotation": {"angle": 0, "axis": "y", "origin": [2, 3, -1]},
			"faces": {
				"north": {"uv": [4, 2.5, 4.25, 3.125], "texture": "#0"},
				"east": {"uv": [6, 6.875, 6.125, 7.5], "texture": "#0"},
				"south": {"uv": [4, 3.875, 4.25, 4.5], "texture": "#0"},
				"west": {"uv": [6.125, 6.875, 6.25, 7.5], "texture": "#0"},
				"up": {"uv": [2.875, 8.125, 2.625, 8], "texture": "#0"},
				"down": {"uv": [8.25, 2.625, 8, 2.75], "texture": "#0"}
			}
		},
		{
			"name": "hexadecagon",
			"from": [1, 0.5, -1.49728],
			"to": [3.25, 5.5, -0.50272],
			"rotation": {"angle": 22.5, "axis": "x", "origin": [2, 3, -1]},
			"faces": {
				"north": {"uv": [4.25, 0, 4.5, 0.625], "texture": "#0"},
				"east": {"uv": [6.25, 6.875, 6.375, 7.5], "texture": "#0"},
				"south": {"uv": [4.25, 0.625, 4.5, 1.25], "texture": "#0"},
				"west": {"uv": [6.375, 6.875, 6.5, 7.5], "texture": "#0"},
				"up": {"uv": [3.125, 8.125, 2.875, 8], "texture": "#0"},
				"down": {"uv": [3.375, 8, 3.125, 8.125], "texture": "#0"}
			}
		},
		{
			"name": "hexadecagon",
			"from": [0.75, 2.40326, 14],
			"to": [3.25, 3.59674, 16],
			"rotation": {"angle": -45, "axis": "x", "origin": [2, 3, 17]},
			"faces": {
				"north": {"uv": [5.25, 7.5, 5.625, 7.625], "texture": "#0"},
				"east": {"uv": [3.375, 8, 3.625, 8.125], "texture": "#0"},
				"south": {"uv": [7.5, 5.25, 7.875, 5.375], "texture": "#0"},
				"west": {"uv": [8, 3.375, 8.25, 3.5], "texture": "#0"},
				"up": {"uv": [4.25, 6, 3.875, 5.75], "texture": "#0"},
				"down": {"uv": [6.125, 3.875, 5.75, 4.125], "texture": "#0"}
			}
		},
		{
			"name": "hexadecagon",
			"from": [0.75, 2.40326, 14],
			"to": [3.25, 3.59674, 16],
			"rotation": {"angle": -22.5, "axis": "x", "origin": [2, 3, 17]},
			"faces": {
				"north": {"uv": [7.5, 5.5, 7.875, 5.625], "texture": "#0"},
				"east": {"uv": [8, 3.5, 8.25, 3.625], "texture": "#0"},
				"south": {"uv": [7.5, 5.625, 7.875, 5.75], "texture": "#0"},
				"west": {"uv": [3.625, 8, 3.875, 8.125], "texture": "#0"},
				"up": {"uv": [6.125, 4.375, 5.75, 4.125], "texture": "#0"},
				"down": {"uv": [6.125, 4.375, 5.75, 4.625], "texture": "#0"}
			}
		},
		{
			"name": "hexadecagon",
			"from": [0.75, 2.40326, 14],
			"to": [3.25, 3.59674, 16],
			"rotation": {"angle": 0, "axis": "y", "origin": [2, 3, 17]},
			"faces": {
				"north": {"uv": [5.75, 7.5, 6.125, 7.625], "texture": "#0"},
				"east": {"uv": [8, 3.625, 8.25, 3.75], "texture": "#0"},
				"south": {"uv": [7.5, 5.75, 7.875, 5.875], "texture": "#0"},
				"west": {"uv": [8, 3.75, 8.25, 3.875], "texture": "#0"},
				"up": {"uv": [4.875, 6, 4.5, 5.75], "texture": "#0"},
				"down": {"uv": [6.125, 4.625, 5.75, 4.875], "texture": "#0"}
			}
		},
		{
			"name": "hexadecagon",
			"from": [0.75, 2.40326, 14],
			"to": [3.25, 3.59674, 16],
			"rotation": {"angle": 22.5, "axis": "x", "origin": [2, 3, 17]},
			"faces": {
				"north": {"uv": [7.5, 5.875, 7.875, 6], "texture": "#0"},
				"east": {"uv": [3.875, 8, 4.125, 8.125], "texture": "#0"},
				"south": {"uv": [7.5, 6, 7.875, 6.125], "texture": "#0"},
				"west": {"uv": [8, 3.875, 8.25, 4], "texture": "#0"},
				"up": {"uv": [5.25, 6, 4.875, 5.75], "texture": "#0"},
				"down": {"uv": [6.125, 4.875, 5.75, 5.125], "texture": "#0"}
			}
		},
		{
			"name": "hexadecagon",
			"from": [0.75, 2.40326, 14],
			"to": [3.25, 3.59674, 16],
			"rotation": {"angle": 45, "axis": "x", "origin": [2, 3, 17]},
			"faces": {
				"north": {"uv": [6.125, 7.5, 6.5, 7.625], "texture": "#0"},
				"east": {"uv": [8, 4, 8.25, 4.125], "texture": "#0"},
				"south": {"uv": [7.5, 6.125, 7.875, 6.25], "texture": "#0"},
				"west": {"uv": [4.125, 8, 4.375, 8.125], "texture": "#0"},
				"up": {"uv": [6.125, 5.375, 5.75, 5.125], "texture": "#0"},
				"down": {"uv": [6.125, 5.375, 5.75, 5.625], "texture": "#0"}
			}
		},
		{
			"name": "hexadecagon",
			"from": [0.75, 2.40326, 18],
			"to": [3.25, 3.59674, 20],
			"rotation": {"angle": -45, "axis": "x", "origin": [2, 3, 17]},
			"faces": {
				"north": {"uv": [7.375, 7.5, 7.75, 7.625], "texture": "#0"},
				"east": {"uv": [8, 4.125, 8.25, 4.25], "texture": "#0"},
				"south": {"uv": [7.625, 0, 8, 0.125], "texture": "#0"},
				"west": {"uv": [8, 4.25, 8.25, 4.375], "texture": "#0"},
				"up": {"uv": [6.25, 3.5, 5.875, 3.25], "texture": "#0"},
				"down": {"uv": [5.625, 5.875, 5.25, 6.125], "texture": "#0"}
			}
		},
		{
			"name": "hexadecagon",
			"from": [0.75, 2.40326, 18],
			"to": [3.25, 3.59674, 20],
			"rotation": {"angle": -22.5, "axis": "x", "origin": [2, 3, 17]},
			"faces": {
				"north": {"uv": [7.625, 0.125, 8, 0.25], "texture": "#0"},
				"east": {"uv": [4.375, 8, 4.625, 8.125], "texture": "#0"},
				"south": {"uv": [7.625, 0.25, 8, 0.375], "texture": "#0"},
				"west": {"uv": [4.625, 8, 4.875, 8.125], "texture": "#0"},
				"up": {"uv": [6, 6.125, 5.625, 5.875], "texture": "#0"},
				"down": {"uv": [1.625, 6, 1.25, 6.25], "texture": "#0"}
			}
		},
		{
			"name": "hexadecagon",
			"from": [0.75, 2.40326, 18],
			"to": [3.25, 3.59674, 20],
			"rotation": {"angle": 0, "axis": "y", "origin": [2, 3, 17]},
			"faces": {
				"north": {"uv": [7.625, 0.375, 8, 0.5], "texture": "#0"},
				"east": {"uv": [4.875, 8, 5.125, 8.125], "texture": "#0"},
				"south": {"uv": [7.625, 0.5, 8, 0.625], "texture": "#0"},
				"west": {"uv": [5.125, 8, 5.375, 8.125], "texture": "#0"},
				"up": {"uv": [2.375, 6.25, 2, 6], "texture": "#0"},
				"down": {"uv": [2.75, 6, 2.375, 6.25], "texture": "#0"}
			}
		},
		{
			"name": "hexadecagon",
			"from": [0.75, 2.40326, 18],
			"to": [3.25, 3.59674, 20],
			"rotation": {"angle": 22.5, "axis": "x", "origin": [2, 3, 17]},
			"faces": {
				"north": {"uv": [7.625, 0.625, 8, 0.75], "texture": "#0"},
				"east": {"uv": [5.375, 8, 5.625, 8.125], "texture": "#0"},
				"south": {"uv": [7.625, 0.75, 8, 0.875], "texture": "#0"},
				"west": {"uv": [8, 5.5, 8.25, 5.625], "texture": "#0"},
				"up": {"uv": [3.125, 6.25, 2.75, 6], "texture": "#0"},
				"down": {"uv": [3.5, 6, 3.125, 6.25], "texture": "#0"}
			}
		},
		{
			"name": "hexadecagon",
			"from": [0.75, 2.40326, 18],
			"to": [3.25, 3.59674, 20],
			"rotation": {"angle": 45, "axis": "x", "origin": [2, 3, 17]},
			"faces": {
				"north": {"uv": [7.625, 0.875, 8, 1], "texture": "#0"},
				"east": {"uv": [8, 5.625, 8.25, 5.75], "texture": "#0"},
				"south": {"uv": [7.625, 1.25, 8, 1.375], "texture": "#0"},
				"west": {"uv": [8, 5.75, 8.25, 5.875], "texture": "#0"},
				"up": {"uv": [3.875, 6.25, 3.5, 6], "texture": "#0"},
				"down": {"uv": [4.25, 6, 3.875, 6.25], "texture": "#0"}
			}
		},
		{
			"name": "hexadecagon",
			"from": [0.75, 0, 16.40326],
			"to": [3.25, 2, 17.59674],
			"rotation": {"angle": -22.5, "axis": "x", "origin": [2, 3, 17]},
			"faces": {
				"north": {"uv": [4.5, 6, 4.875, 6.25], "texture": "#0"},
				"east": {"uv": [8, 5.875, 8.125, 6.125], "texture": "#0"},
				"south": {"uv": [4.875, 6, 5.25, 6.25], "texture": "#0"},
				"west": {"uv": [6.125, 8, 6.25, 8.25], "texture": "#0"},
				"up": {"uv": [8, 1.5, 7.625, 1.375], "texture": "#0"},
				"down": {"uv": [8, 1.5, 7.625, 1.625], "texture": "#0"}
			}
		},
		{
			"name": "hexadecagon",
			"from": [0.75, 0, 16.40326],
			"to": [3.25, 2, 17.59674],
			"rotation": {"angle": 0, "axis": "y", "origin": [2, 3, 17]},
			"faces": {
				"north": {"uv": [6, 5.625, 6.375, 5.875], "texture": "#0"},
				"east": {"uv": [6.25, 8, 6.375, 8.25], "texture": "#0"},
				"south": {"uv": [6, 5.875, 6.375, 6.125], "texture": "#0"},
				"west": {"uv": [6.375, 8, 6.5, 8.25], "texture": "#0"},
				"up": {"uv": [8, 1.75, 7.625, 1.625], "texture": "#0"},
				"down": {"uv": [8, 1.75, 7.625, 1.875], "texture": "#0"}
			}
		},
		{
			"name": "hexadecagon",
			"from": [0.75, 0, 16.40326],
			"to": [3.25, 2, 17.59674],
			"rotation": {"angle": 22.5, "axis": "x", "origin": [2, 3, 17]},
			"faces": {
				"north": {"uv": [0.25, 6.125, 0.625, 6.375], "texture": "#0"},
				"east": {"uv": [6.5, 8, 6.625, 8.25], "texture": "#0"},
				"south": {"uv": [0.625, 6.125, 1, 6.375], "texture": "#0"},
				"west": {"uv": [6.625, 8, 6.75, 8.25], "texture": "#0"},
				"up": {"uv": [8, 2, 7.625, 1.875], "texture": "#0"},
				"down": {"uv": [8, 2, 7.625, 2.125], "texture": "#0"}
			}
		},
		{
			"name": "hexadecagon",
			"from": [0.75, 4, 16.40326],
			"to": [3.25, 6, 17.59674],
			"rotation": {"angle": -22.5, "axis": "x", "origin": [2, 3, 17]},
			"faces": {
				"north": {"uv": [6.125, 1.375, 6.5, 1.625], "texture": "#0"},
				"east": {"uv": [6.75, 8, 6.875, 8.25], "texture": "#0"},
				"south": {"uv": [6.125, 1.625, 6.5, 1.875], "texture": "#0"},
				"west": {"uv": [7.125, 8, 7.25, 8.25], "texture": "#0"},
				"up": {"uv": [8, 2.25, 7.625, 2.125], "texture": "#0"},
				"down": {"uv": [8, 2.25, 7.625, 2.375], "texture": "#0"}
			}
		},
		{
			"name": "hexadecagon",
			"from": [0.75, 4, 16.40326],
			"to": [3.25, 6, 17.59674],
			"rotation": {"angle": 0, "axis": "y", "origin": [2, 3, 17]},
			"faces": {
				"north": {"uv": [6.125, 1.875, 6.5, 2.125], "texture": "#0"},
				"east": {"uv": [7.25, 8, 7.375, 8.25], "texture": "#0"},
				"south": {"uv": [6.125, 2.125, 6.5, 2.375], "texture": "#0"},
				"west": {"uv": [7.375, 8, 7.5, 8.25], "texture": "#0"},
				"up": {"uv": [8, 2.5, 7.625, 2.375], "texture": "#0"},
				"down": {"uv": [8, 2.5, 7.625, 2.625], "texture": "#0"}
			}
		},
		{
			"name": "hexadecagon",
			"from": [0.75, 4, 16.40326],
			"to": [3.25, 6, 17.59674],
			"rotation": {"angle": 22.5, "axis": "x", "origin": [2, 3, 17]},
			"faces": {
				"north": {"uv": [6.125, 2.375, 6.5, 2.625], "texture": "#0"},
				"east": {"uv": [7.5, 8, 7.625, 8.25], "texture": "#0"},
				"south": {"uv": [6.125, 2.625, 6.5, 2.875], "texture": "#0"},
				"west": {"uv": [7.625, 8, 7.75, 8.25], "texture": "#0"},
				"up": {"uv": [8, 2.75, 7.625, 2.625], "texture": "#0"},
				"down": {"uv": [8, 3.375, 7.625, 3.5], "texture": "#0"}
			}
		},
		{
			"name": "hexadecagon",
			"from": [1, 2.50272, 14.5],
			"to": [3.25, 3.49728, 19.5],
			"rotation": {"angle": -45, "axis": "x", "origin": [2, 3, 17]},
			"faces": {
				"north": {"uv": [8, 6.125, 8.25, 6.25], "texture": "#0"},
				"east": {"uv": [6.5, 6.875, 7.125, 7], "texture": "#0"},
				"south": {"uv": [7.75, 8, 8, 8.125], "texture": "#0"},
				"west": {"uv": [0, 7, 0.625, 7.125], "texture": "#0"},
				"up": {"uv": [4.5, 1.875, 4.25, 1.25], "texture": "#0"},
				"down": {"uv": [4.5, 1.875, 4.25, 2.5], "texture": "#0"}
			}
		},
		{
			"name": "hexadecagon",
			"from": [1, 2.50272, 14.5],
			"to": [3.25, 3.49728, 19.5],
			"rotation": {"angle": -22.5, "axis": "x", "origin": [2, 3, 17]},
			"faces": {
				"north": {"uv": [8, 8, 8.25, 8.125], "texture": "#0"},
				"east": {"uv": [0.625, 7, 1.25, 7.125], "texture": "#0"},
				"south": {"uv": [0, 8.125, 0.25, 8.25], "texture": "#0"},
				"west": {"uv": [1.25, 7, 1.875, 7.125], "texture": "#0"},
				"up": {"uv": [4.5, 3.125, 4.25, 2.5], "texture": "#0"},
				"down": {"uv": [4.5, 3.875, 4.25, 4.5], "texture": "#0"}
			}
		},
		{
			"name": "hexadecagon",
			"from": [1, 2.50272, 14.5],
			"to": [3.25, 3.49728, 19.5],
			"rotation": {"angle": 0, "axis": "y", "origin": [2, 3, 17]},
			"faces": {
				"north": {"uv": [8.125, 0.625, 8.375, 0.75], "texture": "#0"},
				"east": {"uv": [1.875, 7, 2.5, 7.125], "texture": "#0"},
				"south": {"uv": [8.125, 0.75, 8.375, 0.875], "texture": "#0"},
				"west": {"uv": [2.5, 7, 3.125, 7.125], "texture": "#0"},
				"up": {"uv": [4.75, 0.625, 4.5, 0], "texture": "#0"},
				"down": {"uv": [4.75, 0.625, 4.5, 1.25], "texture": "#0"}
			}
		},
		{
			"name": "hexadecagon",
			"from": [1, 2.50272, 14.5],
			"to": [3.25, 3.49728, 19.5],
			"rotation": {"angle": 22.5, "axis": "x", "origin": [2, 3, 17]},
			"faces": {
				"north": {"uv": [8.125, 1.25, 8.375, 1.375], "texture": "#0"},
				"east": {"uv": [3.125, 7, 3.75, 7.125], "texture": "#0"},
				"south": {"uv": [8.125, 1.375, 8.375, 1.5], "texture": "#0"},
				"west": {"uv": [3.75, 7, 4.375, 7.125], "texture": "#0"},
				"up": {"uv": [4.75, 1.875, 4.5, 1.25], "texture": "#0"},
				"down": {"uv": [4.75, 1.875, 4.5, 2.5], "texture": "#0"}
			}
		},
		{
			"name": "hexadecagon",
			"from": [1, 2.50272, 14.5],
			"to": [3.25, 3.49728, 19.5],
			"rotation": {"angle": 45, "axis": "x", "origin": [2, 3, 17]},
			"faces": {
				"north": {"uv": [8.125, 1.5, 8.375, 1.625], "texture": "#0"},
				"east": {"uv": [4.375, 7, 5, 7.125], "texture": "#0"},
				"south": {"uv": [1.625, 8.125, 1.875, 8.25], "texture": "#0"},
				"west": {"uv": [5, 7, 5.625, 7.125], "texture": "#0"},
				"up": {"uv": [2.25, 5.125, 2, 4.5], "texture": "#0"},
				"down": {"uv": [2.5, 4.5, 2.25, 5.125], "texture": "#0"}
			}
		},
		{
			"name": "hexadecagon",
			"from": [1, 0.5, 16.50272],
			"to": [3.25, 5.5, 17.49728],
			"rotation": {"angle": -22.5, "axis": "x", "origin": [2, 3, 17]},
			"faces": {
				"north": {"uv": [2.5, 4.5, 2.75, 5.125], "texture": "#0"},
				"east": {"uv": [5.625, 7, 5.75, 7.625], "texture": "#0"},
				"south": {"uv": [4.5, 2.5, 4.75, 3.125], "texture": "#0"},
				"west": {"uv": [6.5, 7, 6.625, 7.625], "texture": "#0"},
				"up": {"uv": [8.375, 1.75, 8.125, 1.625], "texture": "#0"},
				"down": {"uv": [2.125, 8.125, 1.875, 8.25], "texture": "#0"}
			}
		},
		{
			"name": "hexadecagon",
			"from": [1, 0.5, 16.50272],
			"to": [3.25, 5.5, 17.49728],
			"rotation": {"angle": 0, "axis": "y", "origin": [2, 3, 17]},
			"faces": {
				"north": {"uv": [2.75, 4.5, 3, 5.125], "texture": "#0"},
				"east": {"uv": [6.625, 7, 6.75, 7.625], "texture": "#0"},
				"south": {"uv": [3, 4.5, 3.25, 5.125], "texture": "#0"},
				"west": {"uv": [6.75, 7, 6.875, 7.625], "texture": "#0"},
				"up": {"uv": [2.375, 8.25, 2.125, 8.125], "texture": "#0"},
				"down": {"uv": [2.625, 8.125, 2.375, 8.25], "texture": "#0"}
			}
		},
		{
			"name": "hexadecagon",
			"from": [1, 0.5, 16.50272],
			"to": [3.25, 5.5, 17.49728],
			"rotation": {"angle": 22.5, "axis": "x", "origin": [2, 3, 17]},
			"faces": {
				"north": {"uv": [3.25, 4.5, 3.5, 5.125], "texture": "#0"},
				"east": {"uv": [6.875, 7, 7, 7.625], "texture": "#0"},
				"south": {"uv": [3.5, 4.5, 3.75, 5.125], "texture": "#0"},
				"west": {"uv": [7, 7, 7.125, 7.625], "texture": "#0"},
				"up": {"uv": [2.875, 8.25, 2.625, 8.125], "texture": "#0"},
				"down": {"uv": [3.125, 8.125, 2.875, 8.25], "texture": "#0"}
			}
		},
		{
			"name": "hexadecagon",
			"from": [12.75, 2.40326, -4],
			"to": [15.25, 3.59674, -2],
			"rotation": {"angle": -45, "axis": "x", "origin": [14, 3, -1]},
			"faces": {
				"north": {"uv": [7.625, 3.5, 8, 3.625], "texture": "#0"},
				"east": {"uv": [3.125, 8.125, 3.375, 8.25], "texture": "#0"},
				"south": {"uv": [7.625, 3.625, 8, 3.75], "texture": "#0"},
				"west": {"uv": [3.375, 8.125, 3.625, 8.25], "texture": "#0"},
				"up": {"uv": [6.5, 3.75, 6.125, 3.5], "texture": "#0"},
				"down": {"uv": [6.5, 3.75, 6.125, 4], "texture": "#0"}
			}
		},
		{
			"name": "hexadecagon",
			"from": [12.75, 2.40326, -4],
			"to": [15.25, 3.59674, -2],
			"rotation": {"angle": -22.5, "axis": "x", "origin": [14, 3, -1]},
			"faces": {
				"north": {"uv": [3.75, 7.625, 4.125, 7.75], "texture": "#0"},
				"east": {"uv": [3.625, 8.125, 3.875, 8.25], "texture": "#0"},
				"south": {"uv": [7.625, 3.75, 8, 3.875], "texture": "#0"},
				"west": {"uv": [3.875, 8.125, 4.125, 8.25], "texture": "#0"},
				"up": {"uv": [6.5, 4.25, 6.125, 4], "texture": "#0"},
				"down": {"uv": [6.5, 4.25, 6.125, 4.5], "texture": "#0"}
			}
		},
		{
			"name": "hexadecagon",
			"from": [12.75, 2.40326, -4],
			"to": [15.25, 3.59674, -2],
			"rotation": {"angle": 0, "axis": "y", "origin": [14, 3, -1]},
			"faces": {
				"north": {"uv": [7.625, 3.875, 8, 4], "texture": "#0"},
				"east": {"uv": [4.125, 8.125, 4.375, 8.25], "texture": "#0"},
				"south": {"uv": [7.625, 4, 8, 4.125], "texture": "#0"},
				"west": {"uv": [4.375, 8.125, 4.625, 8.25], "texture": "#0"},
				"up": {"uv": [6.5, 4.75, 6.125, 4.5], "texture": "#0"},
				"down": {"uv": [6.5, 4.75, 6.125, 5], "texture": "#0"}
			}
		},
		{
			"name": "hexadecagon",
			"from": [12.75, 2.40326, -4],
			"to": [15.25, 3.59674, -2],
			"rotation": {"angle": 22.5, "axis": "x", "origin": [14, 3, -1]},
			"faces": {
				"north": {"uv": [4.125, 7.625, 4.5, 7.75], "texture": "#0"},
				"east": {"uv": [4.625, 8.125, 4.875, 8.25], "texture": "#0"},
				"south": {"uv": [7.625, 4.125, 8, 4.25], "texture": "#0"},
				"west": {"uv": [4.875, 8.125, 5.125, 8.25], "texture": "#0"},
				"up": {"uv": [6.5, 5.25, 6.125, 5], "texture": "#0"},
				"down": {"uv": [5.625, 6.125, 5.25, 6.375], "texture": "#0"}
			}
		},
		{
			"name": "hexadecagon",
			"from": [12.75, 2.40326, -4],
			"to": [15.25, 3.59674, -2],
			"rotation": {"angle": 45, "axis": "x", "origin": [14, 3, -1]},
			"faces": {
				"north": {"uv": [7.625, 4.25, 8, 4.375], "texture": "#0"},
				"east": {"uv": [5.125, 8.125, 5.375, 8.25], "texture": "#0"},
				"south": {"uv": [4.5, 7.625, 4.875, 7.75], "texture": "#0"},
				"west": {"uv": [5.375, 8.125, 5.625, 8.25], "texture": "#0"},
				"up": {"uv": [6.5, 5.5, 6.125, 5.25], "texture": "#0"},
				"down": {"uv": [6, 6.125, 5.625, 6.375], "texture": "#0"}
			}
		},
		{
			"name": "hexadecagon",
			"from": [12.75, 2.40326, 0],
			"to": [15.25, 3.59674, 2],
			"rotation": {"angle": -45, "axis": "x", "origin": [14, 3, -1]},
			"faces": {
				"north": {"uv": [4.875, 7.625, 5.25, 7.75], "texture": "#0"},
				"east": {"uv": [8.125, 5.875, 8.375, 6], "texture": "#0"},
				"south": {"uv": [5.25, 7.625, 5.625, 7.75], "texture": "#0"},
				"west": {"uv": [8.125, 6, 8.375, 6.125], "texture": "#0"},
				"up": {"uv": [6.375, 6.375, 6, 6.125], "texture": "#0"},
				"down": {"uv": [1.375, 6.25, 1, 6.5], "texture": "#0"}
			}
		},
		{
			"name": "hexadecagon",
			"from": [12.75, 2.40326, 0],
			"to": [15.25, 3.59674, 2],
			"rotation": {"angle": -22.5, "axis": "x", "origin": [14, 3, -1]},
			"faces": {
				"north": {"uv": [5.625, 7.625, 6, 7.75], "texture": "#0"},
				"east": {"uv": [8.125, 6.25, 8.375, 6.375], "texture": "#0"},
				"south": {"uv": [6, 7.625, 6.375, 7.75], "texture": "#0"},
				"west": {"uv": [8.125, 6.375, 8.375, 6.5], "texture": "#0"},
				"up": {"uv": [1.75, 6.5, 1.375, 6.25], "texture": "#0"},
				"down": {"uv": [2.125, 6.25, 1.75, 6.5], "texture": "#0"}
			}
		},
		{
			"name": "hexadecagon",
			"from": [12.75, 2.40326, 0],
			"to": [15.25, 3.59674, 2],
			"rotation": {"angle": 0, "axis": "y", "origin": [14, 3, -1]},
			"faces": {
				"north": {"uv": [6.375, 7.625, 6.75, 7.75], "texture": "#0"},
				"east": {"uv": [8.125, 6.5, 8.375, 6.625], "texture": "#0"},
				"south": {"uv": [6.75, 7.625, 7.125, 7.75], "texture": "#0"},
				"west": {"uv": [8.125, 6.625, 8.375, 6.75], "texture": "#0"},
				"up": {"uv": [2.5, 6.5, 2.125, 6.25], "texture": "#0"},
				"down": {"uv": [2.875, 6.25, 2.5, 6.5], "texture": "#0"}
			}
		},
		{
			"name": "hexadecagon",
			"from": [12.75, 2.40326, 0],
			"to": [15.25, 3.59674, 2],
			"rotation": {"angle": 22.5, "axis": "x", "origin": [14, 3, -1]},
			"faces": {
				"north": {"uv": [7.375, 7.625, 7.75, 7.75], "texture": "#0"},
				"east": {"uv": [8.125, 6.75, 8.375, 6.875], "texture": "#0"},
				"south": {"uv": [3.75, 7.75, 4.125, 7.875], "texture": "#0"},
				"west": {"uv": [8.125, 6.875, 8.375, 7], "texture": "#0"},
				"up": {"uv": [3.25, 6.5, 2.875, 6.25], "texture": "#0"},
				"down": {"uv": [6.625, 2.875, 6.25, 3.125], "texture": "#0"}
			}
		},
		{
			"name": "hexadecagon",
			"from": [12.75, 2.40326, 0],
			"to": [15.25, 3.59674, 2],
			"rotation": {"angle": 45, "axis": "x", "origin": [14, 3, -1]},
			"faces": {
				"north": {"uv": [4.125, 7.75, 4.5, 7.875], "texture": "#0"},
				"east": {"uv": [8.125, 7, 8.375, 7.125], "texture": "#0"},
				"south": {"uv": [4.5, 7.75, 4.875, 7.875], "texture": "#0"},
				"west": {"uv": [8.125, 7.125, 8.375, 7.25], "texture": "#0"},
				"up": {"uv": [6.625, 3.375, 6.25, 3.125], "texture": "#0"},
				"down": {"uv": [3.625, 6.25, 3.25, 6.5], "texture": "#0"}
			}
		},
		{
			"name": "hexadecagon",
			"from": [12.75, 0, -1.59674],
			"to": [15.25, 2, -0.40326],
			"rotation": {"angle": -22.5, "axis": "x", "origin": [14, 3, -1]},
			"faces": {
				"north": {"uv": [3.625, 6.25, 4, 6.5], "texture": "#0"},
				"east": {"uv": [8.125, 7.25, 8.25, 7.5], "texture": "#0"},
				"south": {"uv": [4, 6.25, 4.375, 6.5], "texture": "#0"},
				"west": {"uv": [8.125, 7.5, 8.25, 7.75], "texture": "#0"},
				"up": {"uv": [5.25, 7.875, 4.875, 7.75], "texture": "#0"},
				"down": {"uv": [5.625, 7.75, 5.25, 7.875], "texture": "#0"}
			}
		},
		{
			"name": "hexadecagon",
			"from": [12.75, 0, -1.59674],
			"to": [15.25, 2, -0.40326],
			"rotation": {"angle": 0, "axis": "y", "origin": [14, 3, -1]},
			"faces": {
				"north": {"uv": [4.375, 6.25, 4.75, 6.5], "texture": "#0"},
				"east": {"uv": [7.75, 8.125, 7.875, 8.375], "texture": "#0"},
				"south": {"uv": [4.75, 6.25, 5.125, 6.5], "texture": "#0"},
				"west": {"uv": [8.125, 7.75, 8.25, 8], "texture": "#0"},
				"up": {"uv": [6, 7.875, 5.625, 7.75], "texture": "#0"},
				"down": {"uv": [6.375, 7.75, 6, 7.875], "texture": "#0"}
			}
		},
		{
			"name": "hexadecagon",
			"from": [12.75, 0, -1.59674],
			"to": [15.25, 2, -0.40326],
			"rotation": {"angle": 22.5, "axis": "x", "origin": [14, 3, -1]},
			"faces": {
				"north": {"uv": [0, 6.375, 0.375, 6.625], "texture": "#0"},
				"east": {"uv": [7.875, 8.125, 8, 8.375], "texture": "#0"},
				"south": {"uv": [0.375, 6.375, 0.75, 6.625], "texture": "#0"},
				"west": {"uv": [8, 8.125, 8.125, 8.375], "texture": "#0"},
				"up": {"uv": [8.125, 6.375, 7.75, 6.25], "texture": "#0"},
				"down": {"uv": [6.75, 7.75, 6.375, 7.875], "texture": "#0"}
			}
		},
		{
			"name": "hexadecagon",
			"from": [12.75, 4, -1.59674],
			"to": [15.25, 6, -0.40326],
			"rotation": {"angle": -22.5, "axis": "x", "origin": [14, 3, -1]},
			"faces": {
				"north": {"uv": [6.375, 1, 6.75, 1.25], "texture": "#0"},
				"east": {"uv": [8.125, 8.125, 8.25, 8.375], "texture": "#0"},
				"south": {"uv": [5.125, 6.375, 5.5, 6.625], "texture": "#0"},
				"west": {"uv": [0, 8.25, 0.125, 8.5], "texture": "#0"},
				"up": {"uv": [8.125, 6.5, 7.75, 6.375], "texture": "#0"},
				"down": {"uv": [8.125, 6.5, 7.75, 6.625], "texture": "#0"}
			}
		},
		{
			"name": "hexadecagon",
			"from": [12.75, 4, -1.59674],
			"to": [15.25, 6, -0.40326],
			"rotation": {"angle": 0, "axis": "y", "origin": [14, 3, -1]},
			"faces": {
				"north": {"uv": [5.5, 6.375, 5.875, 6.625], "texture": "#0"},
				"east": {"uv": [8.25, 0, 8.375, 0.25], "texture": "#0"},
				"south": {"uv": [6.375, 5.5, 6.75, 5.75], "texture": "#0"},
				"west": {"uv": [0.125, 8.25, 0.25, 8.5], "texture": "#0"},
				"up": {"uv": [8.125, 6.75, 7.75, 6.625], "texture": "#0"},
				"down": {"uv": [7.125, 7.75, 6.75, 7.875], "texture": "#0"}
			}
		},
		{
			"name": "hexadecagon",
			"from": [12.75, 4, -1.59674],
			"to": [15.25, 6, -0.40326],
			"rotation": {"angle": 22.5, "axis": "x", "origin": [14, 3, -1]},
			"faces": {
				"north": {"uv": [6.375, 5.75, 6.75, 6], "texture": "#0"},
				"east": {"uv": [0.25, 8.25, 0.375, 8.5], "texture": "#0"},
				"south": {"uv": [5.875, 6.375, 6.25, 6.625], "texture": "#0"},
				"west": {"uv": [8.25, 0.25, 8.375, 0.5], "texture": "#0"},
				"up": {"uv": [8.125, 6.875, 7.75, 6.75], "texture": "#0"},
				"down": {"uv": [8.125, 6.875, 7.75, 7], "texture": "#0"}
			}
		},
		{
			"name": "hexadecagon",
			"from": [12.75, 2.50272, -3.5],
			"to": [15, 3.49728, 1.5],
			"rotation": {"angle": -45, "axis": "x", "origin": [14, 3, -1]},
			"faces": {
				"north": {"uv": [0.375, 8.25, 0.625, 8.375], "texture": "#0"},
				"east": {"uv": [0, 7.125, 0.625, 7.25], "texture": "#0"},
				"south": {"uv": [8.25, 0.5, 8.5, 0.625], "texture": "#0"},
				"west": {"uv": [0.625, 7.125, 1.25, 7.25], "texture": "#0"},
				"up": {"uv": [4.75, 4.25, 4.5, 3.625], "texture": "#0"},
				"down": {"uv": [4, 4.5, 3.75, 5.125], "texture": "#0"}
			}
		},
		{
			"name": "hexadecagon",
			"from": [12.75, 2.50272, -3.5],
			"to": [15, 3.49728, 1.5],
			"rotation": {"angle": -22.5, "axis": "x", "origin": [14, 3, -1]},
			"faces": {
				"north": {"uv": [0.625, 8.25, 0.875, 8.375], "texture": "#0"},
				"east": {"uv": [1.25, 7.125, 1.875, 7.25], "texture": "#0"},
				"south": {"uv": [0.875, 8.25, 1.125, 8.375], "texture": "#0"},
				"west": {"uv": [1.875, 7.125, 2.5, 7.25], "texture": "#0"},
				"up": {"uv": [4.25, 5.125, 4, 4.5], "texture": "#0"},
				"down": {"uv": [4.5, 4.5, 4.25, 5.125], "texture": "#0"}
			}
		},
		{
			"name": "hexadecagon",
			"from": [12.75, 2.50272, -3.5],
			"to": [15, 3.49728, 1.5],
			"rotation": {"angle": 0, "axis": "y", "origin": [14, 3, -1]},
			"faces": {
				"north": {"uv": [8.25, 0.875, 8.5, 1], "texture": "#0"},
				"east": {"uv": [2.5, 7.125, 3.125, 7.25], "texture": "#0"},
				"south": {"uv": [8.25, 1, 8.5, 1.125], "texture": "#0"},
				"west": {"uv": [3.125, 7.125, 3.75, 7.25], "texture": "#0"},
				"up": {"uv": [4.75, 4.875, 4.5, 4.25], "texture": "#0"},
				"down": {"uv": [5, 0, 4.75, 0.625], "texture": "#0"}
			}
		},
		{
			"name": "hexadecagon",
			"from": [12.75, 2.50272, -3.5],
			"to": [15, 3.49728, 1.5],
			"rotation": {"angle": 22.5, "axis": "x", "origin": [14, 3, -1]},
			"faces": {
				"north": {"uv": [1.125, 8.25, 1.375, 8.375], "texture": "#0"},
				"east": {"uv": [3.75, 7.125, 4.375, 7.25], "texture": "#0"},
				"south": {"uv": [8.25, 1.125, 8.5, 1.25], "texture": "#0"},
				"west": {"uv": [4.375, 7.125, 5, 7.25], "texture": "#0"},
				"up": {"uv": [5, 1.25, 4.75, 0.625], "texture": "#0"},
				"down": {"uv": [5, 1.25, 4.75, 1.875], "texture": "#0"}
			}
		},
		{
			"name": "hexadecagon",
			"from": [12.75, 2.50272, -3.5],
			"to": [15, 3.49728, 1.5],
			"rotation": {"angle": 45, "axis": "x", "origin": [14, 3, -1]},
			"faces": {
				"north": {"uv": [1.375, 8.25, 1.625, 8.375], "texture": "#0"},
				"east": {"uv": [5, 7.125, 5.625, 7.25], "texture": "#0"},
				"south": {"uv": [1.625, 8.25, 1.875, 8.375], "texture": "#0"},
				"west": {"uv": [7.125, 6.25, 7.75, 6.375], "texture": "#0"},
				"up": {"uv": [5, 2.5, 4.75, 1.875], "texture": "#0"},
				"down": {"uv": [5, 2.5, 4.75, 3.125], "texture": "#0"}
			}
		},
		{
			"name": "hexadecagon",
			"from": [12.75, 0.5, -1.49728],
			"to": [15, 5.5, -0.50272],
			"rotation": {"angle": -22.5, "axis": "x", "origin": [14, 3, -1]},
			"faces": {
				"north": {"uv": [4.75, 3.625, 5, 4.25], "texture": "#0"},
				"east": {"uv": [7.125, 6.625, 7.25, 7.25], "texture": "#0"},
				"south": {"uv": [4.75, 4.25, 5, 4.875], "texture": "#0"},
				"west": {"uv": [0, 7.25, 0.125, 7.875], "texture": "#0"},
				"up": {"uv": [8.5, 1.875, 8.25, 1.75], "texture": "#0"},
				"down": {"uv": [2.125, 8.25, 1.875, 8.375], "texture": "#0"}
			}
		},
		{
			"name": "hexadecagon",
			"from": [12.75, 0.5, -1.49728],
			"to": [15, 5.5, -0.50272],
			"rotation": {"angle": 0, "axis": "y", "origin": [14, 3, -1]},
			"faces": {
				"north": {"uv": [4.5, 4.875, 4.75, 5.5], "texture": "#0"},
				"east": {"uv": [0.125, 7.25, 0.25, 7.875], "texture": "#0"},
				"south": {"uv": [4.75, 4.875, 5, 5.5], "texture": "#0"},
				"west": {"uv": [0.25, 7.25, 0.375, 7.875], "texture": "#0"},
				"up": {"uv": [8.5, 2, 8.25, 1.875], "texture": "#0"},
				"down": {"uv": [8.5, 2, 8.25, 2.125], "texture": "#0"}
			}
		},
		{
			"name": "hexadecagon",
			"from": [12.75, 0.5, -1.49728],
			"to": [15, 5.5, -0.50272],
			"rotation": {"angle": 22.5, "axis": "x", "origin": [14, 3, -1]},
			"faces": {
				"north": {"uv": [5, 0, 5.25, 0.625], "texture": "#0"},
				"east": {"uv": [0.375, 7.25, 0.5, 7.875], "texture": "#0"},
				"south": {"uv": [5, 0.625, 5.25, 1.25], "texture": "#0"},
				"west": {"uv": [0.5, 7.25, 0.625, 7.875], "texture": "#0"},
				"up": {"uv": [2.375, 8.375, 2.125, 8.25], "texture": "#0"},
				"down": {"uv": [8.5, 2.125, 8.25, 2.25], "texture": "#0"}
			}
		},
		{
			"name": "hexadecagon",
			"from": [12.75, 2.40326, 14],
			"to": [15.25, 3.59674, 16],
			"rotation": {"angle": -45, "axis": "x", "origin": [14, 3, 17]},
			"faces": {
				"north": {"uv": [7.75, 7, 8.125, 7.125], "texture": "#0"},
				"east": {"uv": [8.25, 2.25, 8.5, 2.375], "texture": "#0"},
				"south": {"uv": [7.75, 7.125, 8.125, 7.25], "texture": "#0"},
				"west": {"uv": [2.375, 8.25, 2.625, 8.375], "texture": "#0"},
				"up": {"uv": [6.75, 6.25, 6.375, 6], "texture": "#0"},
				"down": {"uv": [6.625, 6.375, 6.25, 6.625], "texture": "#0"}
			}
		},
		{
			"name": "hexadecagon",
			"from": [12.75, 2.40326, 14],
			"to": [15.25, 3.59674, 16],
			"rotation": {"angle": -22.5, "axis": "x", "origin": [14, 3, 17]},
			"faces": {
				"north": {"uv": [7.75, 7.25, 8.125, 7.375], "texture": "#0"},
				"east": {"uv": [8.25, 2.375, 8.5, 2.5], "texture": "#0"},
				"south": {"uv": [7.375, 7.75, 7.75, 7.875], "texture": "#0"},
				"west": {"uv": [8.25, 2.5, 8.5, 2.625], "texture": "#0"},
				"up": {"uv": [6.875, 0.25, 6.5, 0], "texture": "#0"},
				"down": {"uv": [6.875, 0.25, 6.5, 0.5], "texture": "#0"}
			}
		},
		{
			"name": "hexadecagon",
			"from": [12.75, 2.40326, 14],
			"to": [15.25, 3.59674, 16],
			"rotation": {"angle": 0, "axis": "y", "origin": [14, 3, 17]},
			"faces": {
				"north": {"uv": [7.75, 7.375, 8.125, 7.5], "texture": "#0"},
				"east": {"uv": [2.625, 8.25, 2.875, 8.375], "texture": "#0"},
				"south": {"uv": [7.75, 7.5, 8.125, 7.625], "texture": "#0"},
				"west": {"uv": [8.25, 2.625, 8.5, 2.75], "texture": "#0"},
				"up": {"uv": [6.875, 0.75, 6.5, 0.5], "texture": "#0"},
				"down": {"uv": [1.125, 6.5, 0.75, 6.75], "texture": "#0"}
			}
		},
		{
			"name": "hexadecagon",
			"from": [12.75, 2.40326, 14],
			"to": [15.25, 3.59674, 16],
			"rotation": {"angle": 22.5, "axis": "x", "origin": [14, 3, 17]},
			"faces": {
				"north": {"uv": [7.75, 7.625, 8.125, 7.75], "texture": "#0"},
				"east": {"uv": [8.25, 2.75, 8.5, 2.875], "texture": "#0"},
				"south": {"uv": [7.75, 7.75, 8.125, 7.875], "texture": "#0"},
				"west": {"uv": [2.875, 8.25, 3.125, 8.375], "texture": "#0"},
				"up": {"uv": [6.875, 1, 6.5, 0.75], "texture": "#0"},
				"down": {"uv": [1.5, 6.5, 1.125, 6.75], "texture": "#0"}
			}
		},
		{
			"name": "hexadecagon",
			"from": [12.75, 2.40326, 14],
			"to": [15.25, 3.59674, 16],
			"rotation": {"angle": 45, "axis": "x", "origin": [14, 3, 17]},
			"faces": {
				"north": {"uv": [0, 7.875, 0.375, 8], "texture": "#0"},
				"east": {"uv": [8.25, 2.875, 8.5, 3], "texture": "#0"},
				"south": {"uv": [7.875, 1, 8.25, 1.125], "texture": "#0"},
				"west": {"uv": [8.25, 3, 8.5, 3.125], "texture": "#0"},
				"up": {"uv": [6.875, 1.5, 6.5, 1.25], "texture": "#0"},
				"down": {"uv": [1.875, 6.5, 1.5, 6.75], "texture": "#0"}
			}
		},
		{
			"name": "hexadecagon",
			"from": [12.75, 2.40326, 18],
			"to": [15.25, 3.59674, 20],
			"rotation": {"angle": -45, "axis": "x", "origin": [14, 3, 17]},
			"faces": {
				"north": {"uv": [7.875, 1.125, 8.25, 1.25], "texture": "#0"},
				"east": {"uv": [3.125, 8.25, 3.375, 8.375], "texture": "#0"},
				"south": {"uv": [7.875, 2.75, 8.25, 2.875], "texture": "#0"},
				"west": {"uv": [8.25, 3.125, 8.5, 3.25], "texture": "#0"},
				"up": {"uv": [6.875, 1.75, 6.5, 1.5], "texture": "#0"},
				"down": {"uv": [6.875, 1.75, 6.5, 2], "texture": "#0"}
			}
		},
		{
			"name": "hexadecagon",
			"from": [12.75, 2.40326, 18],
			"to": [15.25, 3.59674, 20],
			"rotation": {"angle": -22.5, "axis": "x", "origin": [14, 3, 17]},
			"faces": {
				"north": {"uv": [7.875, 2.875, 8.25, 3], "texture": "#0"},
				"east": {"uv": [8.25, 3.25, 8.5, 3.375], "texture": "#0"},
				"south": {"uv": [3, 7.875, 3.375, 8], "texture": "#0"},
				"west": {"uv": [3.375, 8.25, 3.625, 8.375], "texture": "#0"},
				"up": {"uv": [2.25, 6.75, 1.875, 6.5], "texture": "#0"},
				"down": {"uv": [6.875, 2, 6.5, 2.25], "texture": "#0"}
			}
		},
		{
			"name": "hexadecagon",
			"from": [12.75, 2.40326, 18],
			"to": [15.25, 3.59674, 20],
			"rotation": {"angle": 0, "axis": "y", "origin": [14, 3, 17]},
			"faces": {
				"north": {"uv": [7.875, 3, 8.25, 3.125], "texture": "#0"},
				"east": {"uv": [8.25, 3.375, 8.5, 3.5], "texture": "#0"},
				"south": {"uv": [7.875, 3.125, 8.25, 3.25], "texture": "#0"},
				"west": {"uv": [8.25, 3.5, 8.5, 3.625], "texture": "#0"},
				"up": {"uv": [2.625, 6.75, 2.25, 6.5], "texture": "#0"},
				"down": {"uv": [6.875, 2.25, 6.5, 2.5], "texture": "#0"}
			}
		},
		{
			"name": "hexadecagon",
			"from": [12.75, 2.40326, 18],
			"to": [15.25, 3.59674, 20],
			"rotation": {"angle": 22.5, "axis": "x", "origin": [14, 3, 17]},
			"faces": {
				"north": {"uv": [7.875, 3.25, 8.25, 3.375], "texture": "#0"},
				"east": {"uv": [3.625, 8.25, 3.875, 8.375], "texture": "#0"},
				"south": {"uv": [3.375, 7.875, 3.75, 8], "texture": "#0"},
				"west": {"uv": [8.25, 3.625, 8.5, 3.75], "texture": "#0"},
				"up": {"uv": [6.875, 2.75, 6.5, 2.5], "texture": "#0"},
				"down": {"uv": [3, 6.5, 2.625, 6.75], "texture": "#0"}
			}
		},
		{
			"name": "hexadecagon",
			"from": [12.75, 2.40326, 18],
			"to": [15.25, 3.59674, 20],
			"rotation": {"angle": 45, "axis": "x", "origin": [14, 3, 17]},
			"faces": {
				"north": {"uv": [3.75, 7.875, 4.125, 8], "texture": "#0"},
				"east": {"uv": [8.25, 3.75, 8.5, 3.875], "texture": "#0"},
				"south": {"uv": [4.125, 7.875, 4.5, 8], "texture": "#0"},
				"west": {"uv": [3.875, 8.25, 4.125, 8.375], "texture": "#0"},
				"up": {"uv": [3.375, 6.75, 3, 6.5], "texture": "#0"},
				"down": {"uv": [3.75, 6.5, 3.375, 6.75], "texture": "#0"}
			}
		},
		{
			"name": "hexadecagon",
			"from": [12.75, 0, 16.40326],
			"to": [15.25, 2, 17.59674],
			"rotation": {"angle": -22.5, "axis": "x", "origin": [14, 3, 17]},
			"faces": {
				"north": {"uv": [6.5, 3.375, 6.875, 3.625], "texture": "#0"},
				"east": {"uv": [8.25, 3.875, 8.375, 4.125], "texture": "#0"},
				"south": {"uv": [6.5, 3.625, 6.875, 3.875], "texture": "#0"},
				"west": {"uv": [4.125, 8.25, 4.25, 8.5], "texture": "#0"},
				"up": {"uv": [8.25, 4.5, 7.875, 4.375], "texture": "#0"},
				"down": {"uv": [4.875, 7.875, 4.5, 8], "texture": "#0"}
			}
		},
		{
			"name": "hexadecagon",
			"from": [12.75, 0, 16.40326],
			"to": [15.25, 2, 17.59674],
			"rotation": {"angle": 0, "axis": "y", "origin": [14, 3, 17]},
			"faces": {
				"north": {"uv": [3.75, 6.5, 4.125, 6.75], "texture": "#0"},
				"east": {"uv": [8.25, 4.125, 8.375, 4.375], "texture": "#0"},
				"south": {"uv": [6.5, 3.875, 6.875, 4.125], "texture": "#0"},
				"west": {"uv": [4.25, 8.25, 4.375, 8.5], "texture": "#0"},
				"up": {"uv": [8.25, 4.625, 7.875, 4.5], "texture": "#0"},
				"down": {"uv": [8.25, 4.625, 7.875, 4.75], "texture": "#0"}
			}
		},
		{
			"name": "hexadecagon",
			"from": [12.75, 0, 16.40326],
			"to": [15.25, 2, 17.59674],
			"rotation": {"angle": 22.5, "axis": "x", "origin": [14, 3, 17]},
			"faces": {
				"north": {"uv": [4.125, 6.5, 4.5, 6.75], "texture": "#0"},
				"east": {"uv": [4.375, 8.25, 4.5, 8.5], "texture": "#0"},
				"south": {"uv": [6.5, 4.125, 6.875, 4.375], "texture": "#0"},
				"west": {"uv": [8.25, 4.375, 8.375, 4.625], "texture": "#0"},
				"up": {"uv": [8.25, 4.875, 7.875, 4.75], "texture": "#0"},
				"down": {"uv": [5.25, 7.875, 4.875, 8], "texture": "#0"}
			}
		},
		{
			"name": "hexadecagon",
			"from": [12.75, 4, 16.40326],
			"to": [15.25, 6, 17.59674],
			"rotation": {"angle": -22.5, "axis": "x", "origin": [14, 3, 17]},
			"faces": {
				"north": {"uv": [6.5, 4.375, 6.875, 4.625], "texture": "#0"},
				"east": {"uv": [4.5, 8.25, 4.625, 8.5], "texture": "#0"},
				"south": {"uv": [4.5, 6.5, 4.875, 6.75], "texture": "#0"},
				"west": {"uv": [4.625, 8.25, 4.75, 8.5], "texture": "#0"},
				"up": {"uv": [8.25, 5, 7.875, 4.875], "texture": "#0"},
				"down": {"uv": [8.25, 5, 7.875, 5.125], "texture": "#0"}
			}
		},
		{
			"name": "hexadecagon",
			"from": [12.75, 4, 16.40326],
			"to": [15.25, 6, 17.59674],
			"rotation": {"angle": 0, "axis": "y", "origin": [14, 3, 17]},
			"faces": {
				"north": {"uv": [6.5, 4.625, 6.875, 4.875], "texture": "#0"},
				"east": {"uv": [8.25, 4.625, 8.375, 4.875], "texture": "#0"},
				"south": {"uv": [6.5, 4.875, 6.875, 5.125], "texture": "#0"},
				"west": {"uv": [4.75, 8.25, 4.875, 8.5], "texture": "#0"},
				"up": {"uv": [8.25, 5.25, 7.875, 5.125], "texture": "#0"},
				"down": {"uv": [5.625, 7.875, 5.25, 8], "texture": "#0"}
			}
		},
		{
			"name": "hexadecagon",
			"from": [12.75, 4, 16.40326],
			"to": [15.25, 6, 17.59674],
			"rotation": {"angle": 22.5, "axis": "x", "origin": [14, 3, 17]},
			"faces": {
				"north": {"uv": [6.5, 5.125, 6.875, 5.375], "texture": "#0"},
				"east": {"uv": [4.875, 8.25, 5, 8.5], "texture": "#0"},
				"south": {"uv": [0, 6.625, 0.375, 6.875], "texture": "#0"},
				"west": {"uv": [8.25, 4.875, 8.375, 5.125], "texture": "#0"},
				"up": {"uv": [8.25, 5.375, 7.875, 5.25], "texture": "#0"},
				"down": {"uv": [8.25, 5.375, 7.875, 5.5], "texture": "#0"}
			}
		},
		{
			"name": "hexadecagon",
			"from": [12.75, 2.50272, 14.5],
			"to": [15, 3.49728, 19.5],
			"rotation": {"angle": -45, "axis": "x", "origin": [14, 3, 17]},
			"faces": {
				"north": {"uv": [5, 8.25, 5.25, 8.375], "texture": "#0"},
				"east": {"uv": [0.625, 7.25, 1.25, 7.375], "texture": "#0"},
				"south": {"uv": [8.25, 5.125, 8.5, 5.25], "texture": "#0"},
				"west": {"uv": [1.25, 7.25, 1.875, 7.375], "texture": "#0"},
				"up": {"uv": [5.25, 1.875, 5, 1.25], "texture": "#0"},
				"down": {"uv": [5.25, 1.875, 5, 2.5], "texture": "#0"}
			}
		},
		{
			"name": "hexadecagon",
			"from": [12.75, 2.50272, 14.5],
			"to": [15, 3.49728, 19.5],
			"rotation": {"angle": -22.5, "axis": "x", "origin": [14, 3, 17]},
			"faces": {
				"north": {"uv": [5.25, 8.25, 5.5, 8.375], "texture": "#0"},
				"east": {"uv": [1.875, 7.25, 2.5, 7.375], "texture": "#0"},
				"south": {"uv": [8.25, 5.25, 8.5, 5.375], "texture": "#0"},
				"west": {"uv": [2.5, 7.25, 3.125, 7.375], "texture": "#0"},
				"up": {"uv": [5.25, 3.125, 5, 2.5], "texture": "#0"},
				"down": {"uv": [5.25, 3.625, 5, 4.25], "texture": "#0"}
			}
		},
		{
			"name": "hexadecagon",
			"from": [12.75, 2.50272, 14.5],
			"to": [15, 3.49728, 19.5],
			"rotation": {"angle": 0, "axis": "y", "origin": [14, 3, 17]},
			"faces": {
				"north": {"uv": [8.25, 5.375, 8.5, 5.5], "texture": "#0"},
				"east": {"uv": [7.25, 2.75, 7.875, 2.875], "texture": "#0"},
				"south": {"uv": [5.5, 8.25, 5.75, 8.375], "texture": "#0"},
				"west": {"uv": [3.125, 7.25, 3.75, 7.375], "texture": "#0"},
				"up": {"uv": [5.25, 4.875, 5, 4.25], "texture": "#0"},
				"down": {"uv": [5.25, 4.875, 5, 5.5], "texture": "#0"}
			}
		},
		{
			"name": "hexadecagon",
			"from": [12.75, 2.50272, 14.5],
			"to": [15, 3.49728, 19.5],
			"rotation": {"angle": 22.5, "axis": "x", "origin": [14, 3, 17]},
			"faces": {
				"north": {"uv": [8.25, 5.5, 8.5, 5.625], "texture": "#0"},
				"east": {"uv": [3.75, 7.25, 4.375, 7.375], "texture": "#0"},
				"south": {"uv": [8.25, 5.625, 8.5, 5.75], "texture": "#0"},
				"west": {"uv": [4.375, 7.25, 5, 7.375], "texture": "#0"},
				"up": {"uv": [1.75, 5.75, 1.5, 5.125], "texture": "#0"},
				"down": {"uv": [2.25, 5.125, 2, 5.75], "texture": "#0"}
			}
		},
		{
			"name": "hexadecagon",
			"from": [12.75, 2.50272, 14.5],
			"to": [15, 3.49728, 19.5],
			"rotation": {"angle": 45, "axis": "x", "origin": [14, 3, 17]},
			"faces": {
				"north": {"uv": [5.75, 8.25, 6, 8.375], "texture": "#0"},
				"east": {"uv": [5, 7.25, 5.625, 7.375], "texture": "#0"},
				"south": {"uv": [8.25, 5.75, 8.5, 5.875], "texture": "#0"},
				"west": {"uv": [7.25, 5.375, 7.875, 5.5], "texture": "#0"},
				"up": {"uv": [2.5, 5.75, 2.25, 5.125], "texture": "#0"},
				"down": {"uv": [2.75, 5.125, 2.5, 5.75], "texture": "#0"}
			}
		},
		{
			"name": "hexadecagon",
			"from": [12.75, 0.5, 16.50272],
			"to": [15, 5.5, 17.49728],
			"rotation": {"angle": -22.5, "axis": "x", "origin": [14, 3, 17]},
			"faces": {
				"north": {"uv": [2.75, 5.125, 3, 5.75], "texture": "#0"},
				"east": {"uv": [7.25, 6.625, 7.375, 7.25], "texture": "#0"},
				"south": {"uv": [3, 5.125, 3.25, 5.75], "texture": "#0"},
				"west": {"uv": [7.125, 7.25, 7.25, 7.875], "texture": "#0"},
				"up": {"uv": [6.25, 8.375, 6, 8.25], "texture": "#0"},
				"down": {"uv": [8.5, 6.125, 8.25, 6.25], "texture": "#0"}
			}
		},
		{
			"name": "hexadecagon",
			"from": [12.75, 0.5, 16.50272],
			"to": [15, 5.5, 17.49728],
			"rotation": {"angle": 0, "axis": "y", "origin": [14, 3, 17]},
			"faces": {
				"north": {"uv": [3.25, 5.125, 3.5, 5.75], "texture": "#0"},
				"east": {"uv": [7.25, 7.25, 7.375, 7.875], "texture": "#0"},
				"south": {"uv": [3.5, 5.125, 3.75, 5.75], "texture": "#0"},
				"west": {"uv": [0.625, 7.375, 0.75, 8], "texture": "#0"},
				"up": {"uv": [6.5, 8.375, 6.25, 8.25], "texture": "#0"},
				"down": {"uv": [6.75, 8.25, 6.5, 8.375], "texture": "#0"}
			}
		},
		{
			"name": "hexadecagon",
			"from": [12.75, 0.5, 16.50272],
			"to": [15, 5.5, 17.49728],
			"rotation": {"angle": 22.5, "axis": "x", "origin": [14, 3, 17]},
			"faces": {
				"north": {"uv": [3.75, 5.125, 4, 5.75], "texture": "#0"},
				"east": {"uv": [0.75, 7.375, 0.875, 8], "texture": "#0"},
				"south": {"uv": [4, 5.125, 4.25, 5.75], "texture": "#0"},
				"west": {"uv": [0.875, 7.375, 1, 8], "texture": "#0"},
				"up": {"uv": [7, 8.375, 6.75, 8.25], "texture": "#0"},
				"down": {"uv": [7.25, 8.25, 7, 8.375], "texture": "#0"}
			}
		},
		{
			"from": [3, 2.5, -1.5],
			"to": [13, 3.5, -0.5],
			"faces": {
				"north": {"uv": [5.25, 0, 6.5, 0.125], "texture": "#0"},
				"east": {"uv": [5.75, 3.25, 5.875, 3.375], "texture": "#0"},
				"south": {"uv": [5.25, 0.125, 6.5, 0.25], "texture": "#0"},
				"west": {"uv": [6.125, 2.875, 6.25, 3], "texture": "#0"},
				"up": {"uv": [6.5, 0.375, 5.25, 0.25], "texture": "#0"},
				"down": {"uv": [6.5, 0.375, 5.25, 0.5], "texture": "#0"}
			}
		},
		{
			"from": [3, 2.5, 16.5],
			"to": [13, 3.5, 17.5],
			"faces": {
				"north": {"uv": [5.25, 0.5, 6.5, 0.625], "texture": "#0"},
				"east": {"uv": [5.125, 6.25, 5.25, 6.375], "texture": "#0"},
				"south": {"uv": [5.25, 0.625, 6.5, 0.75], "texture": "#0"},
				"west": {"uv": [6.375, 1.25, 6.5, 1.375], "texture": "#0"},
				"up": {"uv": [6.5, 0.875, 5.25, 0.75], "texture": "#0"},
				"down": {"uv": [6.5, 0.875, 5.25, 1], "texture": "#0"}
			}
		},
		{
			"from": [0, 6.5, -5],
			"to": [16, 7.5, 20],
			"faces": {
				"north": {"uv": [1.5, 3.5, 3.5, 3.625], "texture": "#0"},
				"east": {"uv": [0, 3.125, 3.125, 3.25], "texture": "#0"},
				"south": {"uv": [3.5, 3.5, 5.5, 3.625], "texture": "#0"},
				"west": {"uv": [3.125, 3.125, 6.25, 3.25], "texture": "#0"},
				"up": {"uv": [2, 3.125, 0, 0], "texture": "#0"},
				"down": {"uv": [4, 0, 2, 3.125], "texture": "#0"}
			}
		},
		{
			"from": [5, 3.5, -1.5],
			"to": [6, 6.5, -0.5],
			"faces": {
				"north": {"uv": [0.375, 7.875, 0.5, 8.25], "texture": "#0"},
				"east": {"uv": [0.5, 7.875, 0.625, 8.25], "texture": "#0"},
				"south": {"uv": [7.875, 5.5, 8, 5.875], "texture": "#0"},
				"west": {"uv": [5.625, 7.875, 5.75, 8.25], "texture": "#0"},
				"up": {"uv": [1, 8.5, 0.875, 8.375], "texture": "#0"},
				"down": {"uv": [1.125, 8.375, 1, 8.5], "texture": "#0"}
			}
		},
		{
			"from": [10, 3.5, -1.5],
			"to": [11, 6.5, -0.5],
			"faces": {
				"north": {"uv": [5.75, 7.875, 5.875, 8.25], "texture": "#0"},
				"east": {"uv": [5.875, 7.875, 6, 8.25], "texture": "#0"},
				"south": {"uv": [7.875, 5.875, 8, 6.25], "texture": "#0"},
				"west": {"uv": [6, 7.875, 6.125, 8.25], "texture": "#0"},
				"up": {"uv": [1.25, 8.5, 1.125, 8.375], "texture": "#0"},
				"down": {"uv": [1.375, 8.375, 1.25, 8.5], "texture": "#0"}
			}
		},
		{
			"from": [10, 3.5, 16.5],
			"to": [11, 6.5, 17.5],
			"faces": {
				"north": {"uv": [1.625, 5.75, 1.75, 6.25], "texture": "#0"},
				"east": {"uv": [7.375, 2.875, 7.5, 3.375], "texture": "#0"},
				"south": {"uv": [3, 7.375, 3.125, 7.875], "texture": "#0"},
				"west": {"uv": [3.125, 7.375, 3.25, 7.875], "texture": "#0"},
				"up": {"uv": [8.5, 1.375, 8.375, 1.25], "texture": "#0"},
				"down": {"uv": [1.5, 8.375, 1.375, 8.5], "texture": "#0"}
			}
		},
		{
			"from": [5, 3.5, 16.475],
			"to": [6, 6.5, 17.475],
			"faces": {
				"north": {"uv": [3.25, 7.375, 3.375, 7.875], "texture": "#0"},
				"east": {"uv": [3.375, 7.375, 3.5, 7.875], "texture": "#0"},
				"south": {"uv": [3.5, 7.375, 3.625, 7.875], "texture": "#0"},
				"west": {"uv": [3.625, 7.375, 3.75, 7.875], "texture": "#0"},
				"up": {"uv": [8.5, 1.5, 8.375, 1.375], "texture": "#0"},
				"down": {"uv": [1.625, 8.375, 1.5, 8.5], "texture": "#0"}
			}
		},
		{
			"from": [0, 7.5, -5],
			"to": [1, 9, -4],
			"faces": {
				"north": {"uv": [7.25, 8.25, 7.375, 8.5], "texture": "#0"},
				"east": {"uv": [8.25, 7.25, 8.375, 7.5], "texture": "#0"},
				"south": {"uv": [7.375, 8.25, 7.5, 8.5], "texture": "#0"},
				"west": {"uv": [7.5, 8.25, 7.625, 8.5], "texture": "#0"},
				"up": {"uv": [8.5, 1.625, 8.375, 1.5], "texture": "#0"},
				"down": {"uv": [1.75, 8.375, 1.625, 8.5], "texture": "#0"}
			}
		},
		{
			"from": [15, 7.5, -5],
			"to": [16, 9, -4],
			"faces": {
				"north": {"uv": [8.25, 7.5, 8.375, 7.75], "texture": "#0"},
				"east": {"uv": [7.625, 8.25, 7.75, 8.5], "texture": "#0"},
				"south": {"uv": [8.25, 7.75, 8.375, 8], "texture": "#0"},
				"west": {"uv": [8.25, 8, 8.375, 8.25], "texture": "#0"},
				"up": {"uv": [8.5, 1.75, 8.375, 1.625], "texture": "#0"},
				"down": {"uv": [1.875, 8.375, 1.75, 8.5], "texture": "#0"}
			}
		},
		{
			"from": [15, 7.5, 19],
			"to": [16, 9, 20],
			"faces": {
				"north": {"uv": [8.25, 8.25, 8.375, 8.5], "texture": "#0"},
				"east": {"uv": [8.375, 0, 8.5, 0.25], "texture": "#0"},
				"south": {"uv": [8.375, 0.25, 8.5, 0.5], "texture": "#0"},
				"west": {"uv": [0.375, 8.375, 0.5, 8.625], "texture": "#0"},
				"up": {"uv": [2, 8.5, 1.875, 8.375], "texture": "#0"},
				"down": {"uv": [2.125, 8.375, 2, 8.5], "texture": "#0"}
			}
		},
		{
			"from": [0, 7.5, 19],
			"to": [1, 9, 20],
			"faces": {
				"north": {"uv": [0.5, 8.375, 0.625, 8.625], "texture": "#0"},
				"east": {"uv": [0.625, 8.375, 0.75, 8.625], "texture": "#0"},
				"south": {"uv": [8.375, 0.625, 8.5, 0.875], "texture": "#0"},
				"west": {"uv": [0.75, 8.375, 0.875, 8.625], "texture": "#0"},
				"up": {"uv": [2.25, 8.5, 2.125, 8.375], "texture": "#0"},
				"down": {"uv": [2.375, 8.375, 2.25, 8.5], "texture": "#0"}
			}
		},
		{
			"from": [7.5, 2.5, -0.5],
			"to": [8.5, 3.5, 16.5],
			"faces": {
				"north": {"uv": [2.375, 8.375, 2.5, 8.5], "texture": "#0"},
				"east": {"uv": [1.25, 3.375, 3.375, 3.5], "texture": "#0"},
				"south": {"uv": [2.5, 8.375, 2.625, 8.5], "texture": "#0"},
				"west": {"uv": [3.375, 3.375, 5.5, 3.5], "texture": "#0"},
				"up": {"uv": [1.375, 5.625, 1.25, 3.5], "texture": "#0"},
				"down": {"uv": [1.5, 3.5, 1.375, 5.625], "texture": "#0"}
			}
		},
		{
			"from": [7.6, 2.75, 0],
			"to": [8.4, 3.75, 10.5],
			"rotation": {"angle": -22.5, "axis": "x", "origin": [0, 0, 0]},
			"faces": {
				"north": {"uv": [2.625, 8.375, 2.75, 8.5], "texture": "#0"},
				"east": {"uv": [1.5, 3.625, 2.875, 3.75], "texture": "#0"},
				"south": {"uv": [2.75, 8.375, 2.875, 8.5], "texture": "#0"},
				"west": {"uv": [2.875, 3.625, 4.25, 3.75], "texture": "#0"},
				"up": {"uv": [1.625, 5.125, 1.5, 3.75], "texture": "#0"},
				"down": {"uv": [1.75, 3.75, 1.625, 5.125], "texture": "#0"}
			}
		},
		{
			"from": [7.6, 2.75, 5.55],
			"to": [8.4, 3.75, 16.05],
			"rotation": {"angle": 22.5, "axis": "x", "origin": [0, 0, 16]},
			"faces": {
				"north": {"uv": [2.875, 8.375, 3, 8.5], "texture": "#0"},
				"east": {"uv": [1.75, 3.75, 3.125, 3.875], "texture": "#0"},
				"south": {"uv": [3, 8.375, 3.125, 8.5], "texture": "#0"},
				"west": {"uv": [3.125, 3.75, 4.5, 3.875], "texture": "#0"},
				"up": {"uv": [1.875, 5.25, 1.75, 3.875], "texture": "#0"},
				"down": {"uv": [2, 3.875, 1.875, 5.25], "texture": "#0"}
			}
		},
		{
			"from": [7.5, 7.5, -5],
			"to": [8.5, 29.5, -4],
			"faces": {
				"north": {"uv": [0.25, 3.375, 0.375, 6.125], "texture": "#0"},
				"east": {"uv": [0.375, 3.375, 0.5, 6.125], "texture": "#0"},
				"south": {"uv": [0.5, 3.375, 0.625, 6.125], "texture": "#0"},
				"west": {"uv": [0.625, 3.375, 0.75, 6.125], "texture": "#0"},
				"up": {"uv": [3.25, 8.5, 3.125, 8.375], "texture": "#0"},
				"down": {"uv": [3.375, 8.375, 3.25, 8.5], "texture": "#0"}
			}
		},
		{
			"from": [-2, 8.5, -4.9],
			"to": [-1, 13, -4.1],
			"rotation": {"angle": -45, "axis": "z", "origin": [0, 0, 0]},
			"faces": {
				"north": {"uv": [1, 7.375, 1.125, 8], "texture": "#0"},
				"east": {"uv": [1.125, 7.375, 1.25, 8], "texture": "#0"},
				"south": {"uv": [1.25, 7.375, 1.375, 8], "texture": "#0"},
				"west": {"uv": [1.375, 7.375, 1.5, 8], "texture": "#0"},
				"up": {"uv": [3.5, 8.5, 3.375, 8.375], "texture": "#0"},
				"down": {"uv": [3.625, 8.375, 3.5, 8.5], "texture": "#0"}
			}
		},
		{
			"from": [17, 8.5, -4.9],
			"to": [18, 13, -4.1],
			"rotation": {"angle": 45, "axis": "z", "origin": [16, 0, 0]},
			"faces": {
				"north": {"uv": [1.5, 7.375, 1.625, 8], "texture": "#0"},
				"east": {"uv": [1.625, 7.375, 1.75, 8], "texture": "#0"},
				"south": {"uv": [1.75, 7.375, 1.875, 8], "texture": "#0"},
				"west": {"uv": [1.875, 7.375, 2, 8], "texture": "#0"},
				"up": {"uv": [3.75, 8.5, 3.625, 8.375], "texture": "#0"},
				"down": {"uv": [3.875, 8.375, 3.75, 8.5], "texture": "#0"}
			}
		},
		{
			"from": [-3, 13, -4.9],
			"to": [3, 14, -4.1],
			"rotation": {"angle": -22.5, "axis": "z", "origin": [0, 0, 0]},
			"faces": {
				"north": {"uv": [5.375, 2.875, 6.125, 3], "texture": "#0"},
				"east": {"uv": [3.875, 8.375, 4, 8.5], "texture": "#0"},
				"south": {"uv": [6.375, 6.25, 7.125, 6.375], "texture": "#0"},
				"west": {"uv": [8.375, 3.875, 8.5, 4], "texture": "#0"},
				"up": {"uv": [7.25, 2.875, 6.5, 2.75], "texture": "#0"},
				"down": {"uv": [7.25, 5.375, 6.5, 5.5], "texture": "#0"}
			}
		},
		{
			"from": [-4.75, 17, -4.9],
			"to": [1.25, 18, -4.1],
			"rotation": {"angle": -22.5, "axis": "z", "origin": [0, 0, 0]},
			"faces": {
				"north": {"uv": [6.625, 2.875, 7.375, 3], "texture": "#0"},
				"east": {"uv": [4, 8.375, 4.125, 8.5], "texture": "#0"},
				"south": {"uv": [6.625, 3, 7.375, 3.125], "texture": "#0"},
				"west": {"uv": [8.375, 4, 8.5, 4.125], "texture": "#0"},
				"up": {"uv": [7.375, 3.25, 6.625, 3.125], "texture": "#0"},
				"down": {"uv": [7.375, 3.25, 6.625, 3.375], "texture": "#0"}
			}
		},
		{
			"from": [-6.5, 21, -4.9],
			"to": [-0.5, 22, -4.1],
			"rotation": {"angle": -22.5, "axis": "z", "origin": [0, 0, 0]},
			"faces": {
				"north": {"uv": [4.875, 6.625, 5.625, 6.75], "texture": "#0"},
				"east": {"uv": [8.375, 4.125, 8.5, 4.25], "texture": "#0"},
				"south": {"uv": [5.625, 6.625, 6.375, 6.75], "texture": "#0"},
				"west": {"uv": [8.375, 4.25, 8.5, 4.375], "texture": "#0"},
				"up": {"uv": [7.125, 6.75, 6.375, 6.625], "texture": "#0"},
				"down": {"uv": [7.375, 6.375, 6.625, 6.5], "texture": "#0"}
			}
		},
		{
			"from": [-8.25, 25, -4.9],
			"to": [-2.25, 26, -4.1],
			"rotation": {"angle": -22.5, "axis": "z", "origin": [0, 0, 0]},
			"faces": {
				"north": {"uv": [6.625, 6.5, 7.375, 6.625], "texture": "#0"},
				"east": {"uv": [8.375, 4.375, 8.5, 4.5], "texture": "#0"},
				"south": {"uv": [0.375, 6.75, 1.125, 6.875], "texture": "#0"},
				"west": {"uv": [8.375, 4.5, 8.5, 4.625], "texture": "#0"},
				"up": {"uv": [7.5, 1.125, 6.75, 1], "texture": "#0"},
				"down": {"uv": [1.875, 6.75, 1.125, 6.875], "texture": "#0"}
			}
		},
		{
			"from": [13, 13, -4.9],
			"to": [19, 14, -4.1],
			"rotation": {"angle": 22.5, "axis": "z", "origin": [16, 0, 0]},
			"faces": {
				"north": {"uv": [6.75, 1.125, 7.5, 1.25], "texture": "#0"},
				"east": {"uv": [8.375, 4.625, 8.5, 4.75], "texture": "#0"},
				"south": {"uv": [1.875, 6.75, 2.625, 6.875], "texture": "#0"},
				"west": {"uv": [8.375, 4.75, 8.5, 4.875], "texture": "#0"},
				"up": {"uv": [3.375, 6.875, 2.625, 6.75], "texture": "#0"},
				"down": {"uv": [4.125, 6.75, 3.375, 6.875], "texture": "#0"}
			}
		},
		{
			"from": [14.75, 17, -4.9],
			"to": [20.75, 18, -4.1],
			"rotation": {"angle": 22.5, "axis": "z", "origin": [16, 0, 0]},
			"faces": {
				"north": {"uv": [4.125, 6.75, 4.875, 6.875], "texture": "#0"},
				"east": {"uv": [8.375, 4.875, 8.5, 5], "texture": "#0"},
				"south": {"uv": [4.875, 6.75, 5.625, 6.875], "texture": "#0"},
				"west": {"uv": [5, 8.375, 5.125, 8.5], "texture": "#0"},
				"up": {"uv": [7.5, 5.625, 6.75, 5.5], "texture": "#0"},
				"down": {"uv": [6.375, 6.75, 5.625, 6.875], "texture": "#0"}
			}
		},
		{
			"from": [16.5, 21, -4.9],
			"to": [22.5, 22, -4.1],
			"rotation": {"angle": 22.5, "axis": "z", "origin": [16, 0, 0]},
			"faces": {
				"north": {"uv": [6.75, 5.625, 7.5, 5.75], "texture": "#0"},
				"east": {"uv": [8.375, 5, 8.5, 5.125], "texture": "#0"},
				"south": {"uv": [6.75, 5.75, 7.5, 5.875], "texture": "#0"},
				"west": {"uv": [5.125, 8.375, 5.25, 8.5], "texture": "#0"},
				"up": {"uv": [7.5, 6, 6.75, 5.875], "texture": "#0"},
				"down": {"uv": [7.5, 6, 6.75, 6.125], "texture": "#0"}
			}
		},
		{
			"from": [18.25, 25, -4.9],
			"to": [24.25, 26, -4.1],
			"rotation": {"angle": 22.5, "axis": "z", "origin": [16, 0, 0]},
			"faces": {
				"north": {"uv": [6.75, 6.125, 7.5, 6.25], "texture": "#0"},
				"east": {"uv": [5.25, 8.375, 5.375, 8.5], "texture": "#0"},
				"south": {"uv": [6.375, 6.75, 7.125, 6.875], "texture": "#0"},
				"west": {"uv": [5.375, 8.375, 5.5, 8.5], "texture": "#0"},
				"up": {"uv": [0.75, 7, 0, 6.875], "texture": "#0"},
				"down": {"uv": [7.625, 0, 6.875, 0.125], "texture": "#0"}
			}
		},
		{
			"from": [7.5, 7.5, 19],
			"to": [8.5, 29.5, 20],
			"rotation": {"angle": 0, "axis": "y", "origin": [0, 0, 15]},
			"faces": {
				"north": {"uv": [0.75, 3.375, 0.875, 6.125], "texture": "#0"},
				"east": {"uv": [0.875, 3.375, 1, 6.125], "texture": "#0"},
				"south": {"uv": [1, 3.375, 1.125, 6.125], "texture": "#0"},
				"west": {"uv": [1.125, 3.375, 1.25, 6.125], "texture": "#0"},
				"up": {"uv": [5.625, 8.5, 5.5, 8.375], "texture": "#0"},
				"down": {"uv": [5.75, 8.375, 5.625, 8.5], "texture": "#0"}
			}
		},
		{
			"from": [-2, 8.5, 19.1],
			"to": [-1, 13, 19.9],
			"rotation": {"angle": -45, "axis": "z", "origin": [0, 0, 15]},
			"faces": {
				"north": {"uv": [2, 7.375, 2.125, 8], "texture": "#0"},
				"east": {"uv": [2.125, 7.375, 2.25, 8], "texture": "#0"},
				"south": {"uv": [2.25, 7.375, 2.375, 8], "texture": "#0"},
				"west": {"uv": [2.375, 7.375, 2.5, 8], "texture": "#0"},
				"up": {"uv": [5.875, 8.5, 5.75, 8.375], "texture": "#0"},
				"down": {"uv": [6, 8.375, 5.875, 8.5], "texture": "#0"}
			}
		},
		{
			"from": [17, 8.5, 19.1],
			"to": [18, 13, 19.9],
			"rotation": {"angle": 45, "axis": "z", "origin": [16, 0, 15]},
			"faces": {
				"north": {"uv": [2.5, 7.375, 2.625, 8], "texture": "#0"},
				"east": {"uv": [2.625, 7.375, 2.75, 8], "texture": "#0"},
				"south": {"uv": [2.75, 7.375, 2.875, 8], "texture": "#0"},
				"west": {"uv": [2.875, 7.375, 3, 8], "texture": "#0"},
				"up": {"uv": [8.5, 6, 8.375, 5.875], "texture": "#0"},
				"down": {"uv": [6.125, 8.375, 6, 8.5], "texture": "#0"}
			}
		},
		{
			"from": [-3, 13, 19.1],
			"to": [3, 14, 19.9],
			"rotation": {"angle": -22.5, "axis": "z", "origin": [0, 0, 15]},
			"faces": {
				"north": {"uv": [6.875, 0.125, 7.625, 0.25], "texture": "#0"},
				"east": {"uv": [8.375, 6, 8.5, 6.125], "texture": "#0"},
				"south": {"uv": [6.875, 0.25, 7.625, 0.375], "texture": "#0"},
				"west": {"uv": [6.125, 8.375, 6.25, 8.5], "texture": "#0"},
				"up": {"uv": [7.625, 0.5, 6.875, 0.375], "texture": "#0"},
				"down": {"uv": [7.625, 0.5, 6.875, 0.625], "texture": "#0"}
			}
		},
		{
			"from": [-4.75, 17, 19.1],
			"to": [1.25, 18, 19.9],
			"rotation": {"angle": -22.5, "axis": "z", "origin": [0, 0, 15]},
			"faces": {
				"north": {"uv": [6.875, 0.625, 7.625, 0.75], "texture": "#0"},
				"east": {"uv": [6.25, 8.375, 6.375, 8.5], "texture": "#0"},
				"south": {"uv": [0.75, 6.875, 1.5, 7], "texture": "#0"},
				"west": {"uv": [8.375, 6.25, 8.5, 6.375], "texture": "#0"},
				"up": {"uv": [7.625, 0.875, 6.875, 0.75], "texture": "#0"},
				"down": {"uv": [7.625, 0.875, 6.875, 1], "texture": "#0"}
			}
		},
		{
			"from": [-6.5, 21, 19.1],
			"to": [-0.5, 22, 19.9],
			"rotation": {"angle": -22.5, "axis": "z", "origin": [0, 0, 15]},
			"faces": {
				"north": {"uv": [6.875, 1.25, 7.625, 1.375], "texture": "#0"},
				"east": {"uv": [6.375, 8.375, 6.5, 8.5], "texture": "#0"},
				"south": {"uv": [6.875, 1.375, 7.625, 1.5], "texture": "#0"},
				"west": {"uv": [8.375, 6.375, 8.5, 6.5], "texture": "#0"},
				"up": {"uv": [2.25, 7, 1.5, 6.875], "texture": "#0"},
				"down": {"uv": [7.625, 1.5, 6.875, 1.625], "texture": "#0"}
			}
		},
		{
			"from": [-8.25, 25, 19.1],
			"to": [-2.25, 26, 19.9],
			"rotation": {"angle": -22.5, "axis": "z", "origin": [0, 0, 15]},
			"faces": {
				"north": {"uv": [6.875, 1.625, 7.625, 1.75], "texture": "#0"},
				"east": {"uv": [6.5, 8.375, 6.625, 8.5], "texture": "#0"},
				"south": {"uv": [6.875, 1.75, 7.625, 1.875], "texture": "#0"},
				"west": {"uv": [8.375, 6.5, 8.5, 6.625], "texture": "#0"},
				"up": {"uv": [7.625, 2, 6.875, 1.875], "texture": "#0"},
				"down": {"uv": [7.625, 2, 6.875, 2.125], "texture": "#0"}
			}
		},
		{
			"from": [13, 13, 19.1],
			"to": [19, 14, 19.9],
			"rotation": {"angle": 22.5, "axis": "z", "origin": [16, 0, 15]},
			"faces": {
				"north": {"uv": [6.875, 2.125, 7.625, 2.25], "texture": "#0"},
				"east": {"uv": [6.625, 8.375, 6.75, 8.5], "texture": "#0"},
				"south": {"uv": [2.25, 6.875, 3, 7], "texture": "#0"},
				"west": {"uv": [8.375, 6.625, 8.5, 6.75], "texture": "#0"},
				"up": {"uv": [7.625, 2.375, 6.875, 2.25], "texture": "#0"},
				"down": {"uv": [7.625, 2.375, 6.875, 2.5], "texture": "#0"}
			}
		},
		{
			"from": [14.75, 17, 19.1],
			"to": [20.75, 18, 19.9],
			"rotation": {"angle": 22.5, "axis": "z", "origin": [16, 0, 15]},
			"faces": {
				"north": {"uv": [6.875, 2.5, 7.625, 2.625], "texture": "#0"},
				"east": {"uv": [6.75, 8.375, 6.875, 8.5], "texture": "#0"},
				"south": {"uv": [6.875, 2.625, 7.625, 2.75], "texture": "#0"},
				"west": {"uv": [8.375, 6.75, 8.5, 6.875], "texture": "#0"},
				"up": {"uv": [3.75, 7, 3, 6.875], "texture": "#0"},
				"down": {"uv": [7.625, 3.375, 6.875, 3.5], "texture": "#0"}
			}
		},
		{
			"from": [16.5, 21, 19.1],
			"to": [22.5, 22, 19.9],
			"rotation": {"angle": 22.5, "axis": "z", "origin": [16, 0, 15]},
			"faces": {
				"north": {"uv": [6.875, 3.5, 7.625, 3.625], "texture": "#0"},
				"east": {"uv": [6.875, 8.375, 7, 8.5], "texture": "#0"},
				"south": {"uv": [6.875, 3.625, 7.625, 3.75], "texture": "#0"},
				"west": {"uv": [8.375, 6.875, 8.5, 7], "texture": "#0"},
				"up": {"uv": [4.5, 7, 3.75, 6.875], "texture": "#0"},
				"down": {"uv": [7.625, 3.75, 6.875, 3.875], "texture": "#0"}
			}
		},
		{
			"from": [18.25, 25, 19.1],
			"to": [24.25, 26, 19.9],
			"rotation": {"angle": 22.5, "axis": "z", "origin": [16, 0, 15]},
			"faces": {
				"north": {"uv": [6.875, 3.875, 7.625, 4], "texture": "#0"},
				"east": {"uv": [7, 8.375, 7.125, 8.5], "texture": "#0"},
				"south": {"uv": [6.875, 4, 7.625, 4.125], "texture": "#0"},
				"west": {"uv": [8.375, 7, 8.5, 7.125], "texture": "#0"},
				"up": {"uv": [7.625, 4.25, 6.875, 4.125], "texture": "#0"},
				"down": {"uv": [7.625, 4.25, 6.875, 4.375], "texture": "#0"}
			}
		},
		{
			"from": [7.6, 4.5, 5],
			"to": [8.4, 12, 6],
			"rotation": {"angle": -45, "axis": "x", "origin": [0, 0, 0]},
			"faces": {
				"north": {"uv": [4.25, 5.125, 4.375, 6.125], "texture": "#0"},
				"east": {"uv": [4.375, 5.125, 4.5, 6.125], "texture": "#0"},
				"south": {"uv": [5.25, 1, 5.375, 2], "texture": "#0"},
				"west": {"uv": [1.75, 5.25, 1.875, 6.25], "texture": "#0"},
				"up": {"uv": [7.25, 8.5, 7.125, 8.375], "texture": "#0"},
				"down": {"uv": [8.5, 7.125, 8.375, 7.25], "texture": "#0"}
			}
		},
		{
			"from": [7.6, 3.5, 9],
			"to": [8.4, 11, 10],
			"rotation": {"angle": 45, "axis": "x", "origin": [0, 0, 16]},
			"faces": {
				"north": {"uv": [1.875, 5.25, 2, 6.25], "texture": "#0"},
				"east": {"uv": [5.25, 2, 5.375, 3], "texture": "#0"},
				"south": {"uv": [5.25, 3.625, 5.375, 4.625], "texture": "#0"},
				"west": {"uv": [5.25, 4.625, 5.375, 5.625], "texture": "#0"},
				"up": {"uv": [8.5, 7.375, 8.375, 7.25], "texture": "#0"},
				"down": {"uv": [8.5, 7.375, 8.375, 7.5], "texture": "#0"}
			}
		},
		{
			"from": [7.5, 18, -4],
			"to": [8.5, 19, 19],
			"faces": {
				"north": {"uv": [8.375, 7.5, 8.5, 7.625], "texture": "#0"},
				"east": {"uv": [0, 3.25, 2.875, 3.375], "texture": "#0"},
				"south": {"uv": [8.375, 7.625, 8.5, 7.75], "texture": "#0"},
				"west": {"uv": [2.875, 3.25, 5.75, 3.375], "texture": "#0"},
				"up": {"uv": [0.125, 6.25, 0, 3.375], "texture": "#0"},
				"down": {"uv": [0.25, 3.375, 0.125, 6.25], "texture": "#0"}
			}
		},
		{
			"from": [7.6, 8.75, 25],
			"to": [8.4, 9.75, 28],
			"rotation": {"angle": -22.5, "axis": "x", "origin": [0, 0, 0]},
			"faces": {
				"north": {"uv": [7.75, 8.375, 7.875, 8.5], "texture": "#0"},
				"east": {"uv": [6.125, 7.875, 6.5, 8], "texture": "#0"},
				"south": {"uv": [8.375, 7.75, 8.5, 7.875], "texture": "#0"},
				"west": {"uv": [6.5, 7.875, 6.875, 8], "texture": "#0"},
				"up": {"uv": [7, 8.25, 6.875, 7.875], "texture": "#0"},
				"down": {"uv": [7.125, 7.875, 7, 8.25], "texture": "#0"}
			}
		},
		{
			"from": [3.5, 18.75, 22],
			"to": [11.5, 19.75, 23],
			"faces": {
				"north": {"uv": [5.25, 3, 6.25, 3.125], "texture": "#0"},
				"east": {"uv": [7.875, 8.375, 8, 8.5], "texture": "#0"},
				"south": {"uv": [5.375, 1, 6.375, 1.125], "texture": "#0"},
				"west": {"uv": [8.375, 7.875, 8.5, 8], "texture": "#0"},
				"up": {"uv": [6.375, 1.25, 5.375, 1.125], "texture": "#0"},
				"down": {"uv": [6.375, 1.25, 5.375, 1.375], "texture": "#0"}
			}
		}
	],
	"display": {
		"thirdperson_righthand": {
			"scale": [0.3, 0.3, 0.3]
		},
		"thirdperson_lefthand": {
			"scale": [0.3, 0.3, 0.3]
		},
		"firstperson_righthand": {
			"scale": [0.3, 0.3, 0.3]
		},
		"firstperson_lefthand": {
			"scale": [0.3, 0.3, 0.3]
		},
		"gui": {
			"rotation": [0, -58, 0],
			"translation": [0, -2.75, 0],
			"scale": [0.4, 0.4, 0.4]
		},
		"fixed": {
			"rotation": [-90, 0, 0],
			"translation": [0, 0, -15],
			"scale": [2, 2, 2]
		}
	},
	"groups": [
		{
			"name": "Tire 1",
			"origin": [8, 8, 8],
			"color": 0,
			"children": [
				{
					"name": "hexadecagon",
					"origin": [8, 8, 8],
					"color": 0,
					"children": [0, 1, 2, 3, 4, 5, 6, 7, 8, 9, 10, 11, 12, 13, 14, 15]
				},
				{
					"name": "hexadecagon",
					"origin": [8, 8, 8],
					"color": 0,
					"children": [16, 17, 18, 19, 20, 21, 22, 23]
				}
			]
		},
		{
			"name": "Tire 2",
			"origin": [8, 8, 8],
			"color": 0,
			"children": [
				{
					"name": "hexadecagon",
					"origin": [8, 8, 8],
					"color": 0,
					"children": [24, 25, 26, 27, 28, 29, 30, 31, 32, 33, 34, 35, 36, 37, 38, 39]
				},
				{
					"name": "hexadecagon",
					"origin": [8, 8, 8],
					"color": 0,
					"children": [40, 41, 42, 43, 44, 45, 46, 47]
				}
			]
		},
		{
			"name": "Tire 3",
			"origin": [8, 8, 8],
			"color": 0,
			"children": [
				{
					"name": "hexadecagon",
					"origin": [8, 8, 8],
					"color": 0,
					"children": [48, 49, 50, 51, 52, 53, 54, 55, 56, 57, 58, 59, 60, 61, 62, 63]
				},
				{
					"name": "hexadecagon",
					"origin": [8, 8, 8],
					"color": 0,
					"children": [64, 65, 66, 67, 68, 69, 70, 71]
				}
			]
		},
		{
			"name": "Tire 4",
			"origin": [8, 8, 8],
			"color": 0,
			"children": [
				{
					"name": "hexadecagon",
					"origin": [8, 8, 8],
					"color": 0,
					"children": [72, 73, 74, 75, 76, 77, 78, 79, 80, 81, 82, 83, 84, 85, 86, 87]
				},
				{
					"name": "hexadecagon",
					"origin": [8, 8, 8],
					"color": 0,
					"children": [88, 89, 90, 91, 92, 93, 94, 95]
				}
			]
		},
		96,
		97,
		98,
		99,
		100,
		101,
		102,
		103,
		104,
		105,
		106,
		107,
		108,
		109,
		110,
		111,
		112,
		113,
		114,
		115,
		116,
		117,
		118,
		119,
		120,
		121,
		122,
		123,
		124,
		125,
		126,
		127,
		128,
		129,
		130,
		131,
		132,
		133,
		134,
		135,
		136
	]
}