{
	"credit": "Made with Blockbench",
	"texture_size": [64, 64],
	"textures": {
		"0": "block/pole_holder_1",
		"particle": "block/pole_holder_1"
	},
	"elements": [
		{
			"from": [10, 2, 4],
			"to": [12, 3, 8],
			"faces": {
				"north": {"uv": [2.5, 9, 3, 9.25], "texture": "#0"},
				"east": {"uv": [0, 6.75, 1, 7], "texture": "#0"},
				"south": {"uv": [9, 2.5, 9.5, 2.75], "texture": "#0"},
				"west": {"uv": [4.5, 8, 5.5, 8.25], "texture": "#0"},
				"up": {"uv": [1, 9, 0.5, 8], "texture": "#0"},
				"down": {"uv": [1.5, 8, 1, 9], "texture": "#0"}
			}
		},
		{
			"from": [10, 3, 3],
			"to": [12, 5, 4],
			"faces": {
				"north": {"uv": [5.5, 8, 6, 8.5], "texture": "#0"},
				"east": {"uv": [9, 2.75, 9.25, 3.25], "texture": "#0"},
				"south": {"uv": [6, 8, 6.5, 8.5], "texture": "#0"},
				"west": {"uv": [3, 9, 3.25, 9.5], "texture": "#0"},
				"up": {"uv": [3.75, 9.25, 3.25, 9], "texture": "#0"},
				"down": {"uv": [9.5, 3.25, 9, 3.5], "texture": "#0"}
			}
		},
		{
			"from": [10, 9, 4],
			"to": [12, 10, 8],
			"faces": {
				"north": {"uv": [9, 3.5, 9.5, 3.75], "texture": "#0"},
				"east": {"uv": [6.5, 8, 7.5, 8.25], "texture": "#0"},
				"south": {"uv": [3.75, 9, 4.25, 9.25], "texture": "#0"},
				"west": {"uv": [8, 7, 9, 7.25], "texture": "#0"},
				"up": {"uv": [2, 9, 1.5, 8], "texture": "#0"},
				"down": {"uv": [2.5, 8, 2, 9], "texture": "#0"}
			}
		},
		{
			"from": [10, 10, 3],
			"to": [12, 12, 4],
			"faces": {
				"north": {"uv": [8, 7.25, 8.5, 7.75], "texture": "#0"},
				"east": {"uv": [9, 3.75, 9.25, 4.25], "texture": "#0"},
				"south": {"uv": [7.5, 8, 8, 8.5], "texture": "#0"},
				"west": {"uv": [4.25, 9, 4.5, 9.5], "texture": "#0"},
				"up": {"uv": [9.5, 4.5, 9, 4.25], "texture": "#0"},
				"down": {"uv": [9.5, 4.5, 9, 4.75], "texture": "#0"}
			}
		},
		{
			"from": [10, 16, 4],
			"to": [12, 17, 8],
			"faces": {
				"north": {"uv": [9, 4.75, 9.5, 5], "texture": "#0"},
				"east": {"uv": [8, 7.75, 9, 8], "texture": "#0"},
				"south": {"uv": [9, 5, 9.5, 5.25], "texture": "#0"},
				"west": {"uv": [8, 8, 9, 8.25], "texture": "#0"},
				"up": {"uv": [3, 9, 2.5, 8], "texture": "#0"},
				"down": {"uv": [3.5, 8, 3, 9], "texture": "#0"}
			}
		},
		{
			"from": [10, 17, 3],
			"to": [12, 19, 4],
			"faces": {
				"north": {"uv": [4.5, 8.25, 5, 8.75], "texture": "#0"},
				"east": {"uv": [9, 5.25, 9.25, 5.75], "texture": "#0"},
				"south": {"uv": [5, 8.25, 5.5, 8.75], "texture": "#0"},
				"west": {"uv": [5.5, 9, 5.75, 9.5], "texture": "#0"},
				"up": {"uv": [6.25, 9.25, 5.75, 9], "texture": "#0"},
				"down": {"uv": [9.5, 5.75, 9, 6], "texture": "#0"}
			}
		},
		{
			"from": [10, 23, 4],
			"to": [12, 24, 8],
			"faces": {
				"north": {"uv": [9, 6, 9.5, 6.25], "texture": "#0"},
				"east": {"uv": [6.5, 8.25, 7.5, 8.5], "texture": "#0"},
				"south": {"uv": [6.25, 9, 6.75, 9.25], "texture": "#0"},
				"west": {"uv": [8, 8.25, 9, 8.5], "texture": "#0"},
				"up": {"uv": [4, 9, 3.5, 8], "texture": "#0"},
				"down": {"uv": [4.5, 8, 4, 9], "texture": "#0"}
			}
		},
		{
			"from": [10, 24, 3],
			"to": [12, 26, 4],
			"faces": {
				"north": {"uv": [5.5, 8.5, 6, 9], "texture": "#0"},
				"east": {"uv": [9, 6.25, 9.25, 6.75], "texture": "#0"},
				"south": {"uv": [6, 8.5, 6.5, 9], "texture": "#0"},
				"west": {"uv": [6.75, 9, 7, 9.5], "texture": "#0"},
				"up": {"uv": [9.5, 7, 9, 6.75], "texture": "#0"},
				"down": {"uv": [7.5, 9, 7, 9.25], "texture": "#0"}
			}
		},
		{
			"name": "Board",
			"from": [10, 0, 8],
			"to": [12, 27, 9],
			"faces": {
				"north": {"uv": [0, 0, 0.5, 6.75], "texture": "#0"},
				"east": {"uv": [0, 8, 0.25, 14.75], "texture": "#0"},
				"south": {"uv": [0.5, 0, 1, 6.75], "texture": "#0"},
				"west": {"uv": [0.25, 8, 0.5, 14.75], "texture": "#0"},
				"up": {"uv": [9.5, 2.25, 9, 2], "texture": "#0"},
				"down": {"uv": [9.5, 2.25, 9, 2.5], "texture": "#0"}
			}
		},
		{
			"name": "Pole",
			"from": [0, 3, 4],
			"to": [16, 5, 6],
			"faces": {
				"north": {"uv": [1, 0, 5, 0.5], "texture": "#0"},
				"east": {"uv": [6.5, 8.5, 7, 9], "texture": "#0"},
				"south": {"uv": [1, 0.5, 5, 1], "texture": "#0"},
				"west": {"uv": [7, 8.5, 7.5, 9], "texture": "#0"},
				"up": {"uv": [5, 1.5, 1, 1], "texture": "#0"},
				"down": {"uv": [5, 1.5, 1, 2], "texture": "#0"}
			}
		},
		{
			"name": "Pole",
			"from": [0, 10, 4],
			"to": [16, 12, 6],
			"faces": {
				"north": {"uv": [1, 2, 5, 2.5], "texture": "#0"},
				"east": {"uv": [8.5, 7.25, 9, 7.75], "texture": "#0"},
				"south": {"uv": [1, 2.5, 5, 3], "texture": "#0"},
				"west": {"uv": [7.5, 8.5, 8, 9], "texture": "#0"},
				"up": {"uv": [5, 3.5, 1, 3], "texture": "#0"},
				"down": {"uv": [5, 3.5, 1, 4], "texture": "#0"}
			}
		},
		{
			"name": "Pole",
			"from": [0, 17, 4],
			"to": [16, 19, 6],
			"faces": {
				"north": {"uv": [1, 4, 5, 4.5], "texture": "#0"},
				"east": {"uv": [8, 8.5, 8.5, 9], "texture": "#0"},
				"south": {"uv": [1, 4.5, 5, 5], "texture": "#0"},
				"west": {"uv": [8.5, 8.5, 9, 9], "texture": "#0"},
				"up": {"uv": [9, 0.5, 5, 0], "texture": "#0"},
				"down": {"uv": [9, 0.5, 5, 1], "texture": "#0"}
			}
		},
		{
			"name": "Pole",
			"from": [0, 24, 4],
			"to": [16, 26, 6],
			"faces": {
				"north": {"uv": [1, 5, 5, 5.5], "texture": "#0"},
				"east": {"uv": [4.5, 8.75, 5, 9.25], "texture": "#0"},
				"south": {"uv": [5, 1, 9, 1.5], "texture": "#0"},
				"west": {"uv": [5, 8.75, 5.5, 9.25], "texture": "#0"},
				"up": {"uv": [9, 2, 5, 1.5], "texture": "#0"},
				"down": {"uv": [9, 2, 5, 2.5], "texture": "#0"}
			}
		},
		{
			"name": "Pole",
			"from": [0, 3.5, 6],
			"to": [16, 5.5, 8],
			"faces": {
				"north": {"uv": [5, 2.5, 9, 3], "texture": "#0"},
				"east": {"uv": [9, 0, 9.5, 0.5], "texture": "#0"},
				"south": {"uv": [5, 3, 9, 3.5], "texture": "#0"},
				"west": {"uv": [0.5, 9, 1, 9.5], "texture": "#0"},
				"up": {"uv": [9, 4, 5, 3.5], "texture": "#0"},
				"down": {"uv": [9, 4, 5, 4.5], "texture": "#0"}
			}
		},
		{
			"name": "Pole",
			"from": [0, 10.5, 6],
			"to": [16, 12.5, 8],
			"faces": {
				"north": {"uv": [5, 4.5, 9, 5], "texture": "#0"},
				"east": {"uv": [9, 0.5, 9.5, 1], "texture": "#0"},
				"south": {"uv": [5, 5, 9, 5.5], "texture": "#0"},
				"west": {"uv": [1, 9, 1.5, 9.5], "texture": "#0"},
				"up": {"uv": [5, 6, 1, 5.5], "texture": "#0"},
				"down": {"uv": [9, 5.5, 5, 6], "texture": "#0"}
			}
		},
		{
			"name": "Pole",
			"from": [0, 17.5, 6],
			"to": [16, 19.5, 8],
			"faces": {
				"north": {"uv": [1, 6, 5, 6.5], "texture": "#0"},
				"east": {"uv": [9, 1, 9.5, 1.5], "texture": "#0"},
				"south": {"uv": [5, 6, 9, 6.5], "texture": "#0"},
				"west": {"uv": [1.5, 9, 2, 9.5], "texture": "#0"},
				"up": {"uv": [5, 7, 1, 6.5], "texture": "#0"},
				"down": {"uv": [9, 6.5, 5, 7], "texture": "#0"}
			}
		},
		{
			"name": "Pole",
			"from": [0, 24.5, 6],
			"to": [16, 26.5, 8],
			"faces": {
				"north": {"uv": [0, 7, 4, 7.5], "texture": "#0"},
				"east": {"uv": [9, 1.5, 9.5, 2], "texture": "#0"},
				"south": {"uv": [4, 7, 8, 7.5], "texture": "#0"},
				"west": {"uv": [2, 9, 2.5, 9.5], "texture": "#0"},
				"up": {"uv": [4, 8, 0, 7.5], "texture": "#0"},
				"down": {"uv": [8, 7.5, 4, 8], "texture": "#0"}
			}
		}
	],
	"display": {
		"thirdperson_righthand": {
			"scale": [0.3, 0.3, 0.3]
		},
		"thirdperson_lefthand": {
			"scale": [0.3, 0.3, 0.3]
		},
		"firstperson_righthand": {
			"scale": [0.3, 0.3, 0.3]
		},
		"firstperson_lefthand": {
			"scale": [0.3, 0.3, 0.3]
		},
		"ground": {
			"translation": [0, 4.25, 0]
		},
		"gui": {
			"rotation": [0, 165, 0],
			"translation": [0.5, -3, 0],
			"scale": [0.5, 0.5, 0.5]
		},
		"fixed": {
			"translation": [0, 0, -1],
			"scale": [2, 2, 2]
		}
	},
	"groups": [
		{
			"name": "Holders",
			"origin": [0, 0, 0],
			"color": 0,
			"children": [0, 1, 2, 3, 4, 5, 6, 7]
		},
		8,
		9,
		10,
		11,
		12,
		13,
		14,
		15,
		16
	]
}