{
	"credit": "Made with Blockbench",
	"texture_size": [128, 128],
	"textures": {
		"0": "block/polo_wraps_box",
		"particle": "block/polo_wraps_box"
	},
	"elements": [
		{
			"name": "hexadecagon",
			"from": [12.70163, 0.1, 11.5],
			"to": [13.29837, 4.1, 14.5],
			"rotation": {"angle": -45, "axis": "y", "origin": [13, 2.1, 13]},
			"faces": {
				"north": {"uv": [1.625, 4.5, 1.75, 5], "texture": "#0"},
				"east": {"uv": [4.125, 4.5, 4.5, 5], "texture": "#0"},
				"south": {"uv": [1.5, 4.625, 1.625, 5.125], "texture": "#0"},
				"west": {"uv": [4.5, 4.5, 4.875, 5], "texture": "#0"},
				"up": {"uv": [4.125, 5, 4, 4.625], "texture": "#0"},
				"down": {"uv": [1.625, 5.625, 1.5, 6], "texture": "#0"}
			}
		},
		{
			"name": "hexadecagon",
			"from": [12.70163, 0.1, 11.5],
			"to": [13.29837, 4.1, 14.5],
			"rotation": {"angle": -22.5, "axis": "y", "origin": [13, 2.1, 13]},
			"faces": {
				"north": {"uv": [1.625, 5, 1.75, 5.5], "texture": "#0"},
				"east": {"uv": [0, 4.625, 0.375, 5.125], "texture": "#0"},
				"south": {"uv": [1.5, 5.125, 1.625, 5.625], "texture": "#0"},
				"west": {"uv": [0.375, 4.625, 0.75, 5.125], "texture": "#0"},
				"up": {"uv": [3.875, 6.5, 3.75, 6.125], "texture": "#0"},
				"down": {"uv": [4, 6.125, 3.875, 6.5], "texture": "#0"}
			}
		},
		{
			"name": "hexadecagon",
			"from": [12.70163, 0.1, 11.5],
			"to": [13.29837, 4.1, 14.5],
			"rotation": {"angle": 0, "axis": "y", "origin": [13, 2.1, 13]},
			"faces": {
				"north": {"uv": [1.625, 5.5, 1.75, 6], "texture": "#0"},
				"east": {"uv": [0.75, 4.625, 1.125, 5.125], "texture": "#0"},
				"south": {"uv": [5.25, 8.5, 5.375, 9], "texture": "#0"},
				"west": {"uv": [1.125, 4.625, 1.5, 5.125], "texture": "#0"},
				"up": {"uv": [1.875, 9.875, 1.75, 9.5], "texture": "#0"},
				"down": {"uv": [2, 9.5, 1.875, 9.875], "texture": "#0"}
			}
		},
		{
			"name": "hexadecagon",
			"from": [12.70163, 0.1, 11.5],
			"to": [13.29837, 4.1, 14.5],
			"rotation": {"angle": 22.5, "axis": "y", "origin": [13, 2.1, 13]},
			"faces": {
				"north": {"uv": [5.375, 8.5, 5.5, 9], "texture": "#0"},
				"east": {"uv": [2.5, 4.625, 2.875, 5.125], "texture": "#0"},
				"south": {"uv": [5.5, 8.5, 5.625, 9], "texture": "#0"},
				"west": {"uv": [2.875, 4.625, 3.25, 5.125], "texture": "#0"},
				"up": {"uv": [2.125, 9.875, 2, 9.5], "texture": "#0"},
				"down": {"uv": [9.625, 2, 9.5, 2.375], "texture": "#0"}
			}
		},
		{
			"name": "hexadecagon",
			"from": [12.70163, 0.1, 11.5],
			"to": [13.29837, 4.1, 14.5],
			"rotation": {"angle": 45, "axis": "y", "origin": [13, 2.1, 13]},
			"faces": {
				"north": {"uv": [8.5, 5.5, 8.625, 6], "texture": "#0"},
				"east": {"uv": [3.25, 4.625, 3.625, 5.125], "texture": "#0"},
				"south": {"uv": [5.625, 8.5, 5.75, 9], "texture": "#0"},
				"west": {"uv": [3.625, 4.625, 4, 5.125], "texture": "#0"},
				"up": {"uv": [2.25, 9.875, 2.125, 9.5], "texture": "#0"},
				"down": {"uv": [9.625, 2.375, 9.5, 2.75], "texture": "#0"}
			}
		},
		{
			"name": "hexadecagon",
			"from": [11.5, 0.1, 12.70163],
			"to": [14.5, 4.1, 13.29837],
			"rotation": {"angle": -22.5, "axis": "y", "origin": [13, 2.1, 13]},
			"faces": {
				"north": {"uv": [4.875, 4.5, 5.25, 5], "texture": "#0"},
				"east": {"uv": [5.75, 8.5, 5.875, 9], "texture": "#0"},
				"south": {"uv": [4, 5, 4.375, 5.5], "texture": "#0"},
				"west": {"uv": [5.875, 8.5, 6, 9], "texture": "#0"},
				"up": {"uv": [5.75, 4, 5.375, 3.875], "texture": "#0"},
				"down": {"uv": [5.75, 4, 5.375, 4.125], "texture": "#0"}
			}
		},
		{
			"name": "hexadecagon",
			"from": [11.5, 0.1, 12.70163],
			"to": [14.5, 4.1, 13.29837],
			"rotation": {"angle": 0, "axis": "y", "origin": [13, 2.1, 13]},
			"faces": {
				"north": {"uv": [4.375, 5, 4.75, 5.5], "texture": "#0"},
				"east": {"uv": [8.5, 6, 8.625, 6.5], "texture": "#0"},
				"south": {"uv": [4.75, 5, 5.125, 5.5], "texture": "#0"},
				"west": {"uv": [6.375, 8.5, 6.5, 9], "texture": "#0"},
				"up": {"uv": [9.875, 2.875, 9.5, 2.75], "texture": "#0"},
				"down": {"uv": [9.875, 2.875, 9.5, 3], "texture": "#0"}
			}
		},
		{
			"name": "hexadecagon",
			"from": [11.5, 0.1, 12.70163],
			"to": [14.5, 4.1, 13.29837],
			"rotation": {"angle": 22.5, "axis": "y", "origin": [13, 2.1, 13]},
			"faces": {
				"north": {"uv": [0, 5.125, 0.375, 5.625], "texture": "#0"},
				"east": {"uv": [6.5, 8.5, 6.625, 9], "texture": "#0"},
				"south": {"uv": [0.375, 5.125, 0.75, 5.625], "texture": "#0"},
				"west": {"uv": [8.5, 6.5, 8.625, 7], "texture": "#0"},
				"up": {"uv": [9.875, 3.125, 9.5, 3], "texture": "#0"},
				"down": {"uv": [9.875, 3.125, 9.5, 3.25], "texture": "#0"}
			}
		},
		{
			"from": [0.5, 0, 0.5],
			"to": [15.5, 1, 15.5],
			"rotation": {"angle": 0, "axis": "y", "origin": [-1.5, 0, -1.5]},
			"faces": {
				"north": {"uv": [3.5, 3.75, 5.375, 3.875], "texture": "#0"},
				"east": {"uv": [3.5, 3.875, 5.375, 4], "texture": "#0"},
				"south": {"uv": [3.5, 4, 5.375, 4.125], "texture": "#0"},
				"west": {"uv": [0, 4.125, 1.875, 4.25], "texture": "#0"},
				"up": {"uv": [1.875, 1.875, 0, 0], "texture": "#0"},
				"down": {"uv": [1.875, 1.875, 0, 3.75], "texture": "#0"}
			}
		},
		{
			"from": [0.5, 4, 0.5],
			"to": [15.5, 5, 15.5],
			"rotation": {"angle": 0, "axis": "y", "origin": [-1.5, 0, -1.5]},
			"faces": {
				"north": {"uv": [2.375, 4.125, 4.25, 4.25], "texture": "#0"},
				"east": {"uv": [0, 4.25, 1.875, 4.375], "texture": "#0"},
				"south": {"uv": [2.375, 4.25, 4.25, 4.375], "texture": "#0"},
				"west": {"uv": [4.25, 4.125, 6.125, 4.25], "texture": "#0"},
				"up": {"uv": [3.75, 1.875, 1.875, 0], "texture": "#0"},
				"down": {"uv": [3.75, 1.875, 1.875, 3.75], "texture": "#0"}
			}
		},
		{
			"from": [14.5, 1, 0.5],
			"to": [15.5, 4, 15.5],
			"rotation": {"angle": 0, "axis": "y", "origin": [-1.5, 0, -1.5]},
			"faces": {
				"north": {"uv": [9.5, 8.5, 9.625, 8.875], "texture": "#0"},
				"east": {"uv": [0, 3.75, 1.875, 4.125], "texture": "#0"},
				"south": {"uv": [8.875, 9.5, 9, 9.875], "texture": "#0"},
				"west": {"uv": [3.75, 0, 5.625, 0.375], "texture": "#0"},
				"up": {"uv": [2, 6, 1.875, 4.125], "texture": "#0"},
				"down": {"uv": [2.125, 4.125, 2, 6], "texture": "#0"}
			}
		},
		{
			"from": [0.5, 1, 0.5],
			"to": [1.5, 4, 15.5],
			"rotation": {"angle": 0, "axis": "y", "origin": [-1.5, 0, -1.5]},
			"faces": {
				"north": {"uv": [9.5, 8.875, 9.625, 9.25], "texture": "#0"},
				"east": {"uv": [3.75, 0.375, 5.625, 0.75], "texture": "#0"},
				"south": {"uv": [9, 9.5, 9.125, 9.875], "texture": "#0"},
				"west": {"uv": [3.75, 0.75, 5.625, 1.125], "texture": "#0"},
				"up": {"uv": [2.25, 6, 2.125, 4.125], "texture": "#0"},
				"down": {"uv": [2.375, 4.125, 2.25, 6], "texture": "#0"}
			}
		},
		{
			"from": [7.5, 1, 1.5],
			"to": [8.5, 4, 14.5],
			"rotation": {"angle": 0, "axis": "y", "origin": [-0.5, 0, -0.5]},
			"faces": {
				"north": {"uv": [9.125, 9.5, 9.25, 9.875], "texture": "#0"},
				"east": {"uv": [1.875, 3.75, 3.5, 4.125], "texture": "#0"},
				"south": {"uv": [9.25, 9.5, 9.375, 9.875], "texture": "#0"},
				"west": {"uv": [3.75, 1.875, 5.375, 2.25], "texture": "#0"},
				"up": {"uv": [1.875, 6, 1.75, 4.375], "texture": "#0"},
				"down": {"uv": [2.5, 4.375, 2.375, 6], "texture": "#0"}
			}
		},
		{
			"from": [1.5, 1, 0.5],
			"to": [14.5, 4, 1.5],
			"rotation": {"angle": 0, "axis": "y", "origin": [-1.5, 0, -1.5]},
			"faces": {
				"north": {"uv": [3.75, 2.25, 5.375, 2.625], "texture": "#0"},
				"east": {"uv": [9.5, 9.25, 9.625, 9.625], "texture": "#0"},
				"south": {"uv": [3.75, 2.625, 5.375, 3], "texture": "#0"},
				"west": {"uv": [9.375, 9.5, 9.5, 9.875], "texture": "#0"},
				"up": {"uv": [4.125, 4.5, 2.5, 4.375], "texture": "#0"},
				"down": {"uv": [5.75, 4.375, 4.125, 4.5], "texture": "#0"}
			}
		},
		{
			"from": [1.5, 1, 14.5],
			"to": [14.5, 4, 15.5],
			"rotation": {"angle": 0, "axis": "y", "origin": [-1.5, 0, -1.5]},
			"faces": {
				"north": {"uv": [3.75, 3, 5.375, 3.375], "texture": "#0"},
				"east": {"uv": [0, 9.625, 0.125, 10], "texture": "#0"},
				"south": {"uv": [3.75, 3.375, 5.375, 3.75], "texture": "#0"},
				"west": {"uv": [9.625, 0, 9.75, 0.375], "texture": "#0"},
				"up": {"uv": [1.625, 4.625, 0, 4.5], "texture": "#0"},
				"down": {"uv": [4.125, 4.5, 2.5, 4.625], "texture": "#0"}
			}
		},
		{
			"from": [1.5, 1, 7.5],
			"to": [15.5, 4, 8.5],
			"rotation": {"angle": 0, "axis": "y", "origin": [-1.5, 0, -1.5]},
			"faces": {
				"north": {"uv": [3.75, 1.125, 5.5, 1.5], "texture": "#0"},
				"east": {"uv": [0.125, 9.625, 0.25, 10], "texture": "#0"},
				"south": {"uv": [3.75, 1.5, 5.5, 1.875], "texture": "#0"},
				"west": {"uv": [0.25, 9.625, 0.375, 10], "texture": "#0"},
				"up": {"uv": [6, 4.375, 4.25, 4.25], "texture": "#0"},
				"down": {"uv": [1.75, 4.375, 0, 4.5], "texture": "#0"}
			}
		},
		{
			"name": "hexadecagon",
			"from": [5.70163, 0.1, 11.5],
			"to": [6.29837, 4.1, 14.5],
			"rotation": {"angle": -45, "axis": "y", "origin": [6, 2.1, 13]},
			"faces": {
				"north": {"uv": [8.625, 8, 8.75, 8.5], "texture": "#0"},
				"east": {"uv": [5.875, 6, 6.25, 6.5], "texture": "#0"},
				"south": {"uv": [8.625, 8.5, 8.75, 9], "texture": "#0"},
				"west": {"uv": [0, 6.125, 0.375, 6.625], "texture": "#0"},
				"up": {"uv": [0.5, 10, 0.375, 9.625], "texture": "#0"},
				"down": {"uv": [9.75, 0.375, 9.625, 0.75], "texture": "#0"}
			}
		},
		{
			"name": "hexadecagon",
			"from": [5.70163, 0.1, 11.5],
			"to": [6.29837, 4.1, 14.5],
			"rotation": {"angle": -22.5, "axis": "y", "origin": [6, 2.1, 13]},
			"faces": {
				"north": {"uv": [8.75, 0, 8.875, 0.5], "texture": "#0"},
				"east": {"uv": [0.375, 6.125, 0.75, 6.625], "texture": "#0"},
				"south": {"uv": [8.75, 0.5, 8.875, 1], "texture": "#0"},
				"west": {"uv": [0.75, 6.125, 1.125, 6.625], "texture": "#0"},
				"up": {"uv": [0.625, 10, 0.5, 9.625], "texture": "#0"},
				"down": {"uv": [0.75, 9.625, 0.625, 10], "texture": "#0"}
			}
		},
		{
			"name": "hexadecagon",
			"from": [5.70163, 0.1, 11.5],
			"to": [6.29837, 4.1, 14.5],
			"rotation": {"angle": 0, "axis": "y", "origin": [6, 2.1, 13]},
			"faces": {
				"north": {"uv": [8.75, 1.5, 8.875, 2], "texture": "#0"},
				"east": {"uv": [1.125, 6.125, 1.5, 6.625], "texture": "#0"},
				"south": {"uv": [8.75, 2, 8.875, 2.5], "texture": "#0"},
				"west": {"uv": [6.125, 1.5, 6.5, 2], "texture": "#0"},
				"up": {"uv": [0.875, 10, 0.75, 9.625], "texture": "#0"},
				"down": {"uv": [9.75, 0.75, 9.625, 1.125], "texture": "#0"}
			}
		},
		{
			"name": "hexadecagon",
			"from": [5.70163, 0.1, 11.5],
			"to": [6.29837, 4.1, 14.5],
			"rotation": {"angle": 22.5, "axis": "y", "origin": [6, 2.1, 13]},
			"faces": {
				"north": {"uv": [8.75, 2.5, 8.875, 3], "texture": "#0"},
				"east": {"uv": [6.125, 2, 6.5, 2.5], "texture": "#0"},
				"south": {"uv": [8.75, 3, 8.875, 3.5], "texture": "#0"},
				"west": {"uv": [2.25, 6.125, 2.625, 6.625], "texture": "#0"},
				"up": {"uv": [1, 10, 0.875, 9.625], "texture": "#0"},
				"down": {"uv": [1.125, 9.625, 1, 10], "texture": "#0"}
			}
		},
		{
			"name": "hexadecagon",
			"from": [5.70163, 0.1, 11.5],
			"to": [6.29837, 4.1, 14.5],
			"rotation": {"angle": 45, "axis": "y", "origin": [6, 2.1, 13]},
			"faces": {
				"north": {"uv": [8.75, 3.5, 8.875, 4], "texture": "#0"},
				"east": {"uv": [6.125, 2.5, 6.5, 3], "texture": "#0"},
				"south": {"uv": [8.75, 4, 8.875, 4.5], "texture": "#0"},
				"west": {"uv": [2.625, 6.125, 3, 6.625], "texture": "#0"},
				"up": {"uv": [1.25, 10, 1.125, 9.625], "texture": "#0"},
				"down": {"uv": [9.75, 1.125, 9.625, 1.5], "texture": "#0"}
			}
		},
		{
			"name": "hexadecagon",
			"from": [4.5, 0.1, 12.70163],
			"to": [7.5, 4.1, 13.29837],
			"rotation": {"angle": -22.5, "axis": "y", "origin": [6, 2.1, 13]},
			"faces": {
				"north": {"uv": [3, 6.125, 3.375, 6.625], "texture": "#0"},
				"east": {"uv": [8.75, 5.5, 8.875, 6], "texture": "#0"},
				"south": {"uv": [6.125, 3, 6.5, 3.5], "texture": "#0"},
				"west": {"uv": [6, 8.75, 6.125, 9.25], "texture": "#0"},
				"up": {"uv": [10, 1.625, 9.625, 1.5], "texture": "#0"},
				"down": {"uv": [10, 1.625, 9.625, 1.75], "texture": "#0"}
			}
		},
		{
			"name": "hexadecagon",
			"from": [4.5, 0.1, 12.70163],
			"to": [7.5, 4.1, 13.29837],
			"rotation": {"angle": 0, "axis": "y", "origin": [6, 2.1, 13]},
			"faces": {
				"north": {"uv": [3.375, 6.125, 3.75, 6.625], "texture": "#0"},
				"east": {"uv": [8.75, 6, 8.875, 6.5], "texture": "#0"},
				"south": {"uv": [6.125, 3.5, 6.5, 4], "texture": "#0"},
				"west": {"uv": [6.125, 8.75, 6.25, 9.25], "texture": "#0"},
				"up": {"uv": [10, 1.875, 9.625, 1.75], "texture": "#0"},
				"down": {"uv": [10, 1.875, 9.625, 2], "texture": "#0"}
			}
		},
		{
			"name": "hexadecagon",
			"from": [4.5, 0.1, 12.70163],
			"to": [7.5, 4.1, 13.29837],
			"rotation": {"angle": 22.5, "axis": "y", "origin": [6, 2.1, 13]},
			"faces": {
				"north": {"uv": [6.25, 1, 6.625, 1.5], "texture": "#0"},
				"east": {"uv": [6.25, 8.75, 6.375, 9.25], "texture": "#0"},
				"south": {"uv": [6.25, 4.75, 6.625, 5.25], "texture": "#0"},
				"west": {"uv": [8.75, 6.5, 8.875, 7], "texture": "#0"},
				"up": {"uv": [10, 2.125, 9.625, 2], "texture": "#0"},
				"down": {"uv": [10, 2.125, 9.625, 2.25], "texture": "#0"}
			}
		},
		{
			"name": "hexadecagon",
			"from": [2.70163, 0.1, 11.5],
			"to": [3.29837, 4.1, 14.5],
			"rotation": {"angle": -45, "axis": "y", "origin": [3, 2.1, 13]},
			"faces": {
				"north": {"uv": [8.625, 8, 8.75, 8.5], "texture": "#0"},
				"east": {"uv": [5.875, 6, 6.25, 6.5], "texture": "#0"},
				"south": {"uv": [8.625, 8.5, 8.75, 9], "texture": "#0"},
				"west": {"uv": [0, 6.125, 0.375, 6.625], "texture": "#0"},
				"up": {"uv": [0.5, 10, 0.375, 9.625], "texture": "#0"},
				"down": {"uv": [9.75, 0.375, 9.625, 0.75], "texture": "#0"}
			}
		},
		{
			"name": "hexadecagon",
			"from": [2.70163, 0.1, 11.5],
			"to": [3.29837, 4.1, 14.5],
			"rotation": {"angle": -22.5, "axis": "y", "origin": [3, 2.1, 13]},
			"faces": {
				"north": {"uv": [8.75, 0, 8.875, 0.5], "texture": "#0"},
				"east": {"uv": [0.375, 6.125, 0.75, 6.625], "texture": "#0"},
				"south": {"uv": [8.75, 0.5, 8.875, 1], "texture": "#0"},
				"west": {"uv": [0.75, 6.125, 1.125, 6.625], "texture": "#0"},
				"up": {"uv": [0.625, 10, 0.5, 9.625], "texture": "#0"},
				"down": {"uv": [0.75, 9.625, 0.625, 10], "texture": "#0"}
			}
		},
		{
			"name": "hexadecagon",
			"from": [2.70163, 0.1, 11.5],
			"to": [3.29837, 4.1, 14.5],
			"rotation": {"angle": 0, "axis": "y", "origin": [3, 2.1, 13]},
			"faces": {
				"north": {"uv": [8.75, 1.5, 8.875, 2], "texture": "#0"},
				"east": {"uv": [1.125, 6.125, 1.5, 6.625], "texture": "#0"},
				"south": {"uv": [8.75, 2, 8.875, 2.5], "texture": "#0"},
				"west": {"uv": [6.125, 1.5, 6.5, 2], "texture": "#0"},
				"up": {"uv": [0.875, 10, 0.75, 9.625], "texture": "#0"},
				"down": {"uv": [9.75, 0.75, 9.625, 1.125], "texture": "#0"}
			}
		},
		{
			"name": "hexadecagon",
			"from": [2.70163, 0.1, 11.5],
			"to": [3.29837, 4.1, 14.5],
			"rotation": {"angle": 22.5, "axis": "y", "origin": [3, 2.1, 13]},
			"faces": {
				"north": {"uv": [8.75, 2.5, 8.875, 3], "texture": "#0"},
				"east": {"uv": [6.125, 2, 6.5, 2.5], "texture": "#0"},
				"south": {"uv": [8.75, 3, 8.875, 3.5], "texture": "#0"},
				"west": {"uv": [2.25, 6.125, 2.625, 6.625], "texture": "#0"},
				"up": {"uv": [1, 10, 0.875, 9.625], "texture": "#0"},
				"down": {"uv": [1.125, 9.625, 1, 10], "texture": "#0"}
			}
		},
		{
			"name": "hexadecagon",
			"from": [2.70163, 0.1, 11.5],
			"to": [3.29837, 4.1, 14.5],
			"rotation": {"angle": 45, "axis": "y", "origin": [3, 2.1, 13]},
			"faces": {
				"north": {"uv": [8.75, 3.5, 8.875, 4], "texture": "#0"},
				"east": {"uv": [6.125, 2.5, 6.5, 3], "texture": "#0"},
				"south": {"uv": [8.75, 4, 8.875, 4.5], "texture": "#0"},
				"west": {"uv": [2.625, 6.125, 3, 6.625], "texture": "#0"},
				"up": {"uv": [1.25, 10, 1.125, 9.625], "texture": "#0"},
				"down": {"uv": [9.75, 1.125, 9.625, 1.5], "texture": "#0"}
			}
		},
		{
			"name": "hexadecagon",
			"from": [1.5, 0.1, 12.70163],
			"to": [4.5, 4.1, 13.29837],
			"rotation": {"angle": -22.5, "axis": "y", "origin": [3, 2.1, 13]},
			"faces": {
				"north": {"uv": [3, 6.125, 3.375, 6.625], "texture": "#0"},
				"east": {"uv": [8.75, 5.5, 8.875, 6], "texture": "#0"},
				"south": {"uv": [6.125, 3, 6.5, 3.5], "texture": "#0"},
				"west": {"uv": [6, 8.75, 6.125, 9.25], "texture": "#0"},
				"up": {"uv": [10, 1.625, 9.625, 1.5], "texture": "#0"},
				"down": {"uv": [10, 1.625, 9.625, 1.75], "texture": "#0"}
			}
		},
		{
			"name": "hexadecagon",
			"from": [1.5, 0.1, 12.70163],
			"to": [4.5, 4.1, 13.29837],
			"rotation": {"angle": 0, "axis": "y", "origin": [3, 2.1, 13]},
			"faces": {
				"north": {"uv": [3.375, 6.125, 3.75, 6.625], "texture": "#0"},
				"east": {"uv": [8.75, 6, 8.875, 6.5], "texture": "#0"},
				"south": {"uv": [6.125, 3.5, 6.5, 4], "texture": "#0"},
				"west": {"uv": [6.125, 8.75, 6.25, 9.25], "texture": "#0"},
				"up": {"uv": [10, 1.875, 9.625, 1.75], "texture": "#0"},
				"down": {"uv": [10, 1.875, 9.625, 2], "texture": "#0"}
			}
		},
		{
			"name": "hexadecagon",
			"from": [1.5, 0.1, 12.70163],
			"to": [4.5, 4.1, 13.29837],
			"rotation": {"angle": 22.5, "axis": "y", "origin": [3, 2.1, 13]},
			"faces": {
				"north": {"uv": [6.25, 1, 6.625, 1.5], "texture": "#0"},
				"east": {"uv": [6.25, 8.75, 6.375, 9.25], "texture": "#0"},
				"south": {"uv": [6.25, 4.75, 6.625, 5.25], "texture": "#0"},
				"west": {"uv": [8.75, 6.5, 8.875, 7], "texture": "#0"},
				"up": {"uv": [10, 2.125, 9.625, 2], "texture": "#0"},
				"down": {"uv": [10, 2.125, 9.625, 2.25], "texture": "#0"}
			}
		},
		{
			"name": "hexadecagon",
			"from": [2.70163, 0.1, 8.5],
			"to": [3.29837, 4.1, 11.5],
			"rotation": {"angle": -45, "axis": "y", "origin": [3, 2.1, 10]},
			"faces": {
				"north": {"uv": [8.625, 8, 8.75, 8.5], "texture": "#0"},
				"east": {"uv": [5.875, 6, 6.25, 6.5], "texture": "#0"},
				"south": {"uv": [8.625, 8.5, 8.75, 9], "texture": "#0"},
				"west": {"uv": [0, 6.125, 0.375, 6.625], "texture": "#0"},
				"up": {"uv": [0.5, 10, 0.375, 9.625], "texture": "#0"},
				"down": {"uv": [9.75, 0.375, 9.625, 0.75], "texture": "#0"}
			}
		},
		{
			"name": "hexadecagon",
			"from": [2.70163, 0.1, 8.5],
			"to": [3.29837, 4.1, 11.5],
			"rotation": {"angle": -22.5, "axis": "y", "origin": [3, 2.1, 10]},
			"faces": {
				"north": {"uv": [8.75, 0, 8.875, 0.5], "texture": "#0"},
				"east": {"uv": [0.375, 6.125, 0.75, 6.625], "texture": "#0"},
				"south": {"uv": [8.75, 0.5, 8.875, 1], "texture": "#0"},
				"west": {"uv": [0.75, 6.125, 1.125, 6.625], "texture": "#0"},
				"up": {"uv": [0.625, 10, 0.5, 9.625], "texture": "#0"},
				"down": {"uv": [0.75, 9.625, 0.625, 10], "texture": "#0"}
			}
		},
		{
			"name": "hexadecagon",
			"from": [2.70163, 0.1, 8.5],
			"to": [3.29837, 4.1, 11.5],
			"rotation": {"angle": 0, "axis": "y", "origin": [3, 2.1, 10]},
			"faces": {
				"north": {"uv": [8.75, 1.5, 8.875, 2], "texture": "#0"},
				"east": {"uv": [1.125, 6.125, 1.5, 6.625], "texture": "#0"},
				"south": {"uv": [8.75, 2, 8.875, 2.5], "texture": "#0"},
				"west": {"uv": [6.125, 1.5, 6.5, 2], "texture": "#0"},
				"up": {"uv": [0.875, 10, 0.75, 9.625], "texture": "#0"},
				"down": {"uv": [9.75, 0.75, 9.625, 1.125], "texture": "#0"}
			}
		},
		{
			"name": "hexadecagon",
			"from": [2.70163, 0.1, 8.5],
			"to": [3.29837, 4.1, 11.5],
			"rotation": {"angle": 22.5, "axis": "y", "origin": [3, 2.1, 10]},
			"faces": {
				"north": {"uv": [8.75, 2.5, 8.875, 3], "texture": "#0"},
				"east": {"uv": [6.125, 2, 6.5, 2.5], "texture": "#0"},
				"south": {"uv": [8.75, 3, 8.875, 3.5], "texture": "#0"},
				"west": {"uv": [2.25, 6.125, 2.625, 6.625], "texture": "#0"},
				"up": {"uv": [1, 10, 0.875, 9.625], "texture": "#0"},
				"down": {"uv": [1.125, 9.625, 1, 10], "texture": "#0"}
			}
		},
		{
			"name": "hexadecagon",
			"from": [2.70163, 0.1, 8.5],
			"to": [3.29837, 4.1, 11.5],
			"rotation": {"angle": 45, "axis": "y", "origin": [3, 2.1, 10]},
			"faces": {
				"north": {"uv": [8.75, 3.5, 8.875, 4], "texture": "#0"},
				"east": {"uv": [6.125, 2.5, 6.5, 3], "texture": "#0"},
				"south": {"uv": [8.75, 4, 8.875, 4.5], "texture": "#0"},
				"west": {"uv": [2.625, 6.125, 3, 6.625], "texture": "#0"},
				"up": {"uv": [1.25, 10, 1.125, 9.625], "texture": "#0"},
				"down": {"uv": [9.75, 1.125, 9.625, 1.5], "texture": "#0"}
			}
		},
		{
			"name": "hexadecagon",
			"from": [1.5, 0.1, 9.70163],
			"to": [4.5, 4.1, 10.29837],
			"rotation": {"angle": -22.5, "axis": "y", "origin": [3, 2.1, 10]},
			"faces": {
				"north": {"uv": [3, 6.125, 3.375, 6.625], "texture": "#0"},
				"east": {"uv": [8.75, 5.5, 8.875, 6], "texture": "#0"},
				"south": {"uv": [6.125, 3, 6.5, 3.5], "texture": "#0"},
				"west": {"uv": [6, 8.75, 6.125, 9.25], "texture": "#0"},
				"up": {"uv": [10, 1.625, 9.625, 1.5], "texture": "#0"},
				"down": {"uv": [10, 1.625, 9.625, 1.75], "texture": "#0"}
			}
		},
		{
			"name": "hexadecagon",
			"from": [1.5, 0.1, 9.70163],
			"to": [4.5, 4.1, 10.29837],
			"rotation": {"angle": 0, "axis": "y", "origin": [3, 2.1, 10]},
			"faces": {
				"north": {"uv": [3.375, 6.125, 3.75, 6.625], "texture": "#0"},
				"east": {"uv": [8.75, 6, 8.875, 6.5], "texture": "#0"},
				"south": {"uv": [6.125, 3.5, 6.5, 4], "texture": "#0"},
				"west": {"uv": [6.125, 8.75, 6.25, 9.25], "texture": "#0"},
				"up": {"uv": [10, 1.875, 9.625, 1.75], "texture": "#0"},
				"down": {"uv": [10, 1.875, 9.625, 2], "texture": "#0"}
			}
		},
		{
			"name": "hexadecagon",
			"from": [1.5, 0.1, 9.70163],
			"to": [4.5, 4.1, 10.29837],
			"rotation": {"angle": 22.5, "axis": "y", "origin": [3, 2.1, 10]},
			"faces": {
				"north": {"uv": [6.25, 1, 6.625, 1.5], "texture": "#0"},
				"east": {"uv": [6.25, 8.75, 6.375, 9.25], "texture": "#0"},
				"south": {"uv": [6.25, 4.75, 6.625, 5.25], "texture": "#0"},
				"west": {"uv": [8.75, 6.5, 8.875, 7], "texture": "#0"},
				"up": {"uv": [10, 2.125, 9.625, 2], "texture": "#0"},
				"down": {"uv": [10, 2.125, 9.625, 2.25], "texture": "#0"}
			}
		},
		{
			"name": "hexadecagon",
			"from": [5.70163, 0.1, 8.5],
			"to": [6.29837, 4.1, 11.5],
			"rotation": {"angle": -45, "axis": "y", "origin": [6, 2.1, 10]},
			"faces": {
				"north": {"uv": [8.625, 8, 8.75, 8.5], "texture": "#0"},
				"east": {"uv": [5.875, 6, 6.25, 6.5], "texture": "#0"},
				"south": {"uv": [8.625, 8.5, 8.75, 9], "texture": "#0"},
				"west": {"uv": [0, 6.125, 0.375, 6.625], "texture": "#0"},
				"up": {"uv": [0.5, 10, 0.375, 9.625], "texture": "#0"},
				"down": {"uv": [9.75, 0.375, 9.625, 0.75], "texture": "#0"}
			}
		},
		{
			"name": "hexadecagon",
			"from": [5.70163, 0.1, 8.5],
			"to": [6.29837, 4.1, 11.5],
			"rotation": {"angle": -22.5, "axis": "y", "origin": [6, 2.1, 10]},
			"faces": {
				"north": {"uv": [8.75, 0, 8.875, 0.5], "texture": "#0"},
				"east": {"uv": [0.375, 6.125, 0.75, 6.625], "texture": "#0"},
				"south": {"uv": [8.75, 0.5, 8.875, 1], "texture": "#0"},
				"west": {"uv": [0.75, 6.125, 1.125, 6.625], "texture": "#0"},
				"up": {"uv": [0.625, 10, 0.5, 9.625], "texture": "#0"},
				"down": {"uv": [0.75, 9.625, 0.625, 10], "texture": "#0"}
			}
		},
		{
			"name": "hexadecagon",
			"from": [5.70163, 0.1, 8.5],
			"to": [6.29837, 4.1, 11.5],
			"rotation": {"angle": 0, "axis": "y", "origin": [6, 2.1, 10]},
			"faces": {
				"north": {"uv": [8.75, 1.5, 8.875, 2], "texture": "#0"},
				"east": {"uv": [1.125, 6.125, 1.5, 6.625], "texture": "#0"},
				"south": {"uv": [8.75, 2, 8.875, 2.5], "texture": "#0"},
				"west": {"uv": [6.125, 1.5, 6.5, 2], "texture": "#0"},
				"up": {"uv": [0.875, 10, 0.75, 9.625], "texture": "#0"},
				"down": {"uv": [9.75, 0.75, 9.625, 1.125], "texture": "#0"}
			}
		},
		{
			"name": "hexadecagon",
			"from": [5.70163, 0.1, 8.5],
			"to": [6.29837, 4.1, 11.5],
			"rotation": {"angle": 22.5, "axis": "y", "origin": [6, 2.1, 10]},
			"faces": {
				"north": {"uv": [8.75, 2.5, 8.875, 3], "texture": "#0"},
				"east": {"uv": [6.125, 2, 6.5, 2.5], "texture": "#0"},
				"south": {"uv": [8.75, 3, 8.875, 3.5], "texture": "#0"},
				"west": {"uv": [2.25, 6.125, 2.625, 6.625], "texture": "#0"},
				"up": {"uv": [1, 10, 0.875, 9.625], "texture": "#0"},
				"down": {"uv": [1.125, 9.625, 1, 10], "texture": "#0"}
			}
		},
		{
			"name": "hexadecagon",
			"from": [5.70163, 0.1, 8.5],
			"to": [6.29837, 4.1, 11.5],
			"rotation": {"angle": 45, "axis": "y", "origin": [6, 2.1, 10]},
			"faces": {
				"north": {"uv": [8.75, 3.5, 8.875, 4], "texture": "#0"},
				"east": {"uv": [6.125, 2.5, 6.5, 3], "texture": "#0"},
				"south": {"uv": [8.75, 4, 8.875, 4.5], "texture": "#0"},
				"west": {"uv": [2.625, 6.125, 3, 6.625], "texture": "#0"},
				"up": {"uv": [1.25, 10, 1.125, 9.625], "texture": "#0"},
				"down": {"uv": [9.75, 1.125, 9.625, 1.5], "texture": "#0"}
			}
		},
		{
			"name": "hexadecagon",
			"from": [4.5, 0.1, 9.70163],
			"to": [7.5, 4.1, 10.29837],
			"rotation": {"angle": -22.5, "axis": "y", "origin": [6, 2.1, 10]},
			"faces": {
				"north": {"uv": [3, 6.125, 3.375, 6.625], "texture": "#0"},
				"east": {"uv": [8.75, 5.5, 8.875, 6], "texture": "#0"},
				"south": {"uv": [6.125, 3, 6.5, 3.5], "texture": "#0"},
				"west": {"uv": [6, 8.75, 6.125, 9.25], "texture": "#0"},
				"up": {"uv": [10, 1.625, 9.625, 1.5], "texture": "#0"},
				"down": {"uv": [10, 1.625, 9.625, 1.75], "texture": "#0"}
			}
		},
		{
			"name": "hexadecagon",
			"from": [4.5, 0.1, 9.70163],
			"to": [7.5, 4.1, 10.29837],
			"rotation": {"angle": 0, "axis": "y", "origin": [6, 2.1, 10]},
			"faces": {
				"north": {"uv": [3.375, 6.125, 3.75, 6.625], "texture": "#0"},
				"east": {"uv": [8.75, 6, 8.875, 6.5], "texture": "#0"},
				"south": {"uv": [6.125, 3.5, 6.5, 4], "texture": "#0"},
				"west": {"uv": [6.125, 8.75, 6.25, 9.25], "texture": "#0"},
				"up": {"uv": [10, 1.875, 9.625, 1.75], "texture": "#0"},
				"down": {"uv": [10, 1.875, 9.625, 2], "texture": "#0"}
			}
		},
		{
			"name": "hexadecagon",
			"from": [4.5, 0.1, 9.70163],
			"to": [7.5, 4.1, 10.29837],
			"rotation": {"angle": 22.5, "axis": "y", "origin": [6, 2.1, 10]},
			"faces": {
				"north": {"uv": [6.25, 1, 6.625, 1.5], "texture": "#0"},
				"east": {"uv": [6.25, 8.75, 6.375, 9.25], "texture": "#0"},
				"south": {"uv": [6.25, 4.75, 6.625, 5.25], "texture": "#0"},
				"west": {"uv": [8.75, 6.5, 8.875, 7], "texture": "#0"},
				"up": {"uv": [10, 2.125, 9.625, 2], "texture": "#0"},
				"down": {"uv": [10, 2.125, 9.625, 2.25], "texture": "#0"}
			}
		},
		{
			"name": "hexadecagon",
			"from": [5.70163, 0.1, 4.5],
			"to": [6.29837, 4.1, 7.5],
			"rotation": {"angle": -45, "axis": "y", "origin": [6, 2.1, 6]},
			"faces": {
				"north": {"uv": [6.875, 9, 7, 9.5], "texture": "#0"},
				"east": {"uv": [2.25, 7.125, 2.625, 7.625], "texture": "#0"},
				"south": {"uv": [7, 9, 7.125, 9.5], "texture": "#0"},
				"west": {"uv": [2.625, 7.125, 3, 7.625], "texture": "#0"},
				"up": {"uv": [3.375, 10.125, 3.25, 9.75], "texture": "#0"},
				"down": {"uv": [3.5, 9.75, 3.375, 10.125], "texture": "#0"}
			}
		},
		{
			"name": "hexadecagon",
			"from": [5.70163, 0.1, 4.5],
			"to": [6.29837, 4.1, 7.5],
			"rotation": {"angle": -22.5, "axis": "y", "origin": [6, 2.1, 6]},
			"faces": {
				"north": {"uv": [9, 7, 9.125, 7.5], "texture": "#0"},
				"east": {"uv": [3, 7.125, 3.375, 7.625], "texture": "#0"},
				"south": {"uv": [7.125, 9, 7.25, 9.5], "texture": "#0"},
				"west": {"uv": [3.375, 7.125, 3.75, 7.625], "texture": "#0"},
				"up": {"uv": [9.875, 6.125, 9.75, 5.75], "texture": "#0"},
				"down": {"uv": [6.125, 9.75, 6, 10.125], "texture": "#0"}
			}
		},
		{
			"name": "hexadecagon",
			"from": [5.70163, 0.1, 4.5],
			"to": [6.29837, 4.1, 7.5],
			"rotation": {"angle": 0, "axis": "y", "origin": [6, 2.1, 6]},
			"faces": {
				"north": {"uv": [7.25, 9, 7.375, 9.5], "texture": "#0"},
				"east": {"uv": [7.125, 4, 7.5, 4.5], "texture": "#0"},
				"south": {"uv": [7.375, 9, 7.5, 9.5], "texture": "#0"},
				"west": {"uv": [7.125, 7, 7.5, 7.5], "texture": "#0"},
				"up": {"uv": [6.25, 10.125, 6.125, 9.75], "texture": "#0"},
				"down": {"uv": [6.375, 9.75, 6.25, 10.125], "texture": "#0"}
			}
		},
		{
			"name": "hexadecagon",
			"from": [5.70163, 0.1, 4.5],
			"to": [6.29837, 4.1, 7.5],
			"rotation": {"angle": 22.5, "axis": "y", "origin": [6, 2.1, 6]},
			"faces": {
				"north": {"uv": [7.5, 9, 7.625, 9.5], "texture": "#0"},
				"east": {"uv": [7.25, 1.5, 7.625, 2], "texture": "#0"},
				"south": {"uv": [9, 7.5, 9.125, 8], "texture": "#0"},
				"west": {"uv": [7.25, 2, 7.625, 2.5], "texture": "#0"},
				"up": {"uv": [9.875, 7.25, 9.75, 6.875], "texture": "#0"},
				"down": {"uv": [9.875, 7.25, 9.75, 7.625], "texture": "#0"}
			}
		},
		{
			"name": "hexadecagon",
			"from": [5.70163, 0.1, 4.5],
			"to": [6.29837, 4.1, 7.5],
			"rotation": {"angle": 45, "axis": "y", "origin": [6, 2.1, 6]},
			"faces": {
				"north": {"uv": [7.625, 9, 7.75, 9.5], "texture": "#0"},
				"east": {"uv": [7.25, 2.5, 7.625, 3], "texture": "#0"},
				"south": {"uv": [7.75, 9, 7.875, 9.5], "texture": "#0"},
				"west": {"uv": [7.25, 3, 7.625, 3.5], "texture": "#0"},
				"up": {"uv": [9.875, 8, 9.75, 7.625], "texture": "#0"},
				"down": {"uv": [8.25, 9.75, 8.125, 10.125], "texture": "#0"}
			}
		},
		{
			"name": "hexadecagon",
			"from": [4.5, 0.1, 5.70163],
			"to": [7.5, 4.1, 6.29837],
			"rotation": {"angle": -22.5, "axis": "y", "origin": [6, 2.1, 6]},
			"faces": {
				"north": {"uv": [7.25, 3.5, 7.625, 4], "texture": "#0"},
				"east": {"uv": [7.875, 9, 8, 9.5], "texture": "#0"},
				"south": {"uv": [6, 7.25, 6.375, 7.75], "texture": "#0"},
				"west": {"uv": [8, 9, 8.125, 9.5], "texture": "#0"},
				"up": {"uv": [8.625, 9.875, 8.25, 9.75], "texture": "#0"},
				"down": {"uv": [10.125, 8.75, 9.75, 8.875], "texture": "#0"}
			}
		},
		{
			"name": "hexadecagon",
			"from": [4.5, 0.1, 5.70163],
			"to": [7.5, 4.1, 6.29837],
			"rotation": {"angle": 0, "axis": "y", "origin": [6, 2.1, 6]},
			"faces": {
				"north": {"uv": [7.375, 1, 7.75, 1.5], "texture": "#0"},
				"east": {"uv": [9, 8, 9.125, 8.5], "texture": "#0"},
				"south": {"uv": [7.375, 4.5, 7.75, 5], "texture": "#0"},
				"west": {"uv": [8.125, 9, 8.25, 9.5], "texture": "#0"},
				"up": {"uv": [10.125, 9, 9.75, 8.875], "texture": "#0"},
				"down": {"uv": [10.125, 9, 9.75, 9.125], "texture": "#0"}
			}
		},
		{
			"name": "hexadecagon",
			"from": [4.5, 0.1, 5.70163],
			"to": [7.5, 4.1, 6.29837],
			"rotation": {"angle": 22.5, "axis": "y", "origin": [6, 2.1, 6]},
			"faces": {
				"north": {"uv": [7.375, 5, 7.75, 5.5], "texture": "#0"},
				"east": {"uv": [8.25, 9, 8.375, 9.5], "texture": "#0"},
				"south": {"uv": [7.375, 5.5, 7.75, 6], "texture": "#0"},
				"west": {"uv": [8.375, 9, 8.5, 9.5], "texture": "#0"},
				"up": {"uv": [10.125, 9.25, 9.75, 9.125], "texture": "#0"},
				"down": {"uv": [10.125, 9.25, 9.75, 9.375], "texture": "#0"}
			}
		},
		{
			"name": "hexadecagon",
			"from": [12.70163, 0.1, 4.5],
			"to": [13.29837, 4.1, 7.5],
			"rotation": {"angle": -45, "axis": "y", "origin": [13, 2.1, 6]},
			"faces": {
				"north": {"uv": [3.125, 9.125, 3.25, 9.625], "texture": "#0"},
				"east": {"uv": [7.75, 4.5, 8.125, 5], "texture": "#0"},
				"south": {"uv": [3.25, 9.125, 3.375, 9.625], "texture": "#0"},
				"west": {"uv": [7.75, 5, 8.125, 5.5], "texture": "#0"},
				"up": {"uv": [5.875, 10.25, 5.75, 9.875], "texture": "#0"},
				"down": {"uv": [6, 9.875, 5.875, 10.25], "texture": "#0"}
			}
		},
		{
			"name": "hexadecagon",
			"from": [12.70163, 0.1, 4.5],
			"to": [13.29837, 4.1, 7.5],
			"rotation": {"angle": -22.5, "axis": "y", "origin": [13, 2.1, 6]},
			"faces": {
				"north": {"uv": [3.375, 9.125, 3.5, 9.625], "texture": "#0"},
				"east": {"uv": [7.75, 5.5, 8.125, 6], "texture": "#0"},
				"south": {"uv": [3.5, 9.125, 3.625, 9.625], "texture": "#0"},
				"west": {"uv": [6, 7.75, 6.375, 8.25], "texture": "#0"},
				"up": {"uv": [6.5, 10.25, 6.375, 9.875], "texture": "#0"},
				"down": {"uv": [10, 6.375, 9.875, 6.75], "texture": "#0"}
			}
		},
		{
			"name": "hexadecagon",
			"from": [12.70163, 0.1, 4.5],
			"to": [13.29837, 4.1, 7.5],
			"rotation": {"angle": 0, "axis": "y", "origin": [13, 2.1, 6]},
			"faces": {
				"north": {"uv": [9.125, 3.5, 9.25, 4], "texture": "#0"},
				"east": {"uv": [7.75, 6, 8.125, 6.5], "texture": "#0"},
				"south": {"uv": [3.625, 9.125, 3.75, 9.625], "texture": "#0"},
				"west": {"uv": [7.75, 6.5, 8.125, 7], "texture": "#0"},
				"up": {"uv": [10, 7.125, 9.875, 6.75], "texture": "#0"},
				"down": {"uv": [10, 7.125, 9.875, 7.5], "texture": "#0"}
			}
		},
		{
			"name": "hexadecagon",
			"from": [12.70163, 0.1, 4.5],
			"to": [13.29837, 4.1, 7.5],
			"rotation": {"angle": 22.5, "axis": "y", "origin": [13, 2.1, 6]},
			"faces": {
				"north": {"uv": [9.125, 4, 9.25, 4.5], "texture": "#0"},
				"east": {"uv": [7.875, 0, 8.25, 0.5], "texture": "#0"},
				"south": {"uv": [9.125, 4.5, 9.25, 5], "texture": "#0"},
				"west": {"uv": [7.875, 0.5, 8.25, 1], "texture": "#0"},
				"up": {"uv": [7.375, 10.25, 7.25, 9.875], "texture": "#0"},
				"down": {"uv": [7.5, 9.875, 7.375, 10.25], "texture": "#0"}
			}
		},
		{
			"name": "hexadecagon",
			"from": [12.70163, 0.1, 4.5],
			"to": [13.29837, 4.1, 7.5],
			"rotation": {"angle": 45, "axis": "y", "origin": [13, 2.1, 6]},
			"faces": {
				"north": {"uv": [9.125, 5, 9.25, 5.5], "texture": "#0"},
				"east": {"uv": [7.875, 4, 8.25, 4.5], "texture": "#0"},
				"south": {"uv": [9.125, 5.5, 9.25, 6], "texture": "#0"},
				"west": {"uv": [7.875, 7, 8.25, 7.5], "texture": "#0"},
				"up": {"uv": [7.625, 10.25, 7.5, 9.875], "texture": "#0"},
				"down": {"uv": [10, 7.5, 9.875, 7.875], "texture": "#0"}
			}
		},
		{
			"name": "hexadecagon",
			"from": [11.5, 0.1, 5.70163],
			"to": [14.5, 4.1, 6.29837],
			"rotation": {"angle": -22.5, "axis": "y", "origin": [13, 2.1, 6]},
			"faces": {
				"north": {"uv": [7.875, 7.5, 8.25, 8], "texture": "#0"},
				"east": {"uv": [9.125, 6, 9.25, 6.5], "texture": "#0"},
				"south": {"uv": [1.5, 8, 1.875, 8.5], "texture": "#0"},
				"west": {"uv": [9.125, 6.5, 9.25, 7], "texture": "#0"},
				"up": {"uv": [8, 10, 7.625, 9.875], "texture": "#0"},
				"down": {"uv": [10.25, 7.875, 9.875, 8], "texture": "#0"}
			}
		},
		{
			"name": "hexadecagon",
			"from": [11.5, 0.1, 5.70163],
			"to": [14.5, 4.1, 6.29837],
			"rotation": {"angle": 0, "axis": "y", "origin": [13, 2.1, 6]},
			"faces": {
				"north": {"uv": [8, 1.5, 8.375, 2], "texture": "#0"},
				"east": {"uv": [9.125, 7, 9.25, 7.5], "texture": "#0"},
				"south": {"uv": [1.875, 8, 2.25, 8.5], "texture": "#0"},
				"west": {"uv": [9.125, 7.5, 9.25, 8], "texture": "#0"},
				"up": {"uv": [10.25, 8.125, 9.875, 8], "texture": "#0"},
				"down": {"uv": [10.25, 8.125, 9.875, 8.25], "texture": "#0"}
			}
		},
		{
			"name": "hexadecagon",
			"from": [11.5, 0.1, 5.70163],
			"to": [14.5, 4.1, 6.29837],
			"rotation": {"angle": 22.5, "axis": "y", "origin": [13, 2.1, 6]},
			"faces": {
				"north": {"uv": [8, 2, 8.375, 2.5], "texture": "#0"},
				"east": {"uv": [9.125, 8, 9.25, 8.5], "texture": "#0"},
				"south": {"uv": [8, 2.5, 8.375, 3], "texture": "#0"},
				"west": {"uv": [9.125, 8.5, 9.25, 9], "texture": "#0"},
				"up": {"uv": [8.625, 10, 8.25, 9.875], "texture": "#0"},
				"down": {"uv": [10.25, 8.25, 9.875, 8.375], "texture": "#0"}
			}
		},
		{
			"name": "hexadecagon",
			"from": [9.70163, 0.1, 11.5],
			"to": [10.29837, 4.1, 14.5],
			"rotation": {"angle": -45, "axis": "y", "origin": [10, 2.1, 13]},
			"faces": {
				"north": {"uv": [1.625, 4.5, 1.75, 5], "texture": "#0"},
				"east": {"uv": [4.125, 4.5, 4.5, 5], "texture": "#0"},
				"south": {"uv": [1.5, 4.625, 1.625, 5.125], "texture": "#0"},
				"west": {"uv": [4.5, 4.5, 4.875, 5], "texture": "#0"},
				"up": {"uv": [4.125, 5, 4, 4.625], "texture": "#0"},
				"down": {"uv": [1.625, 5.625, 1.5, 6], "texture": "#0"}
			}
		},
		{
			"name": "hexadecagon",
			"from": [9.70163, 0.1, 11.5],
			"to": [10.29837, 4.1, 14.5],
			"rotation": {"angle": -22.5, "axis": "y", "origin": [10, 2.1, 13]},
			"faces": {
				"north": {"uv": [1.625, 5, 1.75, 5.5], "texture": "#0"},
				"east": {"uv": [0, 4.625, 0.375, 5.125], "texture": "#0"},
				"south": {"uv": [1.5, 5.125, 1.625, 5.625], "texture": "#0"},
				"west": {"uv": [0.375, 4.625, 0.75, 5.125], "texture": "#0"},
				"up": {"uv": [3.875, 6.5, 3.75, 6.125], "texture": "#0"},
				"down": {"uv": [4, 6.125, 3.875, 6.5], "texture": "#0"}
			}
		},
		{
			"name": "hexadecagon",
			"from": [9.70163, 0.1, 11.5],
			"to": [10.29837, 4.1, 14.5],
			"rotation": {"angle": 0, "axis": "y", "origin": [10, 2.1, 13]},
			"faces": {
				"north": {"uv": [1.625, 5.5, 1.75, 6], "texture": "#0"},
				"east": {"uv": [0.75, 4.625, 1.125, 5.125], "texture": "#0"},
				"south": {"uv": [5.25, 8.5, 5.375, 9], "texture": "#0"},
				"west": {"uv": [1.125, 4.625, 1.5, 5.125], "texture": "#0"},
				"up": {"uv": [1.875, 9.875, 1.75, 9.5], "texture": "#0"},
				"down": {"uv": [2, 9.5, 1.875, 9.875], "texture": "#0"}
			}
		},
		{
			"name": "hexadecagon",
			"from": [9.70163, 0.1, 11.5],
			"to": [10.29837, 4.1, 14.5],
			"rotation": {"angle": 22.5, "axis": "y", "origin": [10, 2.1, 13]},
			"faces": {
				"north": {"uv": [5.375, 8.5, 5.5, 9], "texture": "#0"},
				"east": {"uv": [2.5, 4.625, 2.875, 5.125], "texture": "#0"},
				"south": {"uv": [5.5, 8.5, 5.625, 9], "texture": "#0"},
				"west": {"uv": [2.875, 4.625, 3.25, 5.125], "texture": "#0"},
				"up": {"uv": [2.125, 9.875, 2, 9.5], "texture": "#0"},
				"down": {"uv": [9.625, 2, 9.5, 2.375], "texture": "#0"}
			}
		},
		{
			"name": "hexadecagon",
			"from": [9.70163, 0.1, 11.5],
			"to": [10.29837, 4.1, 14.5],
			"rotation": {"angle": 45, "axis": "y", "origin": [10, 2.1, 13]},
			"faces": {
				"north": {"uv": [8.5, 5.5, 8.625, 6], "texture": "#0"},
				"east": {"uv": [3.25, 4.625, 3.625, 5.125], "texture": "#0"},
				"south": {"uv": [5.625, 8.5, 5.75, 9], "texture": "#0"},
				"west": {"uv": [3.625, 4.625, 4, 5.125], "texture": "#0"},
				"up": {"uv": [2.25, 9.875, 2.125, 9.5], "texture": "#0"},
				"down": {"uv": [9.625, 2.375, 9.5, 2.75], "texture": "#0"}
			}
		},
		{
			"name": "hexadecagon",
			"from": [8.5, 0.1, 12.70163],
			"to": [11.5, 4.1, 13.29837],
			"rotation": {"angle": -22.5, "axis": "y", "origin": [10, 2.1, 13]},
			"faces": {
				"north": {"uv": [4.875, 4.5, 5.25, 5], "texture": "#0"},
				"east": {"uv": [5.75, 8.5, 5.875, 9], "texture": "#0"},
				"south": {"uv": [4, 5, 4.375, 5.5], "texture": "#0"},
				"west": {"uv": [5.875, 8.5, 6, 9], "texture": "#0"},
				"up": {"uv": [5.75, 4, 5.375, 3.875], "texture": "#0"},
				"down": {"uv": [5.75, 4, 5.375, 4.125], "texture": "#0"}
			}
		},
		{
			"name": "hexadecagon",
			"from": [8.5, 0.1, 12.70163],
			"to": [11.5, 4.1, 13.29837],
			"rotation": {"angle": 0, "axis": "y", "origin": [10, 2.1, 13]},
			"faces": {
				"north": {"uv": [4.375, 5, 4.75, 5.5], "texture": "#0"},
				"east": {"uv": [8.5, 6, 8.625, 6.5], "texture": "#0"},
				"south": {"uv": [4.75, 5, 5.125, 5.5], "texture": "#0"},
				"west": {"uv": [6.375, 8.5, 6.5, 9], "texture": "#0"},
				"up": {"uv": [9.875, 2.875, 9.5, 2.75], "texture": "#0"},
				"down": {"uv": [9.875, 2.875, 9.5, 3], "texture": "#0"}
			}
		},
		{
			"name": "hexadecagon",
			"from": [8.5, 0.1, 12.70163],
			"to": [11.5, 4.1, 13.29837],
			"rotation": {"angle": 22.5, "axis": "y", "origin": [10, 2.1, 13]},
			"faces": {
				"north": {"uv": [0, 5.125, 0.375, 5.625], "texture": "#0"},
				"east": {"uv": [6.5, 8.5, 6.625, 9], "texture": "#0"},
				"south": {"uv": [0.375, 5.125, 0.75, 5.625], "texture": "#0"},
				"west": {"uv": [8.5, 6.5, 8.625, 7], "texture": "#0"},
				"up": {"uv": [9.875, 3.125, 9.5, 3], "texture": "#0"},
				"down": {"uv": [9.875, 3.125, 9.5, 3.25], "texture": "#0"}
			}
		},
		{
			"name": "hexadecagon",
			"from": [12.70163, 0.1, 8.5],
			"to": [13.29837, 4.1, 11.5],
			"rotation": {"angle": -45, "axis": "y", "origin": [13, 2.1, 10]},
			"faces": {
				"north": {"uv": [1.625, 4.5, 1.75, 5], "texture": "#0"},
				"east": {"uv": [4.125, 4.5, 4.5, 5], "texture": "#0"},
				"south": {"uv": [1.5, 4.625, 1.625, 5.125], "texture": "#0"},
				"west": {"uv": [4.5, 4.5, 4.875, 5], "texture": "#0"},
				"up": {"uv": [4.125, 5, 4, 4.625], "texture": "#0"},
				"down": {"uv": [1.625, 5.625, 1.5, 6], "texture": "#0"}
			}
		},
		{
			"name": "hexadecagon",
			"from": [12.70163, 0.1, 8.5],
			"to": [13.29837, 4.1, 11.5],
			"rotation": {"angle": -22.5, "axis": "y", "origin": [13, 2.1, 10]},
			"faces": {
				"north": {"uv": [1.625, 5, 1.75, 5.5], "texture": "#0"},
				"east": {"uv": [0, 4.625, 0.375, 5.125], "texture": "#0"},
				"south": {"uv": [1.5, 5.125, 1.625, 5.625], "texture": "#0"},
				"west": {"uv": [0.375, 4.625, 0.75, 5.125], "texture": "#0"},
				"up": {"uv": [3.875, 6.5, 3.75, 6.125], "texture": "#0"},
				"down": {"uv": [4, 6.125, 3.875, 6.5], "texture": "#0"}
			}
		},
		{
			"name": "hexadecagon",
			"from": [12.70163, 0.1, 8.5],
			"to": [13.29837, 4.1, 11.5],
			"rotation": {"angle": 0, "axis": "y", "origin": [13, 2.1, 10]},
			"faces": {
				"north": {"uv": [1.625, 5.5, 1.75, 6], "texture": "#0"},
				"east": {"uv": [0.75, 4.625, 1.125, 5.125], "texture": "#0"},
				"south": {"uv": [5.25, 8.5, 5.375, 9], "texture": "#0"},
				"west": {"uv": [1.125, 4.625, 1.5, 5.125], "texture": "#0"},
				"up": {"uv": [1.875, 9.875, 1.75, 9.5], "texture": "#0"},
				"down": {"uv": [2, 9.5, 1.875, 9.875], "texture": "#0"}
			}
		},
		{
			"name": "hexadecagon",
			"from": [12.70163, 0.1, 8.5],
			"to": [13.29837, 4.1, 11.5],
			"rotation": {"angle": 22.5, "axis": "y", "origin": [13, 2.1, 10]},
			"faces": {
				"north": {"uv": [5.375, 8.5, 5.5, 9], "texture": "#0"},
				"east": {"uv": [2.5, 4.625, 2.875, 5.125], "texture": "#0"},
				"south": {"uv": [5.5, 8.5, 5.625, 9], "texture": "#0"},
				"west": {"uv": [2.875, 4.625, 3.25, 5.125], "texture": "#0"},
				"up": {"uv": [2.125, 9.875, 2, 9.5], "texture": "#0"},
				"down": {"uv": [9.625, 2, 9.5, 2.375], "texture": "#0"}
			}
		},
		{
			"name": "hexadecagon",
			"from": [12.70163, 0.1, 8.5],
			"to": [13.29837, 4.1, 11.5],
			"rotation": {"angle": 45, "axis": "y", "origin": [13, 2.1, 10]},
			"faces": {
				"north": {"uv": [8.5, 5.5, 8.625, 6], "texture": "#0"},
				"east": {"uv": [3.25, 4.625, 3.625, 5.125], "texture": "#0"},
				"south": {"uv": [5.625, 8.5, 5.75, 9], "texture": "#0"},
				"west": {"uv": [3.625, 4.625, 4, 5.125], "texture": "#0"},
				"up": {"uv": [2.25, 9.875, 2.125, 9.5], "texture": "#0"},
				"down": {"uv": [9.625, 2.375, 9.5, 2.75], "texture": "#0"}
			}
		},
		{
			"name": "hexadecagon",
			"from": [11.5, 0.1, 9.70163],
			"to": [14.5, 4.1, 10.29837],
			"rotation": {"angle": -22.5, "axis": "y", "origin": [13, 2.1, 10]},
			"faces": {
				"north": {"uv": [4.875, 4.5, 5.25, 5], "texture": "#0"},
				"east": {"uv": [5.75, 8.5, 5.875, 9], "texture": "#0"},
				"south": {"uv": [4, 5, 4.375, 5.5], "texture": "#0"},
				"west": {"uv": [5.875, 8.5, 6, 9], "texture": "#0"},
				"up": {"uv": [5.75, 4, 5.375, 3.875], "texture": "#0"},
				"down": {"uv": [5.75, 4, 5.375, 4.125], "texture": "#0"}
			}
		},
		{
			"name": "hexadecagon",
			"from": [11.5, 0.1, 9.70163],
			"to": [14.5, 4.1, 10.29837],
			"rotation": {"angle": 0, "axis": "y", "origin": [13, 2.1, 10]},
			"faces": {
				"north": {"uv": [4.375, 5, 4.75, 5.5], "texture": "#0"},
				"east": {"uv": [8.5, 6, 8.625, 6.5], "texture": "#0"},
				"south": {"uv": [4.75, 5, 5.125, 5.5], "texture": "#0"},
				"west": {"uv": [6.375, 8.5, 6.5, 9], "texture": "#0"},
				"up": {"uv": [9.875, 2.875, 9.5, 2.75], "texture": "#0"},
				"down": {"uv": [9.875, 2.875, 9.5, 3], "texture": "#0"}
			}
		},
		{
			"name": "hexadecagon",
			"from": [11.5, 0.1, 9.70163],
			"to": [14.5, 4.1, 10.29837],
			"rotation": {"angle": 22.5, "axis": "y", "origin": [13, 2.1, 10]},
			"faces": {
				"north": {"uv": [0, 5.125, 0.375, 5.625], "texture": "#0"},
				"east": {"uv": [6.5, 8.5, 6.625, 9], "texture": "#0"},
				"south": {"uv": [0.375, 5.125, 0.75, 5.625], "texture": "#0"},
				"west": {"uv": [8.5, 6.5, 8.625, 7], "texture": "#0"},
				"up": {"uv": [9.875, 3.125, 9.5, 3], "texture": "#0"},
				"down": {"uv": [9.875, 3.125, 9.5, 3.25], "texture": "#0"}
			}
		},
		{
			"name": "hexadecagon",
			"from": [9.70163, 0.1, 8.5],
			"to": [10.29837, 4.1, 11.5],
			"rotation": {"angle": -45, "axis": "y", "origin": [10, 2.1, 10]},
			"faces": {
				"north": {"uv": [1.625, 4.5, 1.75, 5], "texture": "#0"},
				"east": {"uv": [4.125, 4.5, 4.5, 5], "texture": "#0"},
				"south": {"uv": [1.5, 4.625, 1.625, 5.125], "texture": "#0"},
				"west": {"uv": [4.5, 4.5, 4.875, 5], "texture": "#0"},
				"up": {"uv": [4.125, 5, 4, 4.625], "texture": "#0"},
				"down": {"uv": [1.625, 5.625, 1.5, 6], "texture": "#0"}
			}
		},
		{
			"name": "hexadecagon",
			"from": [9.70163, 0.1, 8.5],
			"to": [10.29837, 4.1, 11.5],
			"rotation": {"angle": -22.5, "axis": "y", "origin": [10, 2.1, 10]},
			"faces": {
				"north": {"uv": [1.625, 5, 1.75, 5.5], "texture": "#0"},
				"east": {"uv": [0, 4.625, 0.375, 5.125], "texture": "#0"},
				"south": {"uv": [1.5, 5.125, 1.625, 5.625], "texture": "#0"},
				"west": {"uv": [0.375, 4.625, 0.75, 5.125], "texture": "#0"},
				"up": {"uv": [3.875, 6.5, 3.75, 6.125], "texture": "#0"},
				"down": {"uv": [4, 6.125, 3.875, 6.5], "texture": "#0"}
			}
		},
		{
			"name": "hexadecagon",
			"from": [9.70163, 0.1, 8.5],
			"to": [10.29837, 4.1, 11.5],
			"rotation": {"angle": 0, "axis": "y", "origin": [10, 2.1, 10]},
			"faces": {
				"north": {"uv": [1.625, 5.5, 1.75, 6], "texture": "#0"},
				"east": {"uv": [0.75, 4.625, 1.125, 5.125], "texture": "#0"},
				"south": {"uv": [5.25, 8.5, 5.375, 9], "texture": "#0"},
				"west": {"uv": [1.125, 4.625, 1.5, 5.125], "texture": "#0"},
				"up": {"uv": [1.875, 9.875, 1.75, 9.5], "texture": "#0"},
				"down": {"uv": [2, 9.5, 1.875, 9.875], "texture": "#0"}
			}
		},
		{
			"name": "hexadecagon",
			"from": [9.70163, 0.1, 8.5],
			"to": [10.29837, 4.1, 11.5],
			"rotation": {"angle": 22.5, "axis": "y", "origin": [10, 2.1, 10]},
			"faces": {
				"north": {"uv": [5.375, 8.5, 5.5, 9], "texture": "#0"},
				"east": {"uv": [2.5, 4.625, 2.875, 5.125], "texture": "#0"},
				"south": {"uv": [5.5, 8.5, 5.625, 9], "texture": "#0"},
				"west": {"uv": [2.875, 4.625, 3.25, 5.125], "texture": "#0"},
				"up": {"uv": [2.125, 9.875, 2, 9.5], "texture": "#0"},
				"down": {"uv": [9.625, 2, 9.5, 2.375], "texture": "#0"}
			}
		},
		{
			"name": "hexadecagon",
			"from": [9.70163, 0.1, 8.5],
			"to": [10.29837, 4.1, 11.5],
			"rotation": {"angle": 45, "axis": "y", "origin": [10, 2.1, 10]},
			"faces": {
				"north": {"uv": [8.5, 5.5, 8.625, 6], "texture": "#0"},
				"east": {"uv": [3.25, 4.625, 3.625, 5.125], "texture": "#0"},
				"south": {"uv": [5.625, 8.5, 5.75, 9], "texture": "#0"},
				"west": {"uv": [3.625, 4.625, 4, 5.125], "texture": "#0"},
				"up": {"uv": [2.25, 9.875, 2.125, 9.5], "texture": "#0"},
				"down": {"uv": [9.625, 2.375, 9.5, 2.75], "texture": "#0"}
			}
		},
		{
			"name": "hexadecagon",
			"from": [8.5, 0.1, 9.70163],
			"to": [11.5, 4.1, 10.29837],
			"rotation": {"angle": -22.5, "axis": "y", "origin": [10, 2.1, 10]},
			"faces": {
				"north": {"uv": [4.875, 4.5, 5.25, 5], "texture": "#0"},
				"east": {"uv": [5.75, 8.5, 5.875, 9], "texture": "#0"},
				"south": {"uv": [4, 5, 4.375, 5.5], "texture": "#0"},
				"west": {"uv": [5.875, 8.5, 6, 9], "texture": "#0"},
				"up": {"uv": [5.75, 4, 5.375, 3.875], "texture": "#0"},
				"down": {"uv": [5.75, 4, 5.375, 4.125], "texture": "#0"}
			}
		},
		{
			"name": "hexadecagon",
			"from": [8.5, 0.1, 9.70163],
			"to": [11.5, 4.1, 10.29837],
			"rotation": {"angle": 0, "axis": "y", "origin": [10, 2.1, 10]},
			"faces": {
				"north": {"uv": [4.375, 5, 4.75, 5.5], "texture": "#0"},
				"east": {"uv": [8.5, 6, 8.625, 6.5], "texture": "#0"},
				"south": {"uv": [4.75, 5, 5.125, 5.5], "texture": "#0"},
				"west": {"uv": [6.375, 8.5, 6.5, 9], "texture": "#0"},
				"up": {"uv": [9.875, 2.875, 9.5, 2.75], "texture": "#0"},
				"down": {"uv": [9.875, 2.875, 9.5, 3], "texture": "#0"}
			}
		},
		{
			"name": "hexadecagon",
			"from": [8.5, 0.1, 9.70163],
			"to": [11.5, 4.1, 10.29837],
			"rotation": {"angle": 22.5, "axis": "y", "origin": [10, 2.1, 10]},
			"faces": {
				"north": {"uv": [0, 5.125, 0.375, 5.625], "texture": "#0"},
				"east": {"uv": [6.5, 8.5, 6.625, 9], "texture": "#0"},
				"south": {"uv": [0.375, 5.125, 0.75, 5.625], "texture": "#0"},
				"west": {"uv": [8.5, 6.5, 8.625, 7], "texture": "#0"},
				"up": {"uv": [9.875, 3.125, 9.5, 3], "texture": "#0"},
				"down": {"uv": [9.875, 3.125, 9.5, 3.25], "texture": "#0"}
			}
		},
		{
			"name": "hexadecagon",
			"from": [2.70163, 0.1, 4.5],
			"to": [3.29837, 4.1, 7.5],
			"rotation": {"angle": -45, "axis": "y", "origin": [3, 2.1, 6]},
			"faces": {
				"north": {"uv": [6.875, 9, 7, 9.5], "texture": "#0"},
				"east": {"uv": [2.25, 7.125, 2.625, 7.625], "texture": "#0"},
				"south": {"uv": [7, 9, 7.125, 9.5], "texture": "#0"},
				"west": {"uv": [2.625, 7.125, 3, 7.625], "texture": "#0"},
				"up": {"uv": [3.375, 10.125, 3.25, 9.75], "texture": "#0"},
				"down": {"uv": [3.5, 9.75, 3.375, 10.125], "texture": "#0"}
			}
		},
		{
			"name": "hexadecagon",
			"from": [2.70163, 0.1, 4.5],
			"to": [3.29837, 4.1, 7.5],
			"rotation": {"angle": -22.5, "axis": "y", "origin": [3, 2.1, 6]},
			"faces": {
				"north": {"uv": [9, 7, 9.125, 7.5], "texture": "#0"},
				"east": {"uv": [3, 7.125, 3.375, 7.625], "texture": "#0"},
				"south": {"uv": [7.125, 9, 7.25, 9.5], "texture": "#0"},
				"west": {"uv": [3.375, 7.125, 3.75, 7.625], "texture": "#0"},
				"up": {"uv": [9.875, 6.125, 9.75, 5.75], "texture": "#0"},
				"down": {"uv": [6.125, 9.75, 6, 10.125], "texture": "#0"}
			}
		},
		{
			"name": "hexadecagon",
			"from": [2.70163, 0.1, 4.5],
			"to": [3.29837, 4.1, 7.5],
			"rotation": {"angle": 0, "axis": "y", "origin": [3, 2.1, 6]},
			"faces": {
				"north": {"uv": [7.25, 9, 7.375, 9.5], "texture": "#0"},
				"east": {"uv": [7.125, 4, 7.5, 4.5], "texture": "#0"},
				"south": {"uv": [7.375, 9, 7.5, 9.5], "texture": "#0"},
				"west": {"uv": [7.125, 7, 7.5, 7.5], "texture": "#0"},
				"up": {"uv": [6.25, 10.125, 6.125, 9.75], "texture": "#0"},
				"down": {"uv": [6.375, 9.75, 6.25, 10.125], "texture": "#0"}
			}
		},
		{
			"name": "hexadecagon",
			"from": [2.70163, 0.1, 4.5],
			"to": [3.29837, 4.1, 7.5],
			"rotation": {"angle": 22.5, "axis": "y", "origin": [3, 2.1, 6]},
			"faces": {
				"north": {"uv": [7.5, 9, 7.625, 9.5], "texture": "#0"},
				"east": {"uv": [7.25, 1.5, 7.625, 2], "texture": "#0"},
				"south": {"uv": [9, 7.5, 9.125, 8], "texture": "#0"},
				"west": {"uv": [7.25, 2, 7.625, 2.5], "texture": "#0"},
				"up": {"uv": [9.875, 7.25, 9.75, 6.875], "texture": "#0"},
				"down": {"uv": [9.875, 7.25, 9.75, 7.625], "texture": "#0"}
			}
		},
		{
			"name": "hexadecagon",
			"from": [2.70163, 0.1, 4.5],
			"to": [3.29837, 4.1, 7.5],
			"rotation": {"angle": 45, "axis": "y", "origin": [3, 2.1, 6]},
			"faces": {
				"north": {"uv": [7.625, 9, 7.75, 9.5], "texture": "#0"},
				"east": {"uv": [7.25, 2.5, 7.625, 3], "texture": "#0"},
				"south": {"uv": [7.75, 9, 7.875, 9.5], "texture": "#0"},
				"west": {"uv": [7.25, 3, 7.625, 3.5], "texture": "#0"},
				"up": {"uv": [9.875, 8, 9.75, 7.625], "texture": "#0"},
				"down": {"uv": [8.25, 9.75, 8.125, 10.125], "texture": "#0"}
			}
		},
		{
			"name": "hexadecagon",
			"from": [1.5, 0.1, 5.70163],
			"to": [4.5, 4.1, 6.29837],
			"rotation": {"angle": -22.5, "axis": "y", "origin": [3, 2.1, 6]},
			"faces": {
				"north": {"uv": [7.25, 3.5, 7.625, 4], "texture": "#0"},
				"east": {"uv": [7.875, 9, 8, 9.5], "texture": "#0"},
				"south": {"uv": [6, 7.25, 6.375, 7.75], "texture": "#0"},
				"west": {"uv": [8, 9, 8.125, 9.5], "texture": "#0"},
				"up": {"uv": [8.625, 9.875, 8.25, 9.75], "texture": "#0"},
				"down": {"uv": [10.125, 8.75, 9.75, 8.875], "texture": "#0"}
			}
		},
		{
			"name": "hexadecagon",
			"from": [1.5, 0.1, 5.70163],
			"to": [4.5, 4.1, 6.29837],
			"rotation": {"angle": 0, "axis": "y", "origin": [3, 2.1, 6]},
			"faces": {
				"north": {"uv": [7.375, 1, 7.75, 1.5], "texture": "#0"},
				"east": {"uv": [9, 8, 9.125, 8.5], "texture": "#0"},
				"south": {"uv": [7.375, 4.5, 7.75, 5], "texture": "#0"},
				"west": {"uv": [8.125, 9, 8.25, 9.5], "texture": "#0"},
				"up": {"uv": [10.125, 9, 9.75, 8.875], "texture": "#0"},
				"down": {"uv": [10.125, 9, 9.75, 9.125], "texture": "#0"}
			}
		},
		{
			"name": "hexadecagon",
			"from": [1.5, 0.1, 5.70163],
			"to": [4.5, 4.1, 6.29837],
			"rotation": {"angle": 22.5, "axis": "y", "origin": [3, 2.1, 6]},
			"faces": {
				"north": {"uv": [7.375, 5, 7.75, 5.5], "texture": "#0"},
				"east": {"uv": [8.25, 9, 8.375, 9.5], "texture": "#0"},
				"south": {"uv": [7.375, 5.5, 7.75, 6], "texture": "#0"},
				"west": {"uv": [8.375, 9, 8.5, 9.5], "texture": "#0"},
				"up": {"uv": [10.125, 9.25, 9.75, 9.125], "texture": "#0"},
				"down": {"uv": [10.125, 9.25, 9.75, 9.375], "texture": "#0"}
			}
		},
		{
			"name": "hexadecagon",
			"from": [2.70163, 0.1, 1.4],
			"to": [3.29837, 4.1, 4.4],
			"rotation": {"angle": -45, "axis": "y", "origin": [3, 2.1, 2.9]},
			"faces": {
				"north": {"uv": [6.875, 9, 7, 9.5], "texture": "#0"},
				"east": {"uv": [2.25, 7.125, 2.625, 7.625], "texture": "#0"},
				"south": {"uv": [7, 9, 7.125, 9.5], "texture": "#0"},
				"west": {"uv": [2.625, 7.125, 3, 7.625], "texture": "#0"},
				"up": {"uv": [3.375, 10.125, 3.25, 9.75], "texture": "#0"},
				"down": {"uv": [3.5, 9.75, 3.375, 10.125], "texture": "#0"}
			}
		},
		{
			"name": "hexadecagon",
			"from": [2.70163, 0.1, 1.4],
			"to": [3.29837, 4.1, 4.4],
			"rotation": {"angle": -22.5, "axis": "y", "origin": [3, 2.1, 2.9]},
			"faces": {
				"north": {"uv": [9, 7, 9.125, 7.5], "texture": "#0"},
				"east": {"uv": [3, 7.125, 3.375, 7.625], "texture": "#0"},
				"south": {"uv": [7.125, 9, 7.25, 9.5], "texture": "#0"},
				"west": {"uv": [3.375, 7.125, 3.75, 7.625], "texture": "#0"},
				"up": {"uv": [9.875, 6.125, 9.75, 5.75], "texture": "#0"},
				"down": {"uv": [6.125, 9.75, 6, 10.125], "texture": "#0"}
			}
		},
		{
			"name": "hexadecagon",
			"from": [2.70163, 0.1, 1.4],
			"to": [3.29837, 4.1, 4.4],
			"rotation": {"angle": 0, "axis": "y", "origin": [3, 2.1, 2.9]},
			"faces": {
				"north": {"uv": [7.25, 9, 7.375, 9.5], "texture": "#0"},
				"east": {"uv": [7.125, 4, 7.5, 4.5], "texture": "#0"},
				"south": {"uv": [7.375, 9, 7.5, 9.5], "texture": "#0"},
				"west": {"uv": [7.125, 7, 7.5, 7.5], "texture": "#0"},
				"up": {"uv": [6.25, 10.125, 6.125, 9.75], "texture": "#0"},
				"down": {"uv": [6.375, 9.75, 6.25, 10.125], "texture": "#0"}
			}
		},
		{
			"name": "hexadecagon",
			"from": [2.70163, 0.1, 1.4],
			"to": [3.29837, 4.1, 4.4],
			"rotation": {"angle": 22.5, "axis": "y", "origin": [3, 2.1, 2.9]},
			"faces": {
				"north": {"uv": [7.5, 9, 7.625, 9.5], "texture": "#0"},
				"east": {"uv": [7.25, 1.5, 7.625, 2], "texture": "#0"},
				"south": {"uv": [9, 7.5, 9.125, 8], "texture": "#0"},
				"west": {"uv": [7.25, 2, 7.625, 2.5], "texture": "#0"},
				"up": {"uv": [9.875, 7.25, 9.75, 6.875], "texture": "#0"},
				"down": {"uv": [9.875, 7.25, 9.75, 7.625], "texture": "#0"}
			}
		},
		{
			"name": "hexadecagon",
			"from": [2.70163, 0.1, 1.4],
			"to": [3.29837, 4.1, 4.4],
			"rotation": {"angle": 45, "axis": "y", "origin": [3, 2.1, 2.9]},
			"faces": {
				"north": {"uv": [7.625, 9, 7.75, 9.5], "texture": "#0"},
				"east": {"uv": [7.25, 2.5, 7.625, 3], "texture": "#0"},
				"south": {"uv": [7.75, 9, 7.875, 9.5], "texture": "#0"},
				"west": {"uv": [7.25, 3, 7.625, 3.5], "texture": "#0"},
				"up": {"uv": [9.875, 8, 9.75, 7.625], "texture": "#0"},
				"down": {"uv": [8.25, 9.75, 8.125, 10.125], "texture": "#0"}
			}
		},
		{
			"name": "hexadecagon",
			"from": [1.5, 0.1, 2.60163],
			"to": [4.5, 4.1, 3.19837],
			"rotation": {"angle": -22.5, "axis": "y", "origin": [3, 2.1, 2.9]},
			"faces": {
				"north": {"uv": [7.25, 3.5, 7.625, 4], "texture": "#0"},
				"east": {"uv": [7.875, 9, 8, 9.5], "texture": "#0"},
				"south": {"uv": [6, 7.25, 6.375, 7.75], "texture": "#0"},
				"west": {"uv": [8, 9, 8.125, 9.5], "texture": "#0"},
				"up": {"uv": [8.625, 9.875, 8.25, 9.75], "texture": "#0"},
				"down": {"uv": [10.125, 8.75, 9.75, 8.875], "texture": "#0"}
			}
		},
		{
			"name": "hexadecagon",
			"from": [1.5, 0.1, 2.60163],
			"to": [4.5, 4.1, 3.19837],
			"rotation": {"angle": 0, "axis": "y", "origin": [3, 2.1, 2.9]},
			"faces": {
				"north": {"uv": [7.375, 1, 7.75, 1.5], "texture": "#0"},
				"east": {"uv": [9, 8, 9.125, 8.5], "texture": "#0"},
				"south": {"uv": [7.375, 4.5, 7.75, 5], "texture": "#0"},
				"west": {"uv": [8.125, 9, 8.25, 9.5], "texture": "#0"},
				"up": {"uv": [10.125, 9, 9.75, 8.875], "texture": "#0"},
				"down": {"uv": [10.125, 9, 9.75, 9.125], "texture": "#0"}
			}
		},
		{
			"name": "hexadecagon",
			"from": [1.5, 0.1, 2.60163],
			"to": [4.5, 4.1, 3.19837],
			"rotation": {"angle": 22.5, "axis": "y", "origin": [3, 2.1, 2.9]},
			"faces": {
				"north": {"uv": [7.375, 5, 7.75, 5.5], "texture": "#0"},
				"east": {"uv": [8.25, 9, 8.375, 9.5], "texture": "#0"},
				"south": {"uv": [7.375, 5.5, 7.75, 6], "texture": "#0"},
				"west": {"uv": [8.375, 9, 8.5, 9.5], "texture": "#0"},
				"up": {"uv": [10.125, 9.25, 9.75, 9.125], "texture": "#0"},
				"down": {"uv": [10.125, 9.25, 9.75, 9.375], "texture": "#0"}
			}
		},
		{
			"name": "hexadecagon",
			"from": [5.70163, 0.1, 1.4],
			"to": [6.29837, 4.1, 4.4],
			"rotation": {"angle": -45, "axis": "y", "origin": [6, 2.1, 2.9]},
			"faces": {
				"north": {"uv": [6.875, 9, 7, 9.5], "texture": "#0"},
				"east": {"uv": [2.25, 7.125, 2.625, 7.625], "texture": "#0"},
				"south": {"uv": [7, 9, 7.125, 9.5], "texture": "#0"},
				"west": {"uv": [2.625, 7.125, 3, 7.625], "texture": "#0"},
				"up": {"uv": [3.375, 10.125, 3.25, 9.75], "texture": "#0"},
				"down": {"uv": [3.5, 9.75, 3.375, 10.125], "texture": "#0"}
			}
		},
		{
			"name": "hexadecagon",
			"from": [5.70163, 0.1, 1.4],
			"to": [6.29837, 4.1, 4.4],
			"rotation": {"angle": -22.5, "axis": "y", "origin": [6, 2.1, 2.9]},
			"faces": {
				"north": {"uv": [9, 7, 9.125, 7.5], "texture": "#0"},
				"east": {"uv": [3, 7.125, 3.375, 7.625], "texture": "#0"},
				"south": {"uv": [7.125, 9, 7.25, 9.5], "texture": "#0"},
				"west": {"uv": [3.375, 7.125, 3.75, 7.625], "texture": "#0"},
				"up": {"uv": [9.875, 6.125, 9.75, 5.75], "texture": "#0"},
				"down": {"uv": [6.125, 9.75, 6, 10.125], "texture": "#0"}
			}
		},
		{
			"name": "hexadecagon",
			"from": [5.70163, 0.1, 1.4],
			"to": [6.29837, 4.1, 4.4],
			"rotation": {"angle": 0, "axis": "y", "origin": [6, 2.1, 2.9]},
			"faces": {
				"north": {"uv": [7.25, 9, 7.375, 9.5], "texture": "#0"},
				"east": {"uv": [7.125, 4, 7.5, 4.5], "texture": "#0"},
				"south": {"uv": [7.375, 9, 7.5, 9.5], "texture": "#0"},
				"west": {"uv": [7.125, 7, 7.5, 7.5], "texture": "#0"},
				"up": {"uv": [6.25, 10.125, 6.125, 9.75], "texture": "#0"},
				"down": {"uv": [6.375, 9.75, 6.25, 10.125], "texture": "#0"}
			}
		},
		{
			"name": "hexadecagon",
			"from": [5.70163, 0.1, 1.4],
			"to": [6.29837, 4.1, 4.4],
			"rotation": {"angle": 22.5, "axis": "y", "origin": [6, 2.1, 2.9]},
			"faces": {
				"north": {"uv": [7.5, 9, 7.625, 9.5], "texture": "#0"},
				"east": {"uv": [7.25, 1.5, 7.625, 2], "texture": "#0"},
				"south": {"uv": [9, 7.5, 9.125, 8], "texture": "#0"},
				"west": {"uv": [7.25, 2, 7.625, 2.5], "texture": "#0"},
				"up": {"uv": [9.875, 7.25, 9.75, 6.875], "texture": "#0"},
				"down": {"uv": [9.875, 7.25, 9.75, 7.625], "texture": "#0"}
			}
		},
		{
			"name": "hexadecagon",
			"from": [5.70163, 0.1, 1.4],
			"to": [6.29837, 4.1, 4.4],
			"rotation": {"angle": 45, "axis": "y", "origin": [6, 2.1, 2.9]},
			"faces": {
				"north": {"uv": [7.625, 9, 7.75, 9.5], "texture": "#0"},
				"east": {"uv": [7.25, 2.5, 7.625, 3], "texture": "#0"},
				"south": {"uv": [7.75, 9, 7.875, 9.5], "texture": "#0"},
				"west": {"uv": [7.25, 3, 7.625, 3.5], "texture": "#0"},
				"up": {"uv": [9.875, 8, 9.75, 7.625], "texture": "#0"},
				"down": {"uv": [8.25, 9.75, 8.125, 10.125], "texture": "#0"}
			}
		},
		{
			"name": "hexadecagon",
			"from": [4.5, 0.1, 2.60163],
			"to": [7.5, 4.1, 3.19837],
			"rotation": {"angle": -22.5, "axis": "y", "origin": [6, 2.1, 2.9]},
			"faces": {
				"north": {"uv": [7.25, 3.5, 7.625, 4], "texture": "#0"},
				"east": {"uv": [7.875, 9, 8, 9.5], "texture": "#0"},
				"south": {"uv": [6, 7.25, 6.375, 7.75], "texture": "#0"},
				"west": {"uv": [8, 9, 8.125, 9.5], "texture": "#0"},
				"up": {"uv": [8.625, 9.875, 8.25, 9.75], "texture": "#0"},
				"down": {"uv": [10.125, 8.75, 9.75, 8.875], "texture": "#0"}
			}
		},
		{
			"name": "hexadecagon",
			"from": [4.5, 0.1, 2.60163],
			"to": [7.5, 4.1, 3.19837],
			"rotation": {"angle": 0, "axis": "y", "origin": [6, 2.1, 2.9]},
			"faces": {
				"north": {"uv": [7.375, 1, 7.75, 1.5], "texture": "#0"},
				"east": {"uv": [9, 8, 9.125, 8.5], "texture": "#0"},
				"south": {"uv": [7.375, 4.5, 7.75, 5], "texture": "#0"},
				"west": {"uv": [8.125, 9, 8.25, 9.5], "texture": "#0"},
				"up": {"uv": [10.125, 9, 9.75, 8.875], "texture": "#0"},
				"down": {"uv": [10.125, 9, 9.75, 9.125], "texture": "#0"}
			}
		},
		{
			"name": "hexadecagon",
			"from": [4.5, 0.1, 2.60163],
			"to": [7.5, 4.1, 3.19837],
			"rotation": {"angle": 22.5, "axis": "y", "origin": [6, 2.1, 2.9]},
			"faces": {
				"north": {"uv": [7.375, 5, 7.75, 5.5], "texture": "#0"},
				"east": {"uv": [8.25, 9, 8.375, 9.5], "texture": "#0"},
				"south": {"uv": [7.375, 5.5, 7.75, 6], "texture": "#0"},
				"west": {"uv": [8.375, 9, 8.5, 9.5], "texture": "#0"},
				"up": {"uv": [10.125, 9.25, 9.75, 9.125], "texture": "#0"},
				"down": {"uv": [10.125, 9.25, 9.75, 9.375], "texture": "#0"}
			}
		},
		{
			"from": [7.5, 3, 0],
			"to": [8.5, 4.5, 1],
			"faces": {
				"north": {"uv": [5.5, 1.625, 5.625, 1.875], "texture": "#0"},
				"east": {"uv": [5.625, 1.625, 5.75, 1.875], "texture": "#0"},
				"south": {"uv": [6, 4.75, 6.125, 5], "texture": "#0"},
				"west": {"uv": [6.125, 4, 6.25, 4.25], "texture": "#0"},
				"up": {"uv": [5.75, 1.125, 5.625, 1], "texture": "#0"},
				"down": {"uv": [5.875, 1, 5.75, 1.125], "texture": "#0"}
			}
		},
		{
			"name": "hexadecagon",
			"from": [12.70163, 0.1, 1.5],
			"to": [13.29837, 4.1, 4.5],
			"rotation": {"angle": -45, "axis": "y", "origin": [13, 2.1, 3]},
			"faces": {
				"north": {"uv": [3.125, 9.125, 3.25, 9.625], "texture": "#0"},
				"east": {"uv": [7.75, 4.5, 8.125, 5], "texture": "#0"},
				"south": {"uv": [3.25, 9.125, 3.375, 9.625], "texture": "#0"},
				"west": {"uv": [7.75, 5, 8.125, 5.5], "texture": "#0"},
				"up": {"uv": [5.875, 10.25, 5.75, 9.875], "texture": "#0"},
				"down": {"uv": [6, 9.875, 5.875, 10.25], "texture": "#0"}
			}
		},
		{
			"name": "hexadecagon",
			"from": [12.70163, 0.1, 1.5],
			"to": [13.29837, 4.1, 4.5],
			"rotation": {"angle": -22.5, "axis": "y", "origin": [13, 2.1, 3]},
			"faces": {
				"north": {"uv": [3.375, 9.125, 3.5, 9.625], "texture": "#0"},
				"east": {"uv": [7.75, 5.5, 8.125, 6], "texture": "#0"},
				"south": {"uv": [3.5, 9.125, 3.625, 9.625], "texture": "#0"},
				"west": {"uv": [6, 7.75, 6.375, 8.25], "texture": "#0"},
				"up": {"uv": [6.5, 10.25, 6.375, 9.875], "texture": "#0"},
				"down": {"uv": [10, 6.375, 9.875, 6.75], "texture": "#0"}
			}
		},
		{
			"name": "hexadecagon",
			"from": [12.70163, 0.1, 1.5],
			"to": [13.29837, 4.1, 4.5],
			"rotation": {"angle": 0, "axis": "y", "origin": [13, 2.1, 3]},
			"faces": {
				"north": {"uv": [9.125, 3.5, 9.25, 4], "texture": "#0"},
				"east": {"uv": [7.75, 6, 8.125, 6.5], "texture": "#0"},
				"south": {"uv": [3.625, 9.125, 3.75, 9.625], "texture": "#0"},
				"west": {"uv": [7.75, 6.5, 8.125, 7], "texture": "#0"},
				"up": {"uv": [10, 7.125, 9.875, 6.75], "texture": "#0"},
				"down": {"uv": [10, 7.125, 9.875, 7.5], "texture": "#0"}
			}
		},
		{
			"name": "hexadecagon",
			"from": [12.70163, 0.1, 1.5],
			"to": [13.29837, 4.1, 4.5],
			"rotation": {"angle": 22.5, "axis": "y", "origin": [13, 2.1, 3]},
			"faces": {
				"north": {"uv": [9.125, 4, 9.25, 4.5], "texture": "#0"},
				"east": {"uv": [7.875, 0, 8.25, 0.5], "texture": "#0"},
				"south": {"uv": [9.125, 4.5, 9.25, 5], "texture": "#0"},
				"west": {"uv": [7.875, 0.5, 8.25, 1], "texture": "#0"},
				"up": {"uv": [7.375, 10.25, 7.25, 9.875], "texture": "#0"},
				"down": {"uv": [7.5, 9.875, 7.375, 10.25], "texture": "#0"}
			}
		},
		{
			"name": "hexadecagon",
			"from": [12.70163, 0.1, 1.5],
			"to": [13.29837, 4.1, 4.5],
			"rotation": {"angle": 45, "axis": "y", "origin": [13, 2.1, 3]},
			"faces": {
				"north": {"uv": [9.125, 5, 9.25, 5.5], "texture": "#0"},
				"east": {"uv": [7.875, 4, 8.25, 4.5], "texture": "#0"},
				"south": {"uv": [9.125, 5.5, 9.25, 6], "texture": "#0"},
				"west": {"uv": [7.875, 7, 8.25, 7.5], "texture": "#0"},
				"up": {"uv": [7.625, 10.25, 7.5, 9.875], "texture": "#0"},
				"down": {"uv": [10, 7.5, 9.875, 7.875], "texture": "#0"}
			}
		},
		{
			"name": "hexadecagon",
			"from": [11.5, 0.1, 2.70163],
			"to": [14.5, 4.1, 3.29837],
			"rotation": {"angle": -22.5, "axis": "y", "origin": [13, 2.1, 3]},
			"faces": {
				"north": {"uv": [7.875, 7.5, 8.25, 8], "texture": "#0"},
				"east": {"uv": [9.125, 6, 9.25, 6.5], "texture": "#0"},
				"south": {"uv": [1.5, 8, 1.875, 8.5], "texture": "#0"},
				"west": {"uv": [9.125, 6.5, 9.25, 7], "texture": "#0"},
				"up": {"uv": [8, 10, 7.625, 9.875], "texture": "#0"},
				"down": {"uv": [10.25, 7.875, 9.875, 8], "texture": "#0"}
			}
		},
		{
			"name": "hexadecagon",
			"from": [11.5, 0.1, 2.70163],
			"to": [14.5, 4.1, 3.29837],
			"rotation": {"angle": 0, "axis": "y", "origin": [13, 2.1, 3]},
			"faces": {
				"north": {"uv": [8, 1.5, 8.375, 2], "texture": "#0"},
				"east": {"uv": [9.125, 7, 9.25, 7.5], "texture": "#0"},
				"south": {"uv": [1.875, 8, 2.25, 8.5], "texture": "#0"},
				"west": {"uv": [9.125, 7.5, 9.25, 8], "texture": "#0"},
				"up": {"uv": [10.25, 8.125, 9.875, 8], "texture": "#0"},
				"down": {"uv": [10.25, 8.125, 9.875, 8.25], "texture": "#0"}
			}
		},
		{
			"name": "hexadecagon",
			"from": [11.5, 0.1, 2.70163],
			"to": [14.5, 4.1, 3.29837],
			"rotation": {"angle": 22.5, "axis": "y", "origin": [13, 2.1, 3]},
			"faces": {
				"north": {"uv": [8, 2, 8.375, 2.5], "texture": "#0"},
				"east": {"uv": [9.125, 8, 9.25, 8.5], "texture": "#0"},
				"south": {"uv": [8, 2.5, 8.375, 3], "texture": "#0"},
				"west": {"uv": [9.125, 8.5, 9.25, 9], "texture": "#0"},
				"up": {"uv": [8.625, 10, 8.25, 9.875], "texture": "#0"},
				"down": {"uv": [10.25, 8.25, 9.875, 8.375], "texture": "#0"}
			}
		},
		{
			"name": "hexadecagon",
			"from": [9.70163, 0.1, 1.5],
			"to": [10.29837, 4.1, 4.5],
			"rotation": {"angle": -45, "axis": "y", "origin": [10, 2.1, 3]},
			"faces": {
				"north": {"uv": [3.125, 9.125, 3.25, 9.625], "texture": "#0"},
				"east": {"uv": [7.75, 4.5, 8.125, 5], "texture": "#0"},
				"south": {"uv": [3.25, 9.125, 3.375, 9.625], "texture": "#0"},
				"west": {"uv": [7.75, 5, 8.125, 5.5], "texture": "#0"},
				"up": {"uv": [5.875, 10.25, 5.75, 9.875], "texture": "#0"},
				"down": {"uv": [6, 9.875, 5.875, 10.25], "texture": "#0"}
			}
		},
		{
			"name": "hexadecagon",
			"from": [9.70163, 0.1, 1.5],
			"to": [10.29837, 4.1, 4.5],
			"rotation": {"angle": -22.5, "axis": "y", "origin": [10, 2.1, 3]},
			"faces": {
				"north": {"uv": [3.375, 9.125, 3.5, 9.625], "texture": "#0"},
				"east": {"uv": [7.75, 5.5, 8.125, 6], "texture": "#0"},
				"south": {"uv": [3.5, 9.125, 3.625, 9.625], "texture": "#0"},
				"west": {"uv": [6, 7.75, 6.375, 8.25], "texture": "#0"},
				"up": {"uv": [6.5, 10.25, 6.375, 9.875], "texture": "#0"},
				"down": {"uv": [10, 6.375, 9.875, 6.75], "texture": "#0"}
			}
		},
		{
			"name": "hexadecagon",
			"from": [9.70163, 0.1, 1.5],
			"to": [10.29837, 4.1, 4.5],
			"rotation": {"angle": 0, "axis": "y", "origin": [10, 2.1, 3]},
			"faces": {
				"north": {"uv": [9.125, 3.5, 9.25, 4], "texture": "#0"},
				"east": {"uv": [7.75, 6, 8.125, 6.5], "texture": "#0"},
				"south": {"uv": [3.625, 9.125, 3.75, 9.625], "texture": "#0"},
				"west": {"uv": [7.75, 6.5, 8.125, 7], "texture": "#0"},
				"up": {"uv": [10, 7.125, 9.875, 6.75], "texture": "#0"},
				"down": {"uv": [10, 7.125, 9.875, 7.5], "texture": "#0"}
			}
		},
		{
			"name": "hexadecagon",
			"from": [9.70163, 0.1, 1.5],
			"to": [10.29837, 4.1, 4.5],
			"rotation": {"angle": 22.5, "axis": "y", "origin": [10, 2.1, 3]},
			"faces": {
				"north": {"uv": [9.125, 4, 9.25, 4.5], "texture": "#0"},
				"east": {"uv": [7.875, 0, 8.25, 0.5], "texture": "#0"},
				"south": {"uv": [9.125, 4.5, 9.25, 5], "texture": "#0"},
				"west": {"uv": [7.875, 0.5, 8.25, 1], "texture": "#0"},
				"up": {"uv": [7.375, 10.25, 7.25, 9.875], "texture": "#0"},
				"down": {"uv": [7.5, 9.875, 7.375, 10.25], "texture": "#0"}
			}
		},
		{
			"name": "hexadecagon",
			"from": [9.70163, 0.1, 1.5],
			"to": [10.29837, 4.1, 4.5],
			"rotation": {"angle": 45, "axis": "y", "origin": [10, 2.1, 3]},
			"faces": {
				"north": {"uv": [9.125, 5, 9.25, 5.5], "texture": "#0"},
				"east": {"uv": [7.875, 4, 8.25, 4.5], "texture": "#0"},
				"south": {"uv": [9.125, 5.5, 9.25, 6], "texture": "#0"},
				"west": {"uv": [7.875, 7, 8.25, 7.5], "texture": "#0"},
				"up": {"uv": [7.625, 10.25, 7.5, 9.875], "texture": "#0"},
				"down": {"uv": [10, 7.5, 9.875, 7.875], "texture": "#0"}
			}
		},
		{
			"name": "hexadecagon",
			"from": [8.5, 0.1, 2.70163],
			"to": [11.5, 4.1, 3.29837],
			"rotation": {"angle": -22.5, "axis": "y", "origin": [10, 2.1, 3]},
			"faces": {
				"north": {"uv": [7.875, 7.5, 8.25, 8], "texture": "#0"},
				"east": {"uv": [9.125, 6, 9.25, 6.5], "texture": "#0"},
				"south": {"uv": [1.5, 8, 1.875, 8.5], "texture": "#0"},
				"west": {"uv": [9.125, 6.5, 9.25, 7], "texture": "#0"},
				"up": {"uv": [8, 10, 7.625, 9.875], "texture": "#0"},
				"down": {"uv": [10.25, 7.875, 9.875, 8], "texture": "#0"}
			}
		},
		{
			"name": "hexadecagon",
			"from": [8.5, 0.1, 2.70163],
			"to": [11.5, 4.1, 3.29837],
			"rotation": {"angle": 0, "axis": "y", "origin": [10, 2.1, 3]},
			"faces": {
				"north": {"uv": [8, 1.5, 8.375, 2], "texture": "#0"},
				"east": {"uv": [9.125, 7, 9.25, 7.5], "texture": "#0"},
				"south": {"uv": [1.875, 8, 2.25, 8.5], "texture": "#0"},
				"west": {"uv": [9.125, 7.5, 9.25, 8], "texture": "#0"},
				"up": {"uv": [10.25, 8.125, 9.875, 8], "texture": "#0"},
				"down": {"uv": [10.25, 8.125, 9.875, 8.25], "texture": "#0"}
			}
		},
		{
			"name": "hexadecagon",
			"from": [8.5, 0.1, 2.70163],
			"to": [11.5, 4.1, 3.29837],
			"rotation": {"angle": 22.5, "axis": "y", "origin": [10, 2.1, 3]},
			"faces": {
				"north": {"uv": [8, 2, 8.375, 2.5], "texture": "#0"},
				"east": {"uv": [9.125, 8, 9.25, 8.5], "texture": "#0"},
				"south": {"uv": [8, 2.5, 8.375, 3], "texture": "#0"},
				"west": {"uv": [9.125, 8.5, 9.25, 9], "texture": "#0"},
				"up": {"uv": [8.625, 10, 8.25, 9.875], "texture": "#0"},
				"down": {"uv": [10.25, 8.25, 9.875, 8.375], "texture": "#0"}
			}
		},
		{
			"name": "hexadecagon",
			"from": [9.70163, 0.1, 4.5],
			"to": [10.29837, 4.1, 7.5],
			"rotation": {"angle": -45, "axis": "y", "origin": [10, 2.1, 6]},
			"faces": {
				"north": {"uv": [3.125, 9.125, 3.25, 9.625], "texture": "#0"},
				"east": {"uv": [7.75, 4.5, 8.125, 5], "texture": "#0"},
				"south": {"uv": [3.25, 9.125, 3.375, 9.625], "texture": "#0"},
				"west": {"uv": [7.75, 5, 8.125, 5.5], "texture": "#0"},
				"up": {"uv": [5.875, 10.25, 5.75, 9.875], "texture": "#0"},
				"down": {"uv": [6, 9.875, 5.875, 10.25], "texture": "#0"}
			}
		},
		{
			"name": "hexadecagon",
			"from": [9.70163, 0.1, 4.5],
			"to": [10.29837, 4.1, 7.5],
			"rotation": {"angle": -22.5, "axis": "y", "origin": [10, 2.1, 6]},
			"faces": {
				"north": {"uv": [3.375, 9.125, 3.5, 9.625], "texture": "#0"},
				"east": {"uv": [7.75, 5.5, 8.125, 6], "texture": "#0"},
				"south": {"uv": [3.5, 9.125, 3.625, 9.625], "texture": "#0"},
				"west": {"uv": [6, 7.75, 6.375, 8.25], "texture": "#0"},
				"up": {"uv": [6.5, 10.25, 6.375, 9.875], "texture": "#0"},
				"down": {"uv": [10, 6.375, 9.875, 6.75], "texture": "#0"}
			}
		},
		{
			"name": "hexadecagon",
			"from": [9.70163, 0.1, 4.5],
			"to": [10.29837, 4.1, 7.5],
			"rotation": {"angle": 0, "axis": "y", "origin": [10, 2.1, 6]},
			"faces": {
				"north": {"uv": [9.125, 3.5, 9.25, 4], "texture": "#0"},
				"east": {"uv": [7.75, 6, 8.125, 6.5], "texture": "#0"},
				"south": {"uv": [3.625, 9.125, 3.75, 9.625], "texture": "#0"},
				"west": {"uv": [7.75, 6.5, 8.125, 7], "texture": "#0"},
				"up": {"uv": [10, 7.125, 9.875, 6.75], "texture": "#0"},
				"down": {"uv": [10, 7.125, 9.875, 7.5], "texture": "#0"}
			}
		},
		{
			"name": "hexadecagon",
			"from": [9.70163, 0.1, 4.5],
			"to": [10.29837, 4.1, 7.5],
			"rotation": {"angle": 22.5, "axis": "y", "origin": [10, 2.1, 6]},
			"faces": {
				"north": {"uv": [9.125, 4, 9.25, 4.5], "texture": "#0"},
				"east": {"uv": [7.875, 0, 8.25, 0.5], "texture": "#0"},
				"south": {"uv": [9.125, 4.5, 9.25, 5], "texture": "#0"},
				"west": {"uv": [7.875, 0.5, 8.25, 1], "texture": "#0"},
				"up": {"uv": [7.375, 10.25, 7.25, 9.875], "texture": "#0"},
				"down": {"uv": [7.5, 9.875, 7.375, 10.25], "texture": "#0"}
			}
		},
		{
			"name": "hexadecagon",
			"from": [9.70163, 0.1, 4.5],
			"to": [10.29837, 4.1, 7.5],
			"rotation": {"angle": 45, "axis": "y", "origin": [10, 2.1, 6]},
			"faces": {
				"north": {"uv": [9.125, 5, 9.25, 5.5], "texture": "#0"},
				"east": {"uv": [7.875, 4, 8.25, 4.5], "texture": "#0"},
				"south": {"uv": [9.125, 5.5, 9.25, 6], "texture": "#0"},
				"west": {"uv": [7.875, 7, 8.25, 7.5], "texture": "#0"},
				"up": {"uv": [7.625, 10.25, 7.5, 9.875], "texture": "#0"},
				"down": {"uv": [10, 7.5, 9.875, 7.875], "texture": "#0"}
			}
		},
		{
			"name": "hexadecagon",
			"from": [8.5, 0.1, 5.70163],
			"to": [11.5, 4.1, 6.29837],
			"rotation": {"angle": -22.5, "axis": "y", "origin": [10, 2.1, 6]},
			"faces": {
				"north": {"uv": [7.875, 7.5, 8.25, 8], "texture": "#0"},
				"east": {"uv": [9.125, 6, 9.25, 6.5], "texture": "#0"},
				"south": {"uv": [1.5, 8, 1.875, 8.5], "texture": "#0"},
				"west": {"uv": [9.125, 6.5, 9.25, 7], "texture": "#0"},
				"up": {"uv": [8, 10, 7.625, 9.875], "texture": "#0"},
				"down": {"uv": [10.25, 7.875, 9.875, 8], "texture": "#0"}
			}
		},
		{
			"name": "hexadecagon",
			"from": [8.5, 0.1, 5.70163],
			"to": [11.5, 4.1, 6.29837],
			"rotation": {"angle": 0, "axis": "y", "origin": [10, 2.1, 6]},
			"faces": {
				"north": {"uv": [8, 1.5, 8.375, 2], "texture": "#0"},
				"east": {"uv": [9.125, 7, 9.25, 7.5], "texture": "#0"},
				"south": {"uv": [1.875, 8, 2.25, 8.5], "texture": "#0"},
				"west": {"uv": [9.125, 7.5, 9.25, 8], "texture": "#0"},
				"up": {"uv": [10.25, 8.125, 9.875, 8], "texture": "#0"},
				"down": {"uv": [10.25, 8.125, 9.875, 8.25], "texture": "#0"}
			}
		},
		{
			"name": "hexadecagon",
			"from": [8.5, 0.1, 5.70163],
			"to": [11.5, 4.1, 6.29837],
			"rotation": {"angle": 22.5, "axis": "y", "origin": [10, 2.1, 6]},
			"faces": {
				"north": {"uv": [8, 2, 8.375, 2.5], "texture": "#0"},
				"east": {"uv": [9.125, 8, 9.25, 8.5], "texture": "#0"},
				"south": {"uv": [8, 2.5, 8.375, 3], "texture": "#0"},
				"west": {"uv": [9.125, 8.5, 9.25, 9], "texture": "#0"},
				"up": {"uv": [8.625, 10, 8.25, 9.875], "texture": "#0"},
				"down": {"uv": [10.25, 8.25, 9.875, 8.375], "texture": "#0"}
			}
		}
	],
	"display": {
		"thirdperson_righthand": {
			"scale": [0.3, 0.3, 0.3]
		},
		"thirdperson_lefthand": {
			"scale": [0.3, 0.3, 0.3]
		},
		"firstperson_righthand": {
			"scale": [0.3, 0.3, 0.3]
		},
		"firstperson_lefthand": {
			"scale": [0.3, 0.3, 0.3]
		},
		"ground": {
			"translation": [0, 4.5, 0]
		},
		"gui": {
			"rotation": [30, 180, 0],
			"translation": [0, 3, 0],
			"scale": [0.6, 0.6, 0.6]
		},
		"fixed": {
			"rotation": [-90, 0, 0],
			"translation": [0, 0, -15],
			"scale": [2, 2, 2]
		}
	},
	"groups": [
		{
			"name": "hexadecagon",
			"origin": [7.5, 8, 6.5],
			"color": 0,
			"children": [0, 1, 2, 3, 4, 5, 6, 7]
		},
		8,
		9,
		10,
		11,
		12,
		13,
		14,
		15,
		{
			"name": "hexadecagon",
			"origin": [8, 8, 8],
			"color": 0,
			"children": [16, 17, 18, 19, 20, 21, 22, 23, 24, 25, 26, 27, 28, 29, 30, 31, 32, 33, 34, 35, 36, 37, 38, 39, 40, 41, 42, 43, 44, 45, 46, 47]
		},
		{
			"name": "hexadecagon",
			"origin": [8, 8, 8],
			"color": 0,
			"children": [48, 49, 50, 51, 52, 53, 54, 55]
		},
		{
			"name": "hexadecagon",
			"origin": [8, 8, 8],
			"color": 0,
			"children": [56, 57, 58, 59, 60, 61, 62, 63]
		},
		{
			"name": "hexadecagon",
			"origin": [7.5, 8, 6.5],
			"color": 0,
			"children": [64, 65, 66, 67, 68, 69, 70, 71]
		},
		{
			"name": "hexadecagon",
			"origin": [7.5, 8, 6.5],
			"color": 0,
			"children": [72, 73, 74, 75, 76, 77, 78, 79]
		},
		{
			"name": "hexadecagon",
			"origin": [7.5, 8, 6.5],
			"color": 0,
			"children": [80, 81, 82, 83, 84, 85, 86, 87]
		},
		{
			"name": "hexadecagon",
			"origin": [8, 8, 8],
			"color": 0,
			"children": [88, 89, 90, 91, 92, 93, 94, 95]
		},
		{
			"name": "hexadecagon",
			"origin": [8, 8, 8],
			"color": 0,
			"children": [96, 97, 98, 99, 100, 101, 102, 103]
		},
		{
			"name": "hexadecagon",
			"origin": [8, 8, 8],
			"color": 0,
			"children": [104, 105, 106, 107, 108, 109, 110, 111, 112]
		},
		{
			"name": "hexadecagon",
			"origin": [8, 8, 8],
			"color": 0,
			"children": [113, 114, 115, 116, 117, 118, 119, 120]
		},
		{
			"name": "hexadecagon",
			"origin": [8, 8, 8],
			"color": 0,
			"children": [121, 122, 123, 124, 125, 126, 127, 128]
		},
		{
			"name": "hexadecagon",
			"origin": [8, 8, 8],
			"color": 0,
			"children": [129, 130, 131, 132, 133, 134, 135, 136]
		}
	]
}