{
	"credit": "Made with Blockbench",
	"texture_size": [32, 32],
	"textures": {
		"7": "block/Rake Colors/light_gray_rake"
	},
	"elements": [
		{
			"from": [7.15, -16, 13.9],
			"to": [8.85, 15.1, 15.6],
			"rotation": {"angle": 0, "axis": "y", "origin": [7.25, 2, 14]},
			"faces": {
				"north": {"uv": [0, 0, 1, 15.5], "texture": "#7"},
				"east": {"uv": [1, 0, 2, 15.5], "texture": "#7"},
				"south": {"uv": [2, 0, 3, 15.5], "texture": "#7"},
				"west": {"uv": [3, 0, 4, 15.5], "texture": "#7"},
				"up": {"uv": [12.5, 5, 11.5, 4], "texture": "#7"},
				"down": {"uv": [12.5, 5, 11.5, 6], "texture": "#7"}
			}
		},
		{
			"from": [7, 15, 13.75],
			"to": [9, 18, 15.75],
			"rotation": {"angle": 0, "axis": "y", "origin": [7, 4, 13.75]},
			"faces": {
				"north": {"uv": [4, 5, 5, 6.5], "texture": "#7"},
				"east": {"uv": [5, 5, 6, 6.5], "texture": "#7"},
				"south": {"uv": [6, 5, 7, 6.5], "texture": "#7"},
				"west": {"uv": [4, 6.5, 5, 8], "texture": "#7"},
				"up": {"uv": [12.5, 7, 11.5, 6], "texture": "#7"},
				"down": {"uv": [12.5, 7, 11.5, 8], "texture": "#7"}
			}
		},
		{
			"from": [0.8, 18, 14.35],
			"to": [15.2, 20.4, 15.15],
			"rotation": {"angle": 0, "axis": "y", "origin": [0.8, -0.8, 21.55]},
			"faces": {
				"north": {"uv": [4, 0, 11, 1], "texture": "#7"},
				"east": {"uv": [5, 12.5, 5.5, 13.5], "texture": "#7"},
				"south": {"uv": [4, 1, 11, 2], "texture": "#7"},
				"west": {"uv": [5.5, 12.5, 6, 13.5], "texture": "#7"},
				"up": {"uv": [11, 2.5, 4, 2], "texture": "#7"},
				"down": {"uv": [11, 2.5, 4, 3], "texture": "#7"}
			}
		},
		{
			"from": [1, 21.2, 14.35],
			"to": [15, 22, 15.15],
			"rotation": {"angle": 0, "axis": "y", "origin": [0.8, -0.8, 21.55]},
			"faces": {
				"north": {"uv": [4, 3, 11, 3.5], "texture": "#7"},
				"east": {"uv": [13, 6, 13.5, 6.5], "texture": "#7"},
				"south": {"uv": [4, 3.5, 11, 4], "texture": "#7"},
				"west": {"uv": [14.5, 14.5, 15, 15], "texture": "#7"},
				"up": {"uv": [11, 4.5, 4, 4], "texture": "#7"},
				"down": {"uv": [11, 4.5, 4, 5], "texture": "#7"}
			}
		},
		{
			"from": [7, 18.075, 14.125],
			"to": [9, 19.575, 15.125],
			"rotation": {"angle": 22.5, "axis": "x", "origin": [8, 19, 13.75]},
			"faces": {
				"north": {"uv": [11.5, 8, 12.5, 9], "texture": "#7"},
				"east": {"uv": [12.5, 5.5, 13, 6.5], "texture": "#7"},
				"south": {"uv": [11.5, 9, 12.5, 10], "texture": "#7"},
				"west": {"uv": [6, 12.5, 6.5, 13.5], "texture": "#7"},
				"up": {"uv": [13.5, 7, 12.5, 6.5], "texture": "#7"},
				"down": {"uv": [13.5, 7, 12.5, 7.5], "texture": "#7"}
			}
		},
		{
			"from": [7, 18.075, 14.375],
			"to": [9, 19.575, 15.375],
			"rotation": {"angle": -22.5, "axis": "x", "origin": [8, 19, 15.75]},
			"faces": {
				"north": {"uv": [11.5, 10, 12.5, 11], "texture": "#7"},
				"east": {"uv": [6.5, 12.5, 7, 13.5], "texture": "#7"},
				"south": {"uv": [11.5, 11, 12.5, 12], "texture": "#7"},
				"west": {"uv": [12.5, 7.5, 13, 8.5], "texture": "#7"},
				"up": {"uv": [13.5, 9, 12.5, 8.5], "texture": "#7"},
				"down": {"uv": [13.5, 9, 12.5, 9.5], "texture": "#7"}
			}
		},
		{
			"from": [7.6, 20.4, 14.35],
			"to": [8.4, 26.8, 15.15],
			"rotation": {"angle": 0, "axis": "y", "origin": [7.6, 6, 14.35]},
			"faces": {
				"north": {"uv": [5, 6.5, 5.5, 9.5], "texture": "#7"},
				"east": {"uv": [5.5, 6.5, 6, 9.5], "texture": "#7"},
				"south": {"uv": [6, 6.5, 6.5, 9.5], "texture": "#7"},
				"west": {"uv": [6.5, 6.5, 7, 9.5], "texture": "#7"},
				"up": {"uv": [15.5, 0.5, 15, 0], "texture": "#7"},
				"down": {"uv": [15.5, 0.5, 15, 1], "texture": "#7"}
			}
		},
		{
			"from": [7.6, 26.5, 15.09],
			"to": [8.4, 28.1, 15.89],
			"rotation": {"angle": -22.5, "axis": "x", "origin": [8, 24.8, 14.75]},
			"faces": {
				"north": {"uv": [12.5, 9.5, 13, 10.5], "texture": "#7"},
				"east": {"uv": [12.5, 10.5, 13, 11.5], "texture": "#7"},
				"south": {"uv": [12.5, 11.5, 13, 12.5], "texture": "#7"},
				"west": {"uv": [12.5, 12.5, 13, 13.5], "texture": "#7"},
				"up": {"uv": [15.5, 1.5, 15, 1], "texture": "#7"},
				"down": {"uv": [15.5, 1.5, 15, 2], "texture": "#7"}
			}
		},
		{
			"from": [7.6, 27.42, 16.27],
			"to": [8.4, 29.02, 17.07],
			"rotation": {"angle": -45, "axis": "x", "origin": [8, 24.8, 14.75]},
			"faces": {
				"north": {"uv": [13, 0, 13.5, 1], "texture": "#7"},
				"east": {"uv": [13, 1, 13.5, 2], "texture": "#7"},
				"south": {"uv": [13, 2, 13.5, 3], "texture": "#7"},
				"west": {"uv": [13, 3, 13.5, 4], "texture": "#7"},
				"up": {"uv": [15.5, 2.5, 15, 2], "texture": "#7"},
				"down": {"uv": [15.5, 2.5, 15, 3], "texture": "#7"}
			}
		},
		{
			"from": [9.2, 27.42, 16.27],
			"to": [10, 29.02, 17.07],
			"rotation": {"angle": -45, "axis": "x", "origin": [9.6, 24.8, 14.75]},
			"faces": {
				"north": {"uv": [13, 4, 13.5, 5], "texture": "#7"},
				"east": {"uv": [13, 5, 13.5, 6], "texture": "#7"},
				"south": {"uv": [13, 7.5, 13.5, 8.5], "texture": "#7"},
				"west": {"uv": [13, 9.5, 13.5, 10.5], "texture": "#7"},
				"up": {"uv": [15.5, 3.5, 15, 3], "texture": "#7"},
				"down": {"uv": [15.5, 3.5, 15, 4], "texture": "#7"}
			}
		},
		{
			"from": [9.2, 26.5, 15.09],
			"to": [10, 28.1, 15.89],
			"rotation": {"angle": -22.5, "axis": "x", "origin": [9.6, 24.8, 14.75]},
			"faces": {
				"north": {"uv": [13, 10.5, 13.5, 11.5], "texture": "#7"},
				"east": {"uv": [13, 11.5, 13.5, 12.5], "texture": "#7"},
				"south": {"uv": [13, 12.5, 13.5, 13.5], "texture": "#7"},
				"west": {"uv": [13.5, 0, 14, 1], "texture": "#7"},
				"up": {"uv": [4.5, 15.5, 4, 15], "texture": "#7"},
				"down": {"uv": [15.5, 4, 15, 4.5], "texture": "#7"}
			}
		},
		{
			"from": [9.2, 20.4, 14.35],
			"to": [10, 26.8, 15.15],
			"rotation": {"angle": 0, "axis": "y", "origin": [9.2, 6, 14.35]},
			"faces": {
				"north": {"uv": [7, 5, 7.5, 8], "texture": "#7"},
				"east": {"uv": [7.5, 5, 8, 8], "texture": "#7"},
				"south": {"uv": [4, 8, 4.5, 11], "texture": "#7"},
				"west": {"uv": [4.5, 8, 5, 11], "texture": "#7"},
				"up": {"uv": [5, 15.5, 4.5, 15], "texture": "#7"},
				"down": {"uv": [15.5, 4.5, 15, 5], "texture": "#7"}
			}
		},
		{
			"from": [10.8, 27.42, 16.27],
			"to": [11.6, 29.02, 17.07],
			"rotation": {"angle": -45, "axis": "x", "origin": [11.2, 24.8, 14.75]},
			"faces": {
				"north": {"uv": [13.5, 1, 14, 2], "texture": "#7"},
				"east": {"uv": [13.5, 2, 14, 3], "texture": "#7"},
				"south": {"uv": [13.5, 3, 14, 4], "texture": "#7"},
				"west": {"uv": [13.5, 4, 14, 5], "texture": "#7"},
				"up": {"uv": [15.5, 5.5, 15, 5], "texture": "#7"},
				"down": {"uv": [15.5, 5.5, 15, 6], "texture": "#7"}
			}
		},
		{
			"from": [10.8, 26.5, 15.09],
			"to": [11.6, 28.1, 15.89],
			"rotation": {"angle": -22.5, "axis": "x", "origin": [11.2, 24.8, 14.75]},
			"faces": {
				"north": {"uv": [5, 13.5, 5.5, 14.5], "texture": "#7"},
				"east": {"uv": [13.5, 5, 14, 6], "texture": "#7"},
				"south": {"uv": [5.5, 13.5, 6, 14.5], "texture": "#7"},
				"west": {"uv": [6, 13.5, 6.5, 14.5], "texture": "#7"},
				"up": {"uv": [15.5, 6.5, 15, 6], "texture": "#7"},
				"down": {"uv": [15.5, 6.5, 15, 7], "texture": "#7"}
			}
		},
		{
			"from": [10.8, 20.4, 14.35],
			"to": [11.6, 26.8, 15.15],
			"rotation": {"angle": 0, "axis": "y", "origin": [10.8, 6, 14.35]},
			"faces": {
				"north": {"uv": [8, 5, 8.5, 8], "texture": "#7"},
				"east": {"uv": [7, 8, 7.5, 11], "texture": "#7"},
				"south": {"uv": [7.5, 8, 8, 11], "texture": "#7"},
				"west": {"uv": [8, 8, 8.5, 11], "texture": "#7"},
				"up": {"uv": [7.5, 15.5, 7, 15], "texture": "#7"},
				"down": {"uv": [15.5, 7, 15, 7.5], "texture": "#7"}
			}
		},
		{
			"from": [12.4, 27.42, 16.27],
			"to": [13.2, 29.02, 17.07],
			"rotation": {"angle": -45, "axis": "x", "origin": [12.8, 24.8, 14.75]},
			"faces": {
				"north": {"uv": [13.5, 6, 14, 7], "texture": "#7"},
				"east": {"uv": [6.5, 13.5, 7, 14.5], "texture": "#7"},
				"south": {"uv": [13.5, 7, 14, 8], "texture": "#7"},
				"west": {"uv": [13.5, 8, 14, 9], "texture": "#7"},
				"up": {"uv": [8, 15.5, 7.5, 15], "texture": "#7"},
				"down": {"uv": [15.5, 7.5, 15, 8], "texture": "#7"}
			}
		},
		{
			"from": [12.4, 26.5, 15.09],
			"to": [13.2, 28.1, 15.89],
			"rotation": {"angle": -22.5, "axis": "x", "origin": [12.8, 24.8, 14.75]},
			"faces": {
				"north": {"uv": [13.5, 9, 14, 10], "texture": "#7"},
				"east": {"uv": [13.5, 10, 14, 11], "texture": "#7"},
				"south": {"uv": [11, 13.5, 11.5, 14.5], "texture": "#7"},
				"west": {"uv": [13.5, 11, 14, 12], "texture": "#7"},
				"up": {"uv": [8.5, 15.5, 8, 15], "texture": "#7"},
				"down": {"uv": [15.5, 8, 15, 8.5], "texture": "#7"}
			}
		},
		{
			"from": [12.4, 20.4, 14.35],
			"to": [13.2, 26.8, 15.15],
			"rotation": {"angle": 0, "axis": "y", "origin": [12.4, 6, 14.35]},
			"faces": {
				"north": {"uv": [8.5, 5, 9, 8], "texture": "#7"},
				"east": {"uv": [8.5, 8, 9, 11], "texture": "#7"},
				"south": {"uv": [9, 5, 9.5, 8], "texture": "#7"},
				"west": {"uv": [9, 8, 9.5, 11], "texture": "#7"},
				"up": {"uv": [9, 15.5, 8.5, 15], "texture": "#7"},
				"down": {"uv": [15.5, 8.5, 15, 9], "texture": "#7"}
			}
		},
		{
			"from": [14, 27.42, 16.27],
			"to": [14.8, 29.02, 17.07],
			"rotation": {"angle": -45, "axis": "x", "origin": [14.4, 24.8, 14.75]},
			"faces": {
				"north": {"uv": [11.5, 13.5, 12, 14.5], "texture": "#7"},
				"east": {"uv": [12, 13.5, 12.5, 14.5], "texture": "#7"},
				"south": {"uv": [13.5, 12, 14, 13], "texture": "#7"},
				"west": {"uv": [12.5, 13.5, 13, 14.5], "texture": "#7"},
				"up": {"uv": [9.5, 15.5, 9, 15], "texture": "#7"},
				"down": {"uv": [15.5, 9, 15, 9.5], "texture": "#7"}
			}
		},
		{
			"from": [14, 26.5, 15.09],
			"to": [14.8, 28.1, 15.89],
			"rotation": {"angle": -22.5, "axis": "x", "origin": [14.4, 24.8, 14.75]},
			"faces": {
				"north": {"uv": [13, 13.5, 13.5, 14.5], "texture": "#7"},
				"east": {"uv": [13.5, 13, 14, 14], "texture": "#7"},
				"south": {"uv": [14, 0, 14.5, 1], "texture": "#7"},
				"west": {"uv": [14, 1, 14.5, 2], "texture": "#7"},
				"up": {"uv": [10, 15.5, 9.5, 15], "texture": "#7"},
				"down": {"uv": [15.5, 9.5, 15, 10], "texture": "#7"}
			}
		},
		{
			"from": [14, 20.4, 14.35],
			"to": [14.8, 26.8, 15.15],
			"rotation": {"angle": 0, "axis": "y", "origin": [14, 6, 14.35]},
			"faces": {
				"north": {"uv": [5, 9.5, 5.5, 12.5], "texture": "#7"},
				"east": {"uv": [9.5, 5, 10, 8], "texture": "#7"},
				"south": {"uv": [5.5, 9.5, 6, 12.5], "texture": "#7"},
				"west": {"uv": [6, 9.5, 6.5, 12.5], "texture": "#7"},
				"up": {"uv": [10.5, 15.5, 10, 15], "texture": "#7"},
				"down": {"uv": [15.5, 10, 15, 10.5], "texture": "#7"}
			}
		},
		{
			"from": [6, 27.42, 16.27],
			"to": [6.8, 29.02, 17.07],
			"rotation": {"angle": -45, "axis": "x", "origin": [6.4, 24.8, 14.75]},
			"faces": {
				"north": {"uv": [14, 2, 14.5, 3], "texture": "#7"},
				"east": {"uv": [14, 3, 14.5, 4], "texture": "#7"},
				"south": {"uv": [4, 14, 4.5, 15], "texture": "#7"},
				"west": {"uv": [14, 4, 14.5, 5], "texture": "#7"},
				"up": {"uv": [11, 15.5, 10.5, 15], "texture": "#7"},
				"down": {"uv": [15.5, 10.5, 15, 11], "texture": "#7"}
			}
		},
		{
			"from": [6, 26.5, 15.09],
			"to": [6.8, 28.1, 15.89],
			"rotation": {"angle": -22.5, "axis": "x", "origin": [6.4, 24.8, 14.75]},
			"faces": {
				"north": {"uv": [4.5, 14, 5, 15], "texture": "#7"},
				"east": {"uv": [14, 5, 14.5, 6], "texture": "#7"},
				"south": {"uv": [14, 6, 14.5, 7], "texture": "#7"},
				"west": {"uv": [7, 14, 7.5, 15], "texture": "#7"},
				"up": {"uv": [15.5, 11.5, 15, 11], "texture": "#7"},
				"down": {"uv": [15.5, 11.5, 15, 12], "texture": "#7"}
			}
		},
		{
			"from": [6, 20.4, 14.35],
			"to": [6.8, 26.8, 15.15],
			"rotation": {"angle": 0, "axis": "y", "origin": [6, 6, 14.35]},
			"faces": {
				"north": {"uv": [6.5, 9.5, 7, 12.5], "texture": "#7"},
				"east": {"uv": [9.5, 8, 10, 11], "texture": "#7"},
				"south": {"uv": [10, 5, 10.5, 8], "texture": "#7"},
				"west": {"uv": [10, 8, 10.5, 11], "texture": "#7"},
				"up": {"uv": [15.5, 12.5, 15, 12], "texture": "#7"},
				"down": {"uv": [13, 15, 12.5, 15.5], "texture": "#7"}
			}
		},
		{
			"from": [4.4, 27.42, 16.27],
			"to": [5.2, 29.02, 17.07],
			"rotation": {"angle": -45, "axis": "x", "origin": [4.8, 24.8, 14.75]},
			"faces": {
				"north": {"uv": [14, 7, 14.5, 8], "texture": "#7"},
				"east": {"uv": [7.5, 14, 8, 15], "texture": "#7"},
				"south": {"uv": [8, 14, 8.5, 15], "texture": "#7"},
				"west": {"uv": [14, 8, 14.5, 9], "texture": "#7"},
				"up": {"uv": [15.5, 13, 15, 12.5], "texture": "#7"},
				"down": {"uv": [13.5, 15, 13, 15.5], "texture": "#7"}
			}
		},
		{
			"from": [4.4, 26.5, 15.09],
			"to": [5.2, 28.1, 15.89],
			"rotation": {"angle": -22.5, "axis": "x", "origin": [4.8, 24.8, 14.75]},
			"faces": {
				"north": {"uv": [8.5, 14, 9, 15], "texture": "#7"},
				"east": {"uv": [9, 14, 9.5, 15], "texture": "#7"},
				"south": {"uv": [14, 9, 14.5, 10], "texture": "#7"},
				"west": {"uv": [9.5, 14, 10, 15], "texture": "#7"},
				"up": {"uv": [14, 15.5, 13.5, 15], "texture": "#7"},
				"down": {"uv": [14.5, 15, 14, 15.5], "texture": "#7"}
			}
		},
		{
			"from": [4.4, 20.4, 14.35],
			"to": [5.2, 26.8, 15.15],
			"rotation": {"angle": 0, "axis": "y", "origin": [4.4, 6, 14.35]},
			"faces": {
				"north": {"uv": [10.5, 5, 11, 8], "texture": "#7"},
				"east": {"uv": [10.5, 8, 11, 11], "texture": "#7"},
				"south": {"uv": [11, 0, 11.5, 3], "texture": "#7"},
				"west": {"uv": [11, 3, 11.5, 6], "texture": "#7"},
				"up": {"uv": [15, 15.5, 14.5, 15], "texture": "#7"},
				"down": {"uv": [15.5, 14.5, 15, 15], "texture": "#7"}
			}
		},
		{
			"from": [2.8, 27.42, 16.27],
			"to": [3.6, 29.02, 17.07],
			"rotation": {"angle": -45, "axis": "x", "origin": [3.2, 24.8, 14.75]},
			"faces": {
				"north": {"uv": [10, 14, 10.5, 15], "texture": "#7"},
				"east": {"uv": [14, 10, 14.5, 11], "texture": "#7"},
				"south": {"uv": [10.5, 14, 11, 15], "texture": "#7"},
				"west": {"uv": [14, 11, 14.5, 12], "texture": "#7"},
				"up": {"uv": [15.5, 15.5, 15, 15], "texture": "#7"},
				"down": {"uv": [0.5, 15.5, 0, 16], "texture": "#7"}
			}
		},
		{
			"from": [2.8, 26.5, 15.09],
			"to": [3.6, 28.1, 15.89],
			"rotation": {"angle": -22.5, "axis": "x", "origin": [3.2, 24.8, 14.75]},
			"faces": {
				"north": {"uv": [14, 12, 14.5, 13], "texture": "#7"},
				"east": {"uv": [14, 13, 14.5, 14], "texture": "#7"},
				"south": {"uv": [13.5, 14, 14, 15], "texture": "#7"},
				"west": {"uv": [14, 14, 14.5, 15], "texture": "#7"},
				"up": {"uv": [16, 0.5, 15.5, 0], "texture": "#7"},
				"down": {"uv": [1, 15.5, 0.5, 16], "texture": "#7"}
			}
		},
		{
			"from": [2.8, 20.4, 14.35],
			"to": [3.6, 26.8, 15.15],
			"rotation": {"angle": 0, "axis": "y", "origin": [2.8, 6, 14.35]},
			"faces": {
				"north": {"uv": [4, 11, 4.5, 14], "texture": "#7"},
				"east": {"uv": [4.5, 11, 5, 14], "texture": "#7"},
				"south": {"uv": [11, 6, 11.5, 9], "texture": "#7"},
				"west": {"uv": [7, 11, 7.5, 14], "texture": "#7"},
				"up": {"uv": [16, 1, 15.5, 0.5], "texture": "#7"},
				"down": {"uv": [1.5, 15.5, 1, 16], "texture": "#7"}
			}
		},
		{
			"from": [1.2, 27.42, 16.27],
			"to": [2, 29.02, 17.07],
			"rotation": {"angle": -45, "axis": "x", "origin": [1.6, 24.8, 14.75]},
			"faces": {
				"north": {"uv": [6, 14.5, 6.5, 15.5], "texture": "#7"},
				"east": {"uv": [14.5, 6, 15, 7], "texture": "#7"},
				"south": {"uv": [6.5, 14.5, 7, 15.5], "texture": "#7"},
				"west": {"uv": [14.5, 7, 15, 8], "texture": "#7"},
				"up": {"uv": [16, 3, 15.5, 2.5], "texture": "#7"},
				"down": {"uv": [3.5, 15.5, 3, 16], "texture": "#7"}
			}
		},
		{
			"from": [1.2, 26.5, 15.09],
			"to": [2, 28.1, 15.89],
			"rotation": {"angle": -22.5, "axis": "x", "origin": [1.6, 24.8, 14.75]},
			"faces": {
				"north": {"uv": [14.5, 8, 15, 9], "texture": "#7"},
				"east": {"uv": [14.5, 9, 15, 10], "texture": "#7"},
				"south": {"uv": [14.5, 10, 15, 11], "texture": "#7"},
				"west": {"uv": [11, 14.5, 11.5, 15.5], "texture": "#7"},
				"up": {"uv": [16, 3.5, 15.5, 3], "texture": "#7"},
				"down": {"uv": [4, 15.5, 3.5, 16], "texture": "#7"}
			}
		},
		{
			"from": [1.2, 20.4, 14.35],
			"to": [2, 26.8, 15.15],
			"rotation": {"angle": 0, "axis": "y", "origin": [1.2, 6, 14.35]},
			"faces": {
				"north": {"uv": [11, 9, 11.5, 12], "texture": "#7"},
				"east": {"uv": [9.5, 11, 10, 14], "texture": "#7"},
				"south": {"uv": [10, 11, 10.5, 14], "texture": "#7"},
				"west": {"uv": [10.5, 11, 11, 14], "texture": "#7"},
				"up": {"uv": [16, 4, 15.5, 3.5], "texture": "#7"},
				"down": {"uv": [4.5, 15.5, 4, 16], "texture": "#7"}
			}
		},
		{
			"from": [6.15, 4, 13],
			"to": [7.15, 6, 16],
			"rotation": {"angle": 0, "axis": "y", "origin": [0, 2, 0]},
			"faces": {
				"north": {"uv": [14.5, 11, 15, 12], "texture": "#7"},
				"east": {"uv": [11.5, 0, 13, 1], "texture": "#7"},
				"south": {"uv": [11.5, 14.5, 12, 15.5], "texture": "#7"},
				"west": {"uv": [11.5, 1, 13, 2], "texture": "#7"},
				"up": {"uv": [11.5, 13.5, 11, 12], "texture": "#7"},
				"down": {"uv": [12, 12, 11.5, 13.5], "texture": "#7"}
			}
		},
		{
			"from": [8.85, 4, 13],
			"to": [9.85, 6, 16],
			"rotation": {"angle": 0, "axis": "y", "origin": [16, 2, 0]},
			"faces": {
				"north": {"uv": [12, 14.5, 12.5, 15.5], "texture": "#7"},
				"east": {"uv": [11.5, 2, 13, 3], "texture": "#7"},
				"south": {"uv": [14.5, 12, 15, 13], "texture": "#7"},
				"west": {"uv": [11.5, 3, 13, 4], "texture": "#7"},
				"up": {"uv": [12.5, 13.5, 12, 12], "texture": "#7"},
				"down": {"uv": [13, 4, 12.5, 5.5], "texture": "#7"}
			}
		},
		{
			"from": [7, 4.75, 13.25],
			"to": [9, 5.25, 13.75],
			"rotation": {"angle": 0, "axis": "y", "origin": [0, 2, 0]},
			"faces": {
				"north": {"uv": [12.5, 14.5, 13.5, 15], "texture": "#7"},
				"east": {"uv": [15.5, 4, 16, 4.5], "texture": "#7"},
				"south": {"uv": [14.5, 13, 15.5, 13.5], "texture": "#7"},
				"west": {"uv": [4.5, 15.5, 5, 16], "texture": "#7"},
				"up": {"uv": [15.5, 14, 14.5, 13.5], "texture": "#7"},
				"down": {"uv": [15.5, 14, 14.5, 14.5], "texture": "#7"}
			}
		}
	],
	"display": {
		"thirdperson_righthand": {
			"rotation": [0, 180, 0],
			"translation": [0, 1, 8.25],
			"scale": [0.8, 1, 1]
		},
		"thirdperson_lefthand": {
			"rotation": [0, 180, 0],
			"translation": [0, 0, 8.25]
		},
		"firstperson_righthand": {
			"rotation": [0, 180, 0],
			"translation": [6.25, -4.5, 0]
		},
		"firstperson_lefthand": {
			"rotation": [0, 180, 0],
			"translation": [6.25, -4.5, 0]
		},
		"ground": {
			"translation": [0, 20.25, 0]
		},
		"gui": {
			"rotation": [0, 180, 0],
			"translation": [0, 0.5, 0],
			"scale": [0.3, 0.3, 0.3]
		},
		"fixed": {
			"translation": [0, -2, -14],
			"scale": [2, 2, 2]
		}
	},
	"groups": [
		{
			"name": "Rake",
			"origin": [1.2, 4, 7.6],
			"color": 0,
			"children": [0, 1, 2, 3, 4, 5, 6, 7, 8, 9, 10, 11, 12, 13, 14, 15, 16, 17, 18, 19, 20, 21, 22, 23, 24, 25, 26, 27, 28, 29, 30, 31, 32]
		},
		{
			"name": "Hanger",
			"origin": [0, 2, 0],
			"color": 0,
			"children": [33, 34, 35]
		}
	]
}