{
	"credit": "Made with Blockbench",
	"texture_size": [32, 32],
	"textures": {
		"0": "block/ribbon_case",
		"2": "block/ribbon_case_ribbon",
		"3": "block/ribbon_case_glass",
		"particle": "block/ribbon_case"
	},
	"elements": [
		{
			"name": "Glass",
			"from": [1, 1, 6.875],
			"to": [15, 10, 6.875],
			"rotation": {"angle": 0, "axis": "y", "origin": [0, 0, 0.575]},
			"faces": {
				"north": {"uv": [0, 0, 7, 4.5], "texture": "#3"},
				"east": {"uv": [0, 0, 0, 4.5], "texture": "#3"},
				"south": {"uv": [0, 4.5, 7, 9], "texture": "#3"},
				"west": {"uv": [0, 0, 0, 4.5], "texture": "#3"},
				"up": {"uv": [7, 0, 0, 0], "texture": "#3"},
				"down": {"uv": [7, 0, 0, 0], "texture": "#3"}
			}
		},
		{
			"name": "Ribbon 1",
			"from": [11, 3, 8.775],
			"to": [15, 10, 8.775],
			"rotation": {"angle": 0, "axis": "y", "origin": [0, 0, 0.575]},
			"faces": {
				"north": {"uv": [0, 0, 2, 3.5], "texture": "#2"},
				"east": {"uv": [0, 0, 0, 3.5], "texture": "#2"},
				"south": {"uv": [2, 0, 4, 3.5], "texture": "#2"},
				"west": {"uv": [0, 0, 0, 3.5], "texture": "#2"},
				"up": {"uv": [2, 0, 0, 0], "texture": "#2"},
				"down": {"uv": [2, 0, 0, 0], "texture": "#2"}
			}
		},
		{
			"name": "Ribbon 2",
			"from": [1, 2, 8.775],
			"to": [5, 9, 8.775],
			"rotation": {"angle": 0, "axis": "y", "origin": [0, 0, 0.575]},
			"faces": {
				"north": {"uv": [0, 3.5, 2, 7], "texture": "#2"},
				"east": {"uv": [0, 0, 0, 3.5], "texture": "#2"},
				"south": {"uv": [2, 3.5, 4, 7], "texture": "#2"},
				"west": {"uv": [0, 0, 0, 3.5], "texture": "#2"},
				"up": {"uv": [2, 0, 0, 0], "texture": "#2"},
				"down": {"uv": [2, 0, 0, 0], "texture": "#2"}
			}
		},
		{
			"name": "Ribbon 3",
			"from": [6, 1, 8.775],
			"to": [10, 8, 8.775],
			"rotation": {"angle": 0, "axis": "y", "origin": [0, 0, 0.575]},
			"faces": {
				"north": {"uv": [4, 0, 6, 3.5], "texture": "#2"},
				"east": {"uv": [0, 0, 0, 3.5], "texture": "#2"},
				"south": {"uv": [4, 3.5, 6, 7], "texture": "#2"},
				"west": {"uv": [0, 0, 0, 3.5], "texture": "#2"},
				"up": {"uv": [2, 0, 0, 0], "texture": "#2"},
				"down": {"uv": [2, 0, 0, 0], "texture": "#2"}
			}
		},
		{
			"name": "Ribbon 4",
			"from": [9, 2, 8.675],
			"to": [13, 9, 8.675],
			"rotation": {"angle": 0, "axis": "y", "origin": [0, 0, 0.575]},
			"faces": {
				"north": {"uv": [6, 0, 8, 3.5], "texture": "#2"},
				"east": {"uv": [0, 0, 0, 3.5], "texture": "#2"},
				"south": {"uv": [6, 3.5, 8, 7], "texture": "#2"},
				"west": {"uv": [0, 0, 0, 3.5], "texture": "#2"},
				"up": {"uv": [2, 0, 0, 0], "texture": "#2"},
				"down": {"uv": [2, 0, 0, 0], "texture": "#2"}
			}
		},
		{
			"name": "Ribbon 5",
			"from": [4, 3, 8.675],
			"to": [8, 10, 8.675],
			"rotation": {"angle": 0, "axis": "y", "origin": [0, 0, 0.575]},
			"faces": {
				"north": {"uv": [0, 7, 2, 10.5], "texture": "#2"},
				"east": {"uv": [0, 0, 0, 3.5], "texture": "#2"},
				"south": {"uv": [2, 7, 4, 10.5], "texture": "#2"},
				"west": {"uv": [0, 0, 0, 3.5], "texture": "#2"},
				"up": {"uv": [2, 0, 0, 0], "texture": "#2"},
				"down": {"uv": [2, 0, 0, 0], "texture": "#2"}
			}
		},
		{
			"from": [0, 0, 6.575],
			"to": [16, 1, 9.575],
			"rotation": {"angle": 0, "axis": "y", "origin": [0, 0, 0.575]},
			"faces": {
				"north": {"uv": [5, 3, 9, 3.25], "texture": "#0"},
				"east": {"uv": [5, 4.5, 5.75, 4.75], "texture": "#0"},
				"south": {"uv": [5, 3.25, 9, 3.5], "texture": "#0"},
				"west": {"uv": [5, 4.75, 5.75, 5], "texture": "#0"},
				"up": {"uv": [7.5, 0.75, 3.5, 0], "texture": "#0"},
				"down": {"uv": [7.5, 0.75, 3.5, 1.5], "texture": "#0"}
			}
		},
		{
			"from": [0, 10, 6.575],
			"to": [16, 11, 9.575],
			"rotation": {"angle": 0, "axis": "y", "origin": [0, 0, 0.575]},
			"faces": {
				"north": {"uv": [5, 3.5, 9, 3.75], "texture": "#0"},
				"east": {"uv": [5, 5, 5.75, 5.25], "texture": "#0"},
				"south": {"uv": [5, 3.75, 9, 4], "texture": "#0"},
				"west": {"uv": [3, 5.25, 3.75, 5.5], "texture": "#0"},
				"up": {"uv": [7.5, 2.25, 3.5, 1.5], "texture": "#0"},
				"down": {"uv": [7.5, 2.25, 3.5, 3], "texture": "#0"}
			}
		},
		{
			"from": [0, 1, 6.575],
			"to": [1, 10, 9.575],
			"rotation": {"angle": 0, "axis": "y", "origin": [0, 0, 0.575]},
			"faces": {
				"north": {"uv": [1.5, 4.5, 1.75, 6.75], "texture": "#0"},
				"east": {"uv": [3.5, 3, 4.25, 5.25], "texture": "#0"},
				"south": {"uv": [1.75, 4.5, 2, 6.75], "texture": "#0"},
				"west": {"uv": [4.25, 3, 5, 5.25], "texture": "#0"},
				"up": {"uv": [3.25, 5.25, 3, 4.5], "texture": "#0"},
				"down": {"uv": [3.5, 4.5, 3.25, 5.25], "texture": "#0"}
			}
		},
		{
			"from": [15, 1, 6.575],
			"to": [16, 10, 9.575],
			"rotation": {"angle": 0, "axis": "y", "origin": [0, 0, 0.575]},
			"faces": {
				"north": {"uv": [2, 4.5, 2.25, 6.75], "texture": "#0"},
				"east": {"uv": [0, 4.5, 0.75, 6.75], "texture": "#0"},
				"south": {"uv": [2.25, 4.5, 2.5, 6.75], "texture": "#0"},
				"west": {"uv": [0.75, 4.5, 1.5, 6.75], "texture": "#0"},
				"up": {"uv": [4, 6, 3.75, 5.25], "texture": "#0"},
				"down": {"uv": [4.25, 5.25, 4, 6], "texture": "#0"}
			}
		},
		{
			"from": [1, 1, 8.875],
			"to": [15, 10, 9.375],
			"rotation": {"angle": 0, "axis": "y", "origin": [0, 0, 0.575]},
			"faces": {
				"north": {"uv": [0, 0, 3.5, 2.25], "texture": "#0"},
				"east": {"uv": [2.5, 4.5, 2.75, 6.75], "texture": "#0"},
				"south": {"uv": [0, 2.25, 3.5, 4.5], "texture": "#0"},
				"west": {"uv": [2.75, 4.5, 3, 6.75], "texture": "#0"},
				"up": {"uv": [8.5, 4.25, 5, 4], "texture": "#0"},
				"down": {"uv": [8.5, 4.25, 5, 4.5], "texture": "#0"}
			}
		}
	],
	"display": {
		"thirdperson_righthand": {
			"translation": [0, 0, -1],
			"scale": [0.3, 0.3, 0.3]
		},
		"thirdperson_lefthand": {
			"translation": [0, 0, -1],
			"scale": [0.3, 0.3, 0.3]
		},
		"firstperson_righthand": {
			"scale": [0.3, 0.3, 0.3]
		},
		"firstperson_lefthand": {
			"scale": [0.3, 0.3, 0.3]
		},
		"gui": {
			"rotation": [0, 180, 0],
			"translation": [0, 2, 0]
		},
		"fixed": {
			"translation": [0, 0, -2.1],
			"scale": [2, 2, 2]
		}
	},
	"groups": [
		0,
		1,
		2,
		3,
		4,
		5,
		{
			"name": "Box",
			"origin": [0, 0, 0],
			"color": 0,
			"children": [6, 7, 8, 9, 10]
		}
	]
}