{
	"credit": "Made with Blockbench",
	"texture_size": [32, 32],
	"textures": {
		"1": "block/riding_boots",
		"particle": "./block/riding_boots"
	},
	"elements": [
		{
			"from": [4, 2.5, 6],
			"to": [4.2, 6.5, 10],
			"faces": {
				"north": {"uv": [6, 7, 6.5, 9], "texture": "#1"},
				"east": {"uv": [0, 2.5, 2, 4.5], "texture": "#1"},
				"south": {"uv": [6.5, 7, 7, 9], "texture": "#1"},
				"west": {"uv": [2, 2.5, 4, 4.5], "texture": "#1"},
				"up": {"uv": [7.5, 9, 7, 7], "texture": "#1"},
				"down": {"uv": [0.5, 7.5, 0, 9.5], "texture": "#1"}
			}
		},
		{
			"from": [7.8, 2.5, 6],
			"to": [8, 6.5, 10],
			"faces": {
				"north": {"uv": [0.5, 7.5, 1, 9.5], "texture": "#1"},
				"east": {"uv": [4, 0, 6, 2], "texture": "#1"},
				"south": {"uv": [1, 7.5, 1.5, 9.5], "texture": "#1"},
				"west": {"uv": [4, 2, 6, 4], "texture": "#1"},
				"up": {"uv": [2, 9.5, 1.5, 7.5], "texture": "#1"},
				"down": {"uv": [2.5, 7.5, 2, 9.5], "texture": "#1"}
			}
		},
		{
			"from": [4, 2.5, 6],
			"to": [8, 6.5, 6.2],
			"rotation": {"angle": 0, "axis": "x", "origin": [4.1, 5.5, 8]},
			"faces": {
				"north": {"uv": [4, 4, 6, 6], "texture": "#1"},
				"east": {"uv": [2.5, 7.5, 3, 9.5], "texture": "#1"},
				"south": {"uv": [0, 4.5, 2, 6.5], "texture": "#1"},
				"west": {"uv": [3, 7.5, 3.5, 9.5], "texture": "#1"},
				"up": {"uv": [9.5, 7.5, 7.5, 7], "texture": "#1"},
				"down": {"uv": [9.5, 7.5, 7.5, 8], "texture": "#1"}
			}
		},
		{
			"from": [4, 2.5, 9.8],
			"to": [8, 6.5, 10],
			"rotation": {"angle": 0, "axis": "x", "origin": [4.1, 5.5, 8]},
			"faces": {
				"north": {"uv": [2, 4.5, 4, 6.5], "texture": "#1"},
				"east": {"uv": [3.5, 7.5, 4, 9.5], "texture": "#1"},
				"south": {"uv": [6, 0, 8, 2], "texture": "#1"},
				"west": {"uv": [8, 0, 8.5, 2], "texture": "#1"},
				"up": {"uv": [10, 2.5, 8, 2], "texture": "#1"},
				"down": {"uv": [10, 2.5, 8, 3], "texture": "#1"}
			}
		},
		{
			"from": [4, 6.5, 6],
			"to": [4.2, 7.5, 10],
			"faces": {
				"north": {"uv": [9, 8.5, 9.5, 9], "texture": "#1"},
				"east": {"uv": [8, 3, 10, 3.5], "texture": "#1"},
				"south": {"uv": [9, 9, 9.5, 9.5], "texture": "#1"},
				"west": {"uv": [8, 3.5, 10, 4], "texture": "#1"},
				"up": {"uv": [4.5, 10, 4, 8], "texture": "#1"},
				"down": {"uv": [5, 8, 4.5, 10], "texture": "#1"}
			}
		},
		{
			"from": [4, 7.5, 6.5],
			"to": [4.2, 8, 9.5],
			"faces": {
				"north": {"uv": [0, 9.5, 0.5, 10], "texture": "#1"},
				"east": {"uv": [8.5, 0, 10, 0.5], "texture": "#1"},
				"south": {"uv": [0.5, 9.5, 1, 10], "texture": "#1"},
				"west": {"uv": [8.5, 0.5, 10, 1], "texture": "#1"},
				"up": {"uv": [9, 6.5, 8.5, 5], "texture": "#1"},
				"down": {"uv": [9, 8, 8.5, 9.5], "texture": "#1"}
			}
		},
		{
			"from": [4, 6.5, 6],
			"to": [4.5, 7.5, 6.2],
			"rotation": {"angle": 0, "axis": "x", "origin": [4.1, 5.5, 8]},
			"faces": {
				"north": {"uv": [9.5, 4, 10, 4.5], "texture": "#1"},
				"east": {"uv": [9.5, 4.5, 10, 5], "texture": "#1"},
				"south": {"uv": [9.5, 5, 10, 5.5], "texture": "#1"},
				"west": {"uv": [9.5, 5.5, 10, 6], "texture": "#1"},
				"up": {"uv": [10, 6.5, 9.5, 6], "texture": "#1"},
				"down": {"uv": [10, 6.5, 9.5, 7], "texture": "#1"}
			}
		},
		{
			"from": [4.5, 6.5, 6],
			"to": [5, 7, 6.2],
			"rotation": {"angle": 0, "axis": "x", "origin": [4.1, 5.5, 8]},
			"faces": {
				"north": {"uv": [9.5, 7, 10, 7.5], "texture": "#1"},
				"east": {"uv": [9.5, 7.5, 10, 8], "texture": "#1"},
				"south": {"uv": [8.5, 9.5, 9, 10], "texture": "#1"},
				"west": {"uv": [9.5, 8.5, 10, 9], "texture": "#1"},
				"up": {"uv": [9.5, 10, 9, 9.5], "texture": "#1"},
				"down": {"uv": [10, 9, 9.5, 9.5], "texture": "#1"}
			}
		},
		{
			"from": [4, 6.5, 9.8],
			"to": [4.5, 7.5, 10],
			"rotation": {"angle": 0, "axis": "x", "origin": [4.1, 5.5, 8]},
			"faces": {
				"north": {"uv": [9.5, 9.5, 10, 10], "texture": "#1"},
				"east": {"uv": [0, 10, 0.5, 10.5], "texture": "#1"},
				"south": {"uv": [10, 0, 10.5, 0.5], "texture": "#1"},
				"west": {"uv": [0.5, 10, 1, 10.5], "texture": "#1"},
				"up": {"uv": [10.5, 1, 10, 0.5], "texture": "#1"},
				"down": {"uv": [1.5, 10, 1, 10.5], "texture": "#1"}
			}
		},
		{
			"from": [4.5, 6.5, 9.8],
			"to": [5, 7, 10],
			"rotation": {"angle": 0, "axis": "x", "origin": [4.1, 5.5, 8]},
			"faces": {
				"north": {"uv": [10, 1, 10.5, 1.5], "texture": "#1"},
				"east": {"uv": [1.5, 10, 2, 10.5], "texture": "#1"},
				"south": {"uv": [10, 1.5, 10.5, 2], "texture": "#1"},
				"west": {"uv": [2, 10, 2.5, 10.5], "texture": "#1"},
				"up": {"uv": [10.5, 2.5, 10, 2], "texture": "#1"},
				"down": {"uv": [3, 10, 2.5, 10.5], "texture": "#1"}
			}
		},
		{
			"from": [12.55, 2.5, 6.025],
			"to": [12.75, 6.5, 10.025],
			"rotation": {"angle": -22.5, "axis": "y", "origin": [10.5, 4, 8]},
			"faces": {
				"north": {"uv": [6.5, 7, 6, 9], "texture": "#1"},
				"east": {"uv": [4, 2.5, 2, 4.5], "texture": "#1"},
				"south": {"uv": [7, 7, 6.5, 9], "texture": "#1"},
				"west": {"uv": [2, 2.5, 0, 4.5], "texture": "#1"},
				"up": {"uv": [7, 9, 7.5, 7], "texture": "#1"},
				"down": {"uv": [0, 7.5, 0.5, 9.5], "texture": "#1"}
			}
		},
		{
			"from": [8.75, 2.5, 6.025],
			"to": [8.95, 6.5, 10.025],
			"rotation": {"angle": -22.5, "axis": "y", "origin": [10.5, 4, 8]},
			"faces": {
				"north": {"uv": [1, 7.5, 0.5, 9.5], "texture": "#1"},
				"east": {"uv": [6, 2, 4, 4], "texture": "#1"},
				"south": {"uv": [1.5, 7.5, 1, 9.5], "texture": "#1"},
				"west": {"uv": [6, 0, 4, 2], "texture": "#1"},
				"up": {"uv": [1.5, 9.5, 2, 7.5], "texture": "#1"},
				"down": {"uv": [2, 7.5, 2.5, 9.5], "texture": "#1"}
			}
		},
		{
			"from": [8.75, 2.5, 6.025],
			"to": [12.75, 6.5, 6.225],
			"rotation": {"angle": -22.5, "axis": "y", "origin": [10.5, 4, 8]},
			"faces": {
				"north": {"uv": [6, 4, 4, 6], "texture": "#1"},
				"east": {"uv": [3.5, 7.5, 3, 9.5], "texture": "#1"},
				"south": {"uv": [2, 4.5, 0, 6.5], "texture": "#1"},
				"west": {"uv": [3, 7.5, 2.5, 9.5], "texture": "#1"},
				"up": {"uv": [7.5, 7.5, 9.5, 7], "texture": "#1"},
				"down": {"uv": [7.5, 7.5, 9.5, 8], "texture": "#1"}
			}
		},
		{
			"from": [8.75, 2.5, 9.825],
			"to": [12.75, 6.5, 10.025],
			"rotation": {"angle": -22.5, "axis": "y", "origin": [10.5, 4, 8]},
			"faces": {
				"north": {"uv": [4, 4.5, 2, 6.5], "texture": "#1"},
				"east": {"uv": [8.5, 0, 8, 2], "texture": "#1"},
				"south": {"uv": [8, 0, 6, 2], "texture": "#1"},
				"west": {"uv": [4, 7.5, 3.5, 9.5], "texture": "#1"},
				"up": {"uv": [8, 2.5, 10, 2], "texture": "#1"},
				"down": {"uv": [8, 2.5, 10, 3], "texture": "#1"}
			}
		},
		{
			"from": [12.55, 6.5, 6.025],
			"to": [12.75, 7.5, 10.025],
			"rotation": {"angle": -22.5, "axis": "y", "origin": [10.5, 4, 8]},
			"faces": {
				"north": {"uv": [9.5, 8.5, 9, 9], "texture": "#1"},
				"east": {"uv": [10, 3.5, 8, 4], "texture": "#1"},
				"south": {"uv": [9.5, 9, 9, 9.5], "texture": "#1"},
				"west": {"uv": [10, 3, 8, 3.5], "texture": "#1"},
				"up": {"uv": [4, 10, 4.5, 8], "texture": "#1"},
				"down": {"uv": [4.5, 8, 5, 10], "texture": "#1"}
			}
		},
		{
			"from": [12.55, 7.5, 6.525],
			"to": [12.75, 8, 9.525],
			"rotation": {"angle": -22.5, "axis": "y", "origin": [10.5, 4, 8]},
			"faces": {
				"north": {"uv": [0.5, 9.5, 0, 10], "texture": "#1"},
				"east": {"uv": [10, 0.5, 8.5, 1], "texture": "#1"},
				"south": {"uv": [1, 9.5, 0.5, 10], "texture": "#1"},
				"west": {"uv": [10, 0, 8.5, 0.5], "texture": "#1"},
				"up": {"uv": [8.5, 6.5, 9, 5], "texture": "#1"},
				"down": {"uv": [8.5, 8, 9, 9.5], "texture": "#1"}
			}
		},
		{
			"from": [12.25, 6.5, 6.025],
			"to": [12.75, 7.5, 6.225],
			"rotation": {"angle": -22.5, "axis": "y", "origin": [10.5, 4, 8]},
			"faces": {
				"north": {"uv": [10, 4, 9.5, 4.5], "texture": "#1"},
				"east": {"uv": [10, 5.5, 9.5, 6], "texture": "#1"},
				"south": {"uv": [10, 5, 9.5, 5.5], "texture": "#1"},
				"west": {"uv": [10, 4.5, 9.5, 5], "texture": "#1"},
				"up": {"uv": [9.5, 6.5, 10, 6], "texture": "#1"},
				"down": {"uv": [9.5, 6.5, 10, 7], "texture": "#1"}
			}
		},
		{
			"from": [11.75, 6.5, 6.025],
			"to": [12.25, 7, 6.225],
			"rotation": {"angle": -22.5, "axis": "y", "origin": [10.5, 4, 8]},
			"faces": {
				"north": {"uv": [10, 7, 9.5, 7.5], "texture": "#1"},
				"east": {"uv": [10, 8.5, 9.5, 9], "texture": "#1"},
				"south": {"uv": [9, 9.5, 8.5, 10], "texture": "#1"},
				"west": {"uv": [10, 7.5, 9.5, 8], "texture": "#1"},
				"up": {"uv": [9, 10, 9.5, 9.5], "texture": "#1"},
				"down": {"uv": [9.5, 9, 10, 9.5], "texture": "#1"}
			}
		},
		{
			"from": [12.25, 6.5, 9.825],
			"to": [12.75, 7.5, 10.025],
			"rotation": {"angle": -22.5, "axis": "y", "origin": [10.5, 4, 8]},
			"faces": {
				"north": {"uv": [10, 9.5, 9.5, 10], "texture": "#1"},
				"east": {"uv": [1, 10, 0.5, 10.5], "texture": "#1"},
				"south": {"uv": [10.5, 0, 10, 0.5], "texture": "#1"},
				"west": {"uv": [0.5, 10, 0, 10.5], "texture": "#1"},
				"up": {"uv": [10, 1, 10.5, 0.5], "texture": "#1"},
				"down": {"uv": [1, 10, 1.5, 10.5], "texture": "#1"}
			}
		},
		{
			"from": [11.75, 6.5, 9.825],
			"to": [12.25, 7, 10.025],
			"rotation": {"angle": -22.5, "axis": "y", "origin": [10.5, 4, 8]},
			"faces": {
				"north": {"uv": [10.5, 1, 10, 1.5], "texture": "#1"},
				"east": {"uv": [2.5, 10, 2, 10.5], "texture": "#1"},
				"south": {"uv": [10.5, 1.5, 10, 2], "texture": "#1"},
				"west": {"uv": [2, 10, 1.5, 10.5], "texture": "#1"},
				"up": {"uv": [10, 2.5, 10.5, 2], "texture": "#1"},
				"down": {"uv": [2.5, 10, 3, 10.5], "texture": "#1"}
			}
		},
		{
			"from": [3.8, 5.5, 7.6],
			"to": [4, 8, 8.35],
			"faces": {
				"north": {"uv": [9, 5, 9.5, 6.5], "texture": "#1"},
				"east": {"uv": [6, 9, 6.5, 10.5], "texture": "#1"},
				"south": {"uv": [6.5, 9, 7, 10.5], "texture": "#1"},
				"west": {"uv": [7, 9, 7.5, 10.5], "texture": "#1"},
				"up": {"uv": [1.5, 10, 1, 9.5], "texture": "#1"},
				"down": {"uv": [10, 1, 9.5, 1.5], "texture": "#1"}
			}
		},
		{
			"from": [3.8, 5, 7.725],
			"to": [4, 5.5, 8.225],
			"faces": {
				"north": {"uv": [1.5, 9.5, 2, 10], "texture": "#1"},
				"east": {"uv": [9.5, 1.5, 10, 2], "texture": "#1"},
				"south": {"uv": [2, 9.5, 2.5, 10], "texture": "#1"},
				"west": {"uv": [2.5, 9.5, 3, 10], "texture": "#1"},
				"up": {"uv": [3.5, 10, 3, 9.5], "texture": "#1"},
				"down": {"uv": [4, 9.5, 3.5, 10], "texture": "#1"}
			}
		},
		{
			"from": [8, 5.5, 7.725],
			"to": [8.2, 6.25, 9.225],
			"rotation": {"angle": 0, "axis": "y", "origin": [3.9, 6.75, 7.975]},
			"faces": {
				"north": {"uv": [1.5, 10, 1, 9.5], "texture": "#1"},
				"east": {"uv": [7, 9, 7.5, 10.5], "rotation": 90, "texture": "#1"},
				"south": {"uv": [10, 1, 9.5, 1.5], "rotation": 180, "texture": "#1"},
				"west": {"uv": [6, 9, 6.5, 10.5], "rotation": 270, "texture": "#1"},
				"up": {"uv": [9, 5, 9.5, 6.5], "texture": "#1"},
				"down": {"uv": [6.5, 9, 7, 10.5], "rotation": 180, "texture": "#1"}
			}
		},
		{
			"from": [12.75, 5.5, 7.625],
			"to": [12.95, 8, 8.375],
			"rotation": {"angle": -22.5, "axis": "y", "origin": [10.5, 4, 8]},
			"faces": {
				"north": {"uv": [9.5, 5, 9, 6.5], "texture": "#1"},
				"east": {"uv": [7.5, 9, 7, 10.5], "texture": "#1"},
				"south": {"uv": [7, 9, 6.5, 10.5], "texture": "#1"},
				"west": {"uv": [6.5, 9, 6, 10.5], "texture": "#1"},
				"up": {"uv": [1, 10, 1.5, 9.5], "texture": "#1"},
				"down": {"uv": [9.5, 1, 10, 1.5], "texture": "#1"}
			}
		},
		{
			"from": [12.75, 5, 7.75],
			"to": [12.95, 5.5, 8.25],
			"rotation": {"angle": -22.5, "axis": "y", "origin": [10.5, 4, 8]},
			"faces": {
				"north": {"uv": [2, 9.5, 1.5, 10], "texture": "#1"},
				"east": {"uv": [3, 9.5, 2.5, 10], "texture": "#1"},
				"south": {"uv": [2.5, 9.5, 2, 10], "texture": "#1"},
				"west": {"uv": [10, 1.5, 9.5, 2], "texture": "#1"},
				"up": {"uv": [3, 10, 3.5, 9.5], "texture": "#1"},
				"down": {"uv": [3.5, 9.5, 4, 10], "texture": "#1"}
			}
		},
		{
			"from": [8.55, 5.5, 7.75],
			"to": [8.75, 6.25, 9.25],
			"rotation": {"angle": -22.5, "axis": "y", "origin": [10.5, 4, 8]},
			"faces": {
				"north": {"uv": [1, 10, 1.5, 9.5], "texture": "#1"},
				"east": {"uv": [6, 10.5, 6.5, 9], "rotation": 270, "texture": "#1"},
				"south": {"uv": [9.5, 1, 10, 1.5], "rotation": 180, "texture": "#1"},
				"west": {"uv": [7, 10.5, 7.5, 9], "rotation": 90, "texture": "#1"},
				"up": {"uv": [9.5, 5, 9, 6.5], "texture": "#1"},
				"down": {"uv": [7, 9, 6.5, 10.5], "rotation": 180, "texture": "#1"}
			}
		},
		{
			"from": [4, 0.5, 5],
			"to": [8, 2.5, 10],
			"faces": {
				"north": {"uv": [0, 6.5, 2, 7.5], "texture": "#1"},
				"east": {"uv": [4, 6, 6.5, 7], "texture": "#1"},
				"south": {"uv": [2, 6.5, 4, 7.5], "texture": "#1"},
				"west": {"uv": [6, 5, 8.5, 6], "texture": "#1"},
				"up": {"uv": [2, 2.5, 0, 0], "texture": "#1"},
				"down": {"uv": [4, 0, 2, 2.5], "texture": "#1"}
			}
		},
		{
			"from": [4, 0, 5],
			"to": [8, 0.5, 8],
			"faces": {
				"north": {"uv": [6.5, 6, 8.5, 6.5], "texture": "#1"},
				"east": {"uv": [8, 4, 9.5, 4.5], "texture": "#1"},
				"south": {"uv": [6.5, 6.5, 8.5, 7], "texture": "#1"},
				"west": {"uv": [8, 4.5, 9.5, 5], "texture": "#1"},
				"up": {"uv": [8, 3.5, 6, 2], "texture": "#1"},
				"down": {"uv": [8, 3.5, 6, 5], "texture": "#1"}
			}
		},
		{
			"from": [5, 0, 8.5],
			"to": [7, 0.5, 10],
			"faces": {
				"north": {"uv": [8.5, 1, 9.5, 1.5], "texture": "#1"},
				"east": {"uv": [8.5, 1.5, 9.5, 2], "texture": "#1"},
				"south": {"uv": [8.5, 6.5, 9.5, 7], "texture": "#1"},
				"west": {"uv": [9, 8, 10, 8.5], "texture": "#1"},
				"up": {"uv": [5, 8, 4, 7], "texture": "#1"},
				"down": {"uv": [6, 7, 5, 8], "texture": "#1"}
			}
		},
		{
			"from": [8.75, 0.5, 5.025],
			"to": [12.75, 2.5, 10.025],
			"rotation": {"angle": -22.5, "axis": "y", "origin": [10.5, 4, 8]},
			"faces": {
				"north": {"uv": [2, 6.5, 0, 7.5], "texture": "#1"},
				"east": {"uv": [8.5, 5, 6, 6], "texture": "#1"},
				"south": {"uv": [4, 6.5, 2, 7.5], "texture": "#1"},
				"west": {"uv": [6.5, 6, 4, 7], "texture": "#1"},
				"up": {"uv": [0, 2.5, 2, 0], "texture": "#1"},
				"down": {"uv": [2, 0, 4, 2.5], "texture": "#1"}
			}
		},
		{
			"from": [8.75, 0, 5.025],
			"to": [12.75, 0.5, 8.025],
			"rotation": {"angle": -22.5, "axis": "y", "origin": [10.5, 4, 8]},
			"faces": {
				"north": {"uv": [8.5, 6, 6.5, 6.5], "texture": "#1"},
				"east": {"uv": [9.5, 4.5, 8, 5], "texture": "#1"},
				"south": {"uv": [8.5, 6.5, 6.5, 7], "texture": "#1"},
				"west": {"uv": [9.5, 4, 8, 4.5], "texture": "#1"},
				"up": {"uv": [6, 3.5, 8, 2], "texture": "#1"},
				"down": {"uv": [6, 3.5, 8, 5], "texture": "#1"}
			}
		},
		{
			"from": [9.75, 0, 8.525],
			"to": [11.75, 0.5, 10.025],
			"rotation": {"angle": -22.5, "axis": "y", "origin": [10.5, 4, 8]},
			"faces": {
				"north": {"uv": [9.5, 1, 8.5, 1.5], "texture": "#1"},
				"east": {"uv": [10, 8, 9, 8.5], "texture": "#1"},
				"south": {"uv": [9.5, 6.5, 8.5, 7], "texture": "#1"},
				"west": {"uv": [9.5, 1.5, 8.5, 2], "texture": "#1"},
				"up": {"uv": [4, 8, 5, 7], "texture": "#1"},
				"down": {"uv": [5, 7, 6, 8], "texture": "#1"}
			}
		},
		{
			"from": [7.8, 2.5, 8.5],
			"to": [8.05, 6.5, 8.7],
			"rotation": {"angle": 0, "axis": "y", "origin": [-2.1, 0, 0]},
			"faces": {
				"north": {"uv": [5, 8, 5.5, 10], "texture": "#1"},
				"east": {"uv": [5.5, 8, 6, 10], "texture": "#1"},
				"south": {"uv": [7.5, 8, 8, 10], "texture": "#1"},
				"west": {"uv": [8, 8, 8.5, 10], "texture": "#1"},
				"up": {"uv": [10.5, 3, 10, 2.5], "texture": "#1"},
				"down": {"uv": [3.5, 10, 3, 10.5], "texture": "#1"}
			}
		},
		{
			"from": [8.7, 2.5, 8.525],
			"to": [8.95, 6.5, 8.725],
			"rotation": {"angle": -22.5, "axis": "y", "origin": [10.5, 4, 8]},
			"faces": {
				"north": {"uv": [5.5, 8, 5, 10], "texture": "#1"},
				"east": {"uv": [8.5, 8, 8, 10], "texture": "#1"},
				"south": {"uv": [8, 8, 7.5, 10], "texture": "#1"},
				"west": {"uv": [6, 8, 5.5, 10], "texture": "#1"},
				"up": {"uv": [10, 3, 10.5, 2.5], "texture": "#1"},
				"down": {"uv": [3, 10, 3.5, 10.5], "texture": "#1"}
			}
		}
	],
	"display": {
		"thirdperson_righthand": {
			"rotation": [69, 0, 0],
			"translation": [0, 0, 1]
		},
		"thirdperson_lefthand": {
			"rotation": [69, 0, 0],
			"translation": [0, 0, 1]
		},
		"firstperson_righthand": {
			"translation": [0, 1.75, 0]
		},
		"firstperson_lefthand": {
			"translation": [0, 1.75, 0]
		},
		"ground": {
			"translation": [0, 8.25, 0],
			"scale": [1.5, 1.5, 1.5]
		},
		"gui": {
			"rotation": [0, 180, 0],
			"translation": [0.75, 4, 0]
		},
		"head": {
			"translation": [0.25, -32, -0.25],
			"scale": [1.8, 1.8, 1.8]
		},
		"fixed": {
			"rotation": [-90, 0, 0],
			"translation": [0, 0, -14],
			"scale": [2, 2, 2]
		}
	},
	"groups": [
		{
			"name": "Boot",
			"origin": [6.2, 5.5, 8],
			"color": 0,
			"children": [0, 1, 2, 3, 4, 5, 6, 7, 8, 9]
		},
		{
			"name": "Boot2",
			"origin": [10.74268, 4, 8],
			"color": 0,
			"children": [10, 11, 12, 13, 14, 15, 16, 17, 18, 19]
		},
		{
			"name": "Strap",
			"origin": [2.1, 0, 0],
			"color": 0,
			"children": [20, 21, 22]
		},
		{
			"name": "Strap2",
			"origin": [10.74268, 4, 8],
			"color": 0,
			"children": [23, 24, 25]
		},
		{
			"name": "Sole",
			"origin": [2.1, 0, 0],
			"color": 0,
			"children": [26, 27, 28]
		},
		{
			"name": "Sole2",
			"origin": [10.74268, 4, 8],
			"color": 0,
			"children": [29, 30, 31]
		},
		{
			"name": "Zipper",
			"origin": [0, 0, 0],
			"color": 0,
			"children": [32]
		},
		{
			"name": "Zipper2",
			"origin": [10.74268, 4, 8],
			"color": 0,
			"children": [33]
		}
	]
}