{
	"credit": "Made with Blockbench",
	"texture_size": [64, 64],
	"textures": {
		"0": "block/ankle_boots",
		"1": "block/riding_boots",
		"2": "block/riding_gear_storage",
		"particle": "block/ankle_boots"
	},
	"elements": [
		{
			"from": [3.75, 3.5, 11],
			"to": [3.95, 7.5, 15],
			"faces": {
				"north": {"uv": [6, 7, 6.5, 9], "texture": "#1"},
				"east": {"uv": [0, 2.5, 2, 4.5], "texture": "#1"},
				"south": {"uv": [6.5, 7, 7, 9], "texture": "#1"},
				"west": {"uv": [2, 2.5, 4, 4.5], "texture": "#1"},
				"up": {"uv": [7.5, 9, 7, 7], "texture": "#1"},
				"down": {"uv": [0.5, 7.5, 0, 9.5], "texture": "#1"}
			}
		},
		{
			"from": [7.55, 3.5, 11],
			"to": [7.75, 7.5, 15],
			"faces": {
				"north": {"uv": [0.5, 7.5, 1, 9.5], "texture": "#1"},
				"east": {"uv": [4, 0, 6, 2], "texture": "#1"},
				"south": {"uv": [1, 7.5, 1.5, 9.5], "texture": "#1"},
				"west": {"uv": [4, 2, 6, 4], "texture": "#1"},
				"up": {"uv": [2, 9.5, 1.5, 7.5], "texture": "#1"},
				"down": {"uv": [2.5, 7.5, 2, 9.5], "texture": "#1"}
			}
		},
		{
			"from": [3.75, 3.5, 11],
			"to": [7.75, 7.5, 11.2],
			"rotation": {"angle": 0, "axis": "y", "origin": [4.1, 5.5, 8]},
			"faces": {
				"north": {"uv": [4, 4, 6, 6], "texture": "#1"},
				"east": {"uv": [2.5, 7.5, 3, 9.5], "texture": "#1"},
				"south": {"uv": [0, 4.5, 2, 6.5], "texture": "#1"},
				"west": {"uv": [3, 7.5, 3.5, 9.5], "texture": "#1"},
				"up": {"uv": [9.5, 7.5, 7.5, 7], "texture": "#1"},
				"down": {"uv": [9.5, 7.5, 7.5, 8], "texture": "#1"}
			}
		},
		{
			"from": [3.75, 3.5, 14.8],
			"to": [7.75, 7.5, 15],
			"rotation": {"angle": 0, "axis": "y", "origin": [4.1, 5.5, 8]},
			"faces": {
				"north": {"uv": [2, 4.5, 4, 6.5], "texture": "#1"},
				"east": {"uv": [3.5, 7.5, 4, 9.5], "texture": "#1"},
				"south": {"uv": [6, 0, 8, 2], "texture": "#1"},
				"west": {"uv": [8, 0, 8.5, 2], "texture": "#1"},
				"up": {"uv": [10, 2.5, 8, 2], "texture": "#1"},
				"down": {"uv": [10, 2.5, 8, 3], "texture": "#1"}
			}
		},
		{
			"from": [3.75, 7.5, 11],
			"to": [3.95, 8.5, 15],
			"faces": {
				"north": {"uv": [9, 8.5, 9.5, 9], "texture": "#1"},
				"east": {"uv": [8, 3, 10, 3.5], "texture": "#1"},
				"south": {"uv": [9, 9, 9.5, 9.5], "texture": "#1"},
				"west": {"uv": [8, 3.5, 10, 4], "texture": "#1"},
				"up": {"uv": [4.5, 10, 4, 8], "texture": "#1"},
				"down": {"uv": [5, 8, 4.5, 10], "texture": "#1"}
			}
		},
		{
			"from": [3.75, 8.5, 11.5],
			"to": [3.95, 9, 14.5],
			"faces": {
				"north": {"uv": [0, 9.5, 0.5, 10], "texture": "#1"},
				"east": {"uv": [8.5, 0, 10, 0.5], "texture": "#1"},
				"south": {"uv": [0.5, 9.5, 1, 10], "texture": "#1"},
				"west": {"uv": [8.5, 0.5, 10, 1], "texture": "#1"},
				"up": {"uv": [9, 6.5, 8.5, 5], "texture": "#1"},
				"down": {"uv": [9, 8, 8.5, 9.5], "texture": "#1"}
			}
		},
		{
			"from": [3.75, 7.5, 11],
			"to": [4.25, 8.5, 11.2],
			"rotation": {"angle": 0, "axis": "y", "origin": [4.1, 5.5, 8]},
			"faces": {
				"north": {"uv": [9.5, 4, 10, 4.5], "texture": "#1"},
				"east": {"uv": [9.5, 4.5, 10, 5], "texture": "#1"},
				"south": {"uv": [9.5, 5, 10, 5.5], "texture": "#1"},
				"west": {"uv": [9.5, 5.5, 10, 6], "texture": "#1"},
				"up": {"uv": [10, 6.5, 9.5, 6], "texture": "#1"},
				"down": {"uv": [10, 6.5, 9.5, 7], "texture": "#1"}
			}
		},
		{
			"from": [4.25, 7.5, 11],
			"to": [4.75, 8, 11.2],
			"rotation": {"angle": 0, "axis": "y", "origin": [4.1, 5.5, 8]},
			"faces": {
				"north": {"uv": [9.5, 7, 10, 7.5], "texture": "#1"},
				"east": {"uv": [9.5, 7.5, 10, 8], "texture": "#1"},
				"south": {"uv": [8.5, 9.5, 9, 10], "texture": "#1"},
				"west": {"uv": [9.5, 8.5, 10, 9], "texture": "#1"},
				"up": {"uv": [9.5, 10, 9, 9.5], "texture": "#1"},
				"down": {"uv": [10, 9, 9.5, 9.5], "texture": "#1"}
			}
		},
		{
			"from": [3.75, 7.5, 14.8],
			"to": [4.25, 8.5, 15],
			"rotation": {"angle": 0, "axis": "y", "origin": [4.1, 5.5, 8]},
			"faces": {
				"north": {"uv": [9.5, 9.5, 10, 10], "texture": "#1"},
				"east": {"uv": [0, 10, 0.5, 10.5], "texture": "#1"},
				"south": {"uv": [10, 0, 10.5, 0.5], "texture": "#1"},
				"west": {"uv": [0.5, 10, 1, 10.5], "texture": "#1"},
				"up": {"uv": [10.5, 1, 10, 0.5], "texture": "#1"},
				"down": {"uv": [1.5, 10, 1, 10.5], "texture": "#1"}
			}
		},
		{
			"from": [4.25, 7.5, 14.8],
			"to": [4.75, 8, 15],
			"rotation": {"angle": 0, "axis": "y", "origin": [4.1, 5.5, 8]},
			"faces": {
				"north": {"uv": [10, 1, 10.5, 1.5], "texture": "#1"},
				"east": {"uv": [1.5, 10, 2, 10.5], "texture": "#1"},
				"south": {"uv": [10, 1.5, 10.5, 2], "texture": "#1"},
				"west": {"uv": [2, 10, 2.5, 10.5], "texture": "#1"},
				"up": {"uv": [10.5, 2.5, 10, 2], "texture": "#1"},
				"down": {"uv": [3, 10, 2.5, 10.5], "texture": "#1"}
			}
		},
		{
			"from": [12.05, 3.5, 11],
			"to": [12.25, 7.5, 15],
			"rotation": {"angle": 0, "axis": "y", "origin": [16, 0, 0]},
			"faces": {
				"north": {"uv": [6.5, 7, 6, 9], "texture": "#1"},
				"east": {"uv": [4, 2.5, 2, 4.5], "texture": "#1"},
				"south": {"uv": [7, 7, 6.5, 9], "texture": "#1"},
				"west": {"uv": [2, 2.5, 0, 4.5], "texture": "#1"},
				"up": {"uv": [7, 9, 7.5, 7], "texture": "#1"},
				"down": {"uv": [0, 7.5, 0.5, 9.5], "texture": "#1"}
			}
		},
		{
			"from": [8.25, 3.5, 11],
			"to": [8.45, 7.5, 15],
			"rotation": {"angle": 0, "axis": "y", "origin": [16, 0, 0]},
			"faces": {
				"north": {"uv": [1, 7.5, 0.5, 9.5], "texture": "#1"},
				"east": {"uv": [6, 2, 4, 4], "texture": "#1"},
				"south": {"uv": [1.5, 7.5, 1, 9.5], "texture": "#1"},
				"west": {"uv": [6, 0, 4, 2], "texture": "#1"},
				"up": {"uv": [1.5, 9.5, 2, 7.5], "texture": "#1"},
				"down": {"uv": [2, 7.5, 2.5, 9.5], "texture": "#1"}
			}
		},
		{
			"from": [8.25, 3.5, 11],
			"to": [12.25, 7.5, 11.2],
			"rotation": {"angle": 0, "axis": "y", "origin": [11.9, 5.5, 8]},
			"faces": {
				"north": {"uv": [6, 4, 4, 6], "texture": "#1"},
				"east": {"uv": [3.5, 7.5, 3, 9.5], "texture": "#1"},
				"south": {"uv": [2, 4.5, 0, 6.5], "texture": "#1"},
				"west": {"uv": [3, 7.5, 2.5, 9.5], "texture": "#1"},
				"up": {"uv": [7.5, 7.5, 9.5, 7], "texture": "#1"},
				"down": {"uv": [7.5, 7.5, 9.5, 8], "texture": "#1"}
			}
		},
		{
			"from": [8.25, 3.5, 14.8],
			"to": [12.25, 7.5, 15],
			"rotation": {"angle": 0, "axis": "y", "origin": [11.9, 5.5, 8]},
			"faces": {
				"north": {"uv": [4, 4.5, 2, 6.5], "texture": "#1"},
				"east": {"uv": [8.5, 0, 8, 2], "texture": "#1"},
				"south": {"uv": [8, 0, 6, 2], "texture": "#1"},
				"west": {"uv": [4, 7.5, 3.5, 9.5], "texture": "#1"},
				"up": {"uv": [8, 2.5, 10, 2], "texture": "#1"},
				"down": {"uv": [8, 2.5, 10, 3], "texture": "#1"}
			}
		},
		{
			"from": [12.05, 7.5, 11],
			"to": [12.25, 8.5, 15],
			"rotation": {"angle": 0, "axis": "y", "origin": [16, 0, 0]},
			"faces": {
				"north": {"uv": [9.5, 8.5, 9, 9], "texture": "#1"},
				"east": {"uv": [10, 3.5, 8, 4], "texture": "#1"},
				"south": {"uv": [9.5, 9, 9, 9.5], "texture": "#1"},
				"west": {"uv": [10, 3, 8, 3.5], "texture": "#1"},
				"up": {"uv": [4, 10, 4.5, 8], "texture": "#1"},
				"down": {"uv": [4.5, 8, 5, 10], "texture": "#1"}
			}
		},
		{
			"from": [12.05, 8.5, 11.5],
			"to": [12.25, 9, 14.5],
			"rotation": {"angle": 0, "axis": "y", "origin": [16, 0, 0]},
			"faces": {
				"north": {"uv": [0.5, 9.5, 0, 10], "texture": "#1"},
				"east": {"uv": [10, 0.5, 8.5, 1], "texture": "#1"},
				"south": {"uv": [1, 9.5, 0.5, 10], "texture": "#1"},
				"west": {"uv": [10, 0, 8.5, 0.5], "texture": "#1"},
				"up": {"uv": [8.5, 6.5, 9, 5], "texture": "#1"},
				"down": {"uv": [8.5, 8, 9, 9.5], "texture": "#1"}
			}
		},
		{
			"from": [11.75, 7.5, 11],
			"to": [12.25, 8.5, 11.2],
			"rotation": {"angle": 0, "axis": "y", "origin": [11.9, 5.5, 8]},
			"faces": {
				"north": {"uv": [10, 4, 9.5, 4.5], "texture": "#1"},
				"east": {"uv": [10, 5.5, 9.5, 6], "texture": "#1"},
				"south": {"uv": [10, 5, 9.5, 5.5], "texture": "#1"},
				"west": {"uv": [10, 4.5, 9.5, 5], "texture": "#1"},
				"up": {"uv": [9.5, 6.5, 10, 6], "texture": "#1"},
				"down": {"uv": [9.5, 6.5, 10, 7], "texture": "#1"}
			}
		},
		{
			"from": [11.25, 7.5, 11],
			"to": [11.75, 8, 11.2],
			"rotation": {"angle": 0, "axis": "y", "origin": [11.9, 5.5, 8]},
			"faces": {
				"north": {"uv": [10, 7, 9.5, 7.5], "texture": "#1"},
				"east": {"uv": [10, 8.5, 9.5, 9], "texture": "#1"},
				"south": {"uv": [9, 9.5, 8.5, 10], "texture": "#1"},
				"west": {"uv": [10, 7.5, 9.5, 8], "texture": "#1"},
				"up": {"uv": [9, 10, 9.5, 9.5], "texture": "#1"},
				"down": {"uv": [9.5, 9, 10, 9.5], "texture": "#1"}
			}
		},
		{
			"from": [11.75, 7.5, 14.8],
			"to": [12.25, 8.5, 15],
			"rotation": {"angle": 0, "axis": "y", "origin": [11.9, 5.5, 8]},
			"faces": {
				"north": {"uv": [10, 9.5, 9.5, 10], "texture": "#1"},
				"east": {"uv": [1, 10, 0.5, 10.5], "texture": "#1"},
				"south": {"uv": [10.5, 0, 10, 0.5], "texture": "#1"},
				"west": {"uv": [0.5, 10, 0, 10.5], "texture": "#1"},
				"up": {"uv": [10, 1, 10.5, 0.5], "texture": "#1"},
				"down": {"uv": [1, 10, 1.5, 10.5], "texture": "#1"}
			}
		},
		{
			"from": [11.25, 7.5, 14.8],
			"to": [11.75, 8, 15],
			"rotation": {"angle": 0, "axis": "y", "origin": [11.9, 5.5, 8]},
			"faces": {
				"north": {"uv": [10.5, 1, 10, 1.5], "texture": "#1"},
				"east": {"uv": [2.5, 10, 2, 10.5], "texture": "#1"},
				"south": {"uv": [10.5, 1.5, 10, 2], "texture": "#1"},
				"west": {"uv": [2, 10, 1.5, 10.5], "texture": "#1"},
				"up": {"uv": [10, 2.5, 10.5, 2], "texture": "#1"},
				"down": {"uv": [2.5, 10, 3, 10.5], "texture": "#1"}
			}
		},
		{
			"from": [3.55, 6.5, 12.6],
			"to": [3.75, 9, 13.35],
			"faces": {
				"north": {"uv": [9, 5, 9.5, 6.5], "texture": "#1"},
				"east": {"uv": [6, 9, 6.5, 10.5], "texture": "#1"},
				"south": {"uv": [6.5, 9, 7, 10.5], "texture": "#1"},
				"west": {"uv": [7, 9, 7.5, 10.5], "texture": "#1"},
				"up": {"uv": [1.5, 10, 1, 9.5], "texture": "#1"},
				"down": {"uv": [10, 1, 9.5, 1.5], "texture": "#1"}
			}
		},
		{
			"from": [3.55, 6, 12.725],
			"to": [3.75, 6.5, 13.225],
			"faces": {
				"north": {"uv": [1.5, 9.5, 2, 10], "texture": "#1"},
				"east": {"uv": [9.5, 1.5, 10, 2], "texture": "#1"},
				"south": {"uv": [2, 9.5, 2.5, 10], "texture": "#1"},
				"west": {"uv": [2.5, 9.5, 3, 10], "texture": "#1"},
				"up": {"uv": [3.5, 10, 3, 9.5], "texture": "#1"},
				"down": {"uv": [4, 9.5, 3.5, 10], "texture": "#1"}
			}
		},
		{
			"from": [7.75, 6.5, 12.725],
			"to": [7.95, 7.25, 14.225],
			"rotation": {"angle": 0, "axis": "y", "origin": [3.9, 6.75, 7.975]},
			"faces": {
				"north": {"uv": [1.5, 10, 1, 9.5], "texture": "#1"},
				"east": {"uv": [7, 9, 7.5, 10.5], "rotation": 90, "texture": "#1"},
				"south": {"uv": [10, 1, 9.5, 1.5], "rotation": 180, "texture": "#1"},
				"west": {"uv": [6, 9, 6.5, 10.5], "rotation": 270, "texture": "#1"},
				"up": {"uv": [9, 5, 9.5, 6.5], "texture": "#1"},
				"down": {"uv": [6.5, 9, 7, 10.5], "rotation": 180, "texture": "#1"}
			}
		},
		{
			"from": [12.25, 6.5, 12.6],
			"to": [12.45, 9, 13.35],
			"rotation": {"angle": 0, "axis": "y", "origin": [16, 0, 0]},
			"faces": {
				"north": {"uv": [9.5, 5, 9, 6.5], "texture": "#1"},
				"east": {"uv": [7.5, 9, 7, 10.5], "texture": "#1"},
				"south": {"uv": [7, 9, 6.5, 10.5], "texture": "#1"},
				"west": {"uv": [6.5, 9, 6, 10.5], "texture": "#1"},
				"up": {"uv": [1, 10, 1.5, 9.5], "texture": "#1"},
				"down": {"uv": [9.5, 1, 10, 1.5], "texture": "#1"}
			}
		},
		{
			"from": [12.25, 6, 12.725],
			"to": [12.45, 6.5, 13.225],
			"rotation": {"angle": 0, "axis": "y", "origin": [16, 0, 0]},
			"faces": {
				"north": {"uv": [2, 9.5, 1.5, 10], "texture": "#1"},
				"east": {"uv": [3, 9.5, 2.5, 10], "texture": "#1"},
				"south": {"uv": [2.5, 9.5, 2, 10], "texture": "#1"},
				"west": {"uv": [10, 1.5, 9.5, 2], "texture": "#1"},
				"up": {"uv": [3, 10, 3.5, 9.5], "texture": "#1"},
				"down": {"uv": [3.5, 9.5, 4, 10], "texture": "#1"}
			}
		},
		{
			"from": [8.05, 6.5, 12.725],
			"to": [8.25, 7.25, 14.225],
			"rotation": {"angle": 0, "axis": "y", "origin": [12.1, 6.75, 7.975]},
			"faces": {
				"north": {"uv": [1, 10, 1.5, 9.5], "texture": "#1"},
				"east": {"uv": [6, 10.5, 6.5, 9], "rotation": 270, "texture": "#1"},
				"south": {"uv": [9.5, 1, 10, 1.5], "rotation": 180, "texture": "#1"},
				"west": {"uv": [7, 10.5, 7.5, 9], "rotation": 90, "texture": "#1"},
				"up": {"uv": [9.5, 5, 9, 6.5], "texture": "#1"},
				"down": {"uv": [7, 9, 6.5, 10.5], "rotation": 180, "texture": "#1"}
			}
		},
		{
			"from": [3.75, 1.5, 10],
			"to": [7.75, 3.5, 15],
			"faces": {
				"north": {"uv": [0, 6.5, 2, 7.5], "texture": "#1"},
				"east": {"uv": [4, 6, 6.5, 7], "texture": "#1"},
				"south": {"uv": [2, 6.5, 4, 7.5], "texture": "#1"},
				"west": {"uv": [6, 5, 8.5, 6], "texture": "#1"},
				"up": {"uv": [2, 2.5, 0, 0], "texture": "#1"},
				"down": {"uv": [4, 0, 2, 2.5], "texture": "#1"}
			}
		},
		{
			"from": [3.75, 1, 10],
			"to": [7.75, 1.5, 13],
			"faces": {
				"north": {"uv": [6.5, 6, 8.5, 6.5], "texture": "#1"},
				"east": {"uv": [8, 4, 9.5, 4.5], "texture": "#1"},
				"south": {"uv": [6.5, 6.5, 8.5, 7], "texture": "#1"},
				"west": {"uv": [8, 4.5, 9.5, 5], "texture": "#1"},
				"up": {"uv": [8, 3.5, 6, 2], "texture": "#1"},
				"down": {"uv": [8, 3.5, 6, 5], "texture": "#1"}
			}
		},
		{
			"from": [4.75, 1, 13.5],
			"to": [6.75, 1.5, 15],
			"faces": {
				"north": {"uv": [8.5, 1, 9.5, 1.5], "texture": "#1"},
				"east": {"uv": [8.5, 1.5, 9.5, 2], "texture": "#1"},
				"south": {"uv": [8.5, 6.5, 9.5, 7], "texture": "#1"},
				"west": {"uv": [9, 8, 10, 8.5], "texture": "#1"},
				"up": {"uv": [5, 8, 4, 7], "texture": "#1"},
				"down": {"uv": [6, 7, 5, 8], "texture": "#1"}
			}
		},
		{
			"from": [8.25, 1.5, 10],
			"to": [12.25, 3.5, 15],
			"rotation": {"angle": 0, "axis": "y", "origin": [16, 0, 0]},
			"faces": {
				"north": {"uv": [2, 6.5, 0, 7.5], "texture": "#1"},
				"east": {"uv": [8.5, 5, 6, 6], "texture": "#1"},
				"south": {"uv": [4, 6.5, 2, 7.5], "texture": "#1"},
				"west": {"uv": [6.5, 6, 4, 7], "texture": "#1"},
				"up": {"uv": [0, 2.5, 2, 0], "texture": "#1"},
				"down": {"uv": [2, 0, 4, 2.5], "texture": "#1"}
			}
		},
		{
			"from": [8.25, 1, 10],
			"to": [12.25, 1.5, 13],
			"rotation": {"angle": 0, "axis": "y", "origin": [16, 0, 0]},
			"faces": {
				"north": {"uv": [8.5, 6, 6.5, 6.5], "texture": "#1"},
				"east": {"uv": [9.5, 4.5, 8, 5], "texture": "#1"},
				"south": {"uv": [8.5, 6.5, 6.5, 7], "texture": "#1"},
				"west": {"uv": [9.5, 4, 8, 4.5], "texture": "#1"},
				"up": {"uv": [6, 3.5, 8, 2], "texture": "#1"},
				"down": {"uv": [6, 3.5, 8, 5], "texture": "#1"}
			}
		},
		{
			"from": [9.25, 1, 13.5],
			"to": [11.25, 1.5, 15],
			"rotation": {"angle": 0, "axis": "y", "origin": [16, 0, 0]},
			"faces": {
				"north": {"uv": [9.5, 1, 8.5, 1.5], "texture": "#1"},
				"east": {"uv": [10, 8, 9, 8.5], "texture": "#1"},
				"south": {"uv": [9.5, 6.5, 8.5, 7], "texture": "#1"},
				"west": {"uv": [9.5, 1.5, 8.5, 2], "texture": "#1"},
				"up": {"uv": [4, 8, 5, 7], "texture": "#1"},
				"down": {"uv": [5, 7, 6, 8], "texture": "#1"}
			}
		},
		{
			"from": [7.55, 3.5, 13.5],
			"to": [7.8, 7.5, 13.7],
			"rotation": {"angle": 0, "axis": "y", "origin": [-2.1, 0, 0]},
			"faces": {
				"north": {"uv": [5, 8, 5.5, 10], "texture": "#1"},
				"east": {"uv": [5.5, 8, 6, 10], "texture": "#1"},
				"south": {"uv": [7.5, 8, 8, 10], "texture": "#1"},
				"west": {"uv": [8, 8, 8.5, 10], "texture": "#1"},
				"up": {"uv": [10.5, 3, 10, 2.5], "texture": "#1"},
				"down": {"uv": [3.5, 10, 3, 10.5], "texture": "#1"}
			}
		},
		{
			"from": [8.2, 3.5, 13.5],
			"to": [8.45, 7.5, 13.7],
			"rotation": {"angle": 0, "axis": "y", "origin": [18.1, 0, 0]},
			"faces": {
				"north": {"uv": [5.5, 8, 5, 10], "texture": "#1"},
				"east": {"uv": [8.5, 8, 8, 10], "texture": "#1"},
				"south": {"uv": [8, 8, 7.5, 10], "texture": "#1"},
				"west": {"uv": [6, 8, 5.5, 10], "texture": "#1"},
				"up": {"uv": [10, 3, 10.5, 2.5], "texture": "#1"},
				"down": {"uv": [3, 10, 3.5, 10.5], "texture": "#1"}
			}
		},
		{
			"from": [3.75, 3.5, 10.85],
			"to": [3.95, 5.5, 14.85],
			"rotation": {"angle": 0, "axis": "y", "origin": [-0.25, 1, 4.85]},
			"faces": {
				"north": {"uv": [0, 7, 0.5, 8], "texture": "#0"},
				"east": {"uv": [2.5, 4, 4.5, 5], "texture": "#0"},
				"south": {"uv": [0.5, 7, 1, 8], "texture": "#0"},
				"west": {"uv": [4, 3, 6, 4], "texture": "#0"},
				"up": {"uv": [5.5, 8, 5, 6], "texture": "#0"},
				"down": {"uv": [6.5, 5, 6, 7], "texture": "#0"}
			}
		},
		{
			"from": [7.55, 3.5, 10.85],
			"to": [7.75, 5.5, 14.85],
			"rotation": {"angle": 0, "axis": "y", "origin": [-0.25, 1, 4.85]},
			"faces": {
				"north": {"uv": [1, 7, 1.5, 8], "texture": "#0"},
				"east": {"uv": [4.5, 4, 6.5, 5], "texture": "#0"},
				"south": {"uv": [1.5, 7, 2, 8], "texture": "#0"},
				"west": {"uv": [0, 5, 2, 6], "texture": "#0"},
				"up": {"uv": [6, 8, 5.5, 6], "texture": "#0"},
				"down": {"uv": [2.5, 6.5, 2, 8.5], "texture": "#0"}
			}
		},
		{
			"from": [3.75, 3.5, 10.85],
			"to": [7.75, 5.5, 11.05],
			"rotation": {"angle": 0, "axis": "y", "origin": [3.85, 6.5, 12.85]},
			"faces": {
				"north": {"uv": [2, 5, 4, 6], "texture": "#0"},
				"east": {"uv": [2.5, 7, 3, 8], "texture": "#0"},
				"south": {"uv": [4, 5, 6, 6], "texture": "#0"},
				"west": {"uv": [7, 2.5, 7.5, 3.5], "texture": "#0"},
				"up": {"uv": [8, 4, 6, 3.5], "texture": "#0"},
				"down": {"uv": [8.5, 0, 6.5, 0.5], "texture": "#0"}
			}
		},
		{
			"from": [3.75, 3.5, 14.65],
			"to": [7.75, 5.5, 14.85],
			"rotation": {"angle": 0, "axis": "y", "origin": [3.85, 6.5, 12.85]},
			"faces": {
				"north": {"uv": [0, 6, 2, 7], "texture": "#0"},
				"east": {"uv": [3, 7, 3.5, 8], "texture": "#0"},
				"south": {"uv": [6, 1, 8, 2], "texture": "#0"},
				"west": {"uv": [3.5, 7, 4, 8], "texture": "#0"},
				"up": {"uv": [8.5, 1, 6.5, 0.5], "texture": "#0"},
				"down": {"uv": [8.5, 4, 6.5, 4.5], "texture": "#0"}
			}
		},
		{
			"from": [12.05, 3.5, 10.85],
			"to": [12.25, 5.5, 14.85],
			"rotation": {"angle": 0, "axis": "y", "origin": [10.25, 3.40867, 13.33147]},
			"faces": {
				"north": {"uv": [0.5, 7, 0, 8], "texture": "#0"},
				"east": {"uv": [6, 3, 4, 4], "texture": "#0"},
				"south": {"uv": [1, 7, 0.5, 8], "texture": "#0"},
				"west": {"uv": [4.5, 4, 2.5, 5], "texture": "#0"},
				"up": {"uv": [5, 8, 5.5, 6], "texture": "#0"},
				"down": {"uv": [6, 5, 6.5, 7], "texture": "#0"}
			}
		},
		{
			"from": [8.25, 3.5, 10.85],
			"to": [8.45, 5.5, 14.85],
			"rotation": {"angle": 0, "axis": "y", "origin": [10.25, 3.40867, 13.33147]},
			"faces": {
				"north": {"uv": [1.5, 7, 1, 8], "texture": "#0"},
				"east": {"uv": [2, 5, 0, 6], "texture": "#0"},
				"south": {"uv": [2, 7, 1.5, 8], "texture": "#0"},
				"west": {"uv": [6.5, 4, 4.5, 5], "texture": "#0"},
				"up": {"uv": [5.5, 8, 6, 6], "texture": "#0"},
				"down": {"uv": [2, 6.5, 2.5, 8.5], "texture": "#0"}
			}
		},
		{
			"from": [8.25, 3.5, 10.85],
			"to": [12.25, 5.5, 11.05],
			"rotation": {"angle": 0, "axis": "y", "origin": [10.25, 3.40867, 13.33147]},
			"faces": {
				"north": {"uv": [4, 5, 2, 6], "texture": "#0"},
				"east": {"uv": [7.5, 2.5, 7, 3.5], "texture": "#0"},
				"south": {"uv": [6, 5, 4, 6], "texture": "#0"},
				"west": {"uv": [3, 7, 2.5, 8], "texture": "#0"},
				"up": {"uv": [6, 4, 8, 3.5], "texture": "#0"},
				"down": {"uv": [6.5, 0, 8.5, 0.5], "texture": "#0"}
			}
		},
		{
			"from": [8.25, 3.5, 14.65],
			"to": [12.25, 5.5, 14.85],
			"rotation": {"angle": 0, "axis": "y", "origin": [10.25, 3.40867, 13.33147]},
			"faces": {
				"north": {"uv": [2, 6, 0, 7], "texture": "#0"},
				"east": {"uv": [4, 7, 3.5, 8], "texture": "#0"},
				"south": {"uv": [8, 1, 6, 2], "texture": "#0"},
				"west": {"uv": [3.5, 7, 3, 8], "texture": "#0"},
				"up": {"uv": [6.5, 1, 8.5, 0.5], "texture": "#0"},
				"down": {"uv": [6.5, 4, 8.5, 4.5], "texture": "#0"}
			}
		},
		{
			"from": [3.75, 1.5, 9.85],
			"to": [7.75, 3.5, 14.85],
			"rotation": {"angle": 0, "axis": "y", "origin": [-0.25, 1, 4.85]},
			"faces": {
				"north": {"uv": [4, 1, 6, 2], "texture": "#0"},
				"east": {"uv": [0, 4, 2.5, 5], "texture": "#0"},
				"south": {"uv": [4, 2, 6, 3], "texture": "#0"},
				"west": {"uv": [4, 0, 6.5, 1], "texture": "#0"},
				"up": {"uv": [2, 2.5, 0, 0], "texture": "#0"},
				"down": {"uv": [4, 0, 2, 2.5], "texture": "#0"}
			}
		},
		{
			"from": [3.75, 1, 9.85],
			"to": [7.75, 1.5, 12.85],
			"rotation": {"angle": 0, "axis": "y", "origin": [-0.25, 1, 4.85]},
			"faces": {
				"north": {"uv": [2, 6, 4, 6.5], "texture": "#0"},
				"east": {"uv": [2.5, 6.5, 4, 7], "texture": "#0"},
				"south": {"uv": [6, 2, 8, 2.5], "texture": "#0"},
				"west": {"uv": [6.5, 4.5, 8, 5], "texture": "#0"},
				"up": {"uv": [2, 4, 0, 2.5], "texture": "#0"},
				"down": {"uv": [4, 2.5, 2, 4], "texture": "#0"}
			}
		},
		{
			"from": [4.75, 1, 13.35],
			"to": [6.75, 1.5, 14.85],
			"rotation": {"angle": 0, "axis": "y", "origin": [-0.25, 1, 4.85]},
			"faces": {
				"north": {"uv": [6.5, 5, 7.5, 5.5], "texture": "#0"},
				"east": {"uv": [6.5, 5.5, 7.5, 6], "texture": "#0"},
				"south": {"uv": [6.5, 6, 7.5, 6.5], "texture": "#0"},
				"west": {"uv": [6.5, 6.5, 7.5, 7], "texture": "#0"},
				"up": {"uv": [7, 3.5, 6, 2.5], "texture": "#0"},
				"down": {"uv": [5, 6, 4, 7], "texture": "#0"}
			}
		},
		{
			"from": [8.25, 1.5, 9.85],
			"to": [12.25, 3.5, 14.85],
			"rotation": {"angle": 0, "axis": "y", "origin": [10.25, 3.40867, 13.33147]},
			"faces": {
				"north": {"uv": [6, 1, 4, 2], "texture": "#0"},
				"east": {"uv": [6.5, 0, 4, 1], "texture": "#0"},
				"south": {"uv": [6, 2, 4, 3], "texture": "#0"},
				"west": {"uv": [2.5, 4, 0, 5], "texture": "#0"},
				"up": {"uv": [0, 2.5, 2, 0], "texture": "#0"},
				"down": {"uv": [2, 0, 4, 2.5], "texture": "#0"}
			}
		},
		{
			"from": [8.25, 1, 9.85],
			"to": [12.25, 1.5, 12.85],
			"rotation": {"angle": 0, "axis": "y", "origin": [10.25, 3.40867, 13.33147]},
			"faces": {
				"north": {"uv": [4, 6, 2, 6.5], "texture": "#0"},
				"east": {"uv": [8, 4.5, 6.5, 5], "texture": "#0"},
				"south": {"uv": [8, 2, 6, 2.5], "texture": "#0"},
				"west": {"uv": [4, 6.5, 2.5, 7], "texture": "#0"},
				"up": {"uv": [0, 4, 2, 2.5], "texture": "#0"},
				"down": {"uv": [2, 2.5, 4, 4], "texture": "#0"}
			}
		},
		{
			"from": [9.25, 1, 13.35],
			"to": [11.25, 1.5, 14.85],
			"rotation": {"angle": 0, "axis": "y", "origin": [10.25, 3.40867, 13.33147]},
			"faces": {
				"north": {"uv": [7.5, 5, 6.5, 5.5], "texture": "#0"},
				"east": {"uv": [7.5, 6.5, 6.5, 7], "texture": "#0"},
				"south": {"uv": [7.5, 6, 6.5, 6.5], "texture": "#0"},
				"west": {"uv": [7.5, 5.5, 6.5, 6], "texture": "#0"},
				"up": {"uv": [6, 3.5, 7, 2.5], "texture": "#0"},
				"down": {"uv": [4, 6, 5, 7], "texture": "#0"}
			}
		},
		{
			"from": [5.5, 5.2, 14.825],
			"to": [6, 5.3, 15.625],
			"rotation": {"angle": 22.5, "axis": "x", "origin": [5.75, 5.275, 15.225]},
			"faces": {
				"north": {"uv": [4, 7, 4.5, 7.5], "texture": "#0"},
				"east": {"uv": [4.5, 7, 5, 7.5], "texture": "#0"},
				"south": {"uv": [6, 7, 6.5, 7.5], "texture": "#0"},
				"west": {"uv": [6.5, 7, 7, 7.5], "texture": "#0"},
				"up": {"uv": [7.5, 7.5, 7, 7], "texture": "#0"},
				"down": {"uv": [8, 2.5, 7.5, 3], "texture": "#0"}
			}
		},
		{
			"from": [5.5, 5.5, 14.925],
			"to": [6, 5.6, 15.725],
			"rotation": {"angle": -22.5, "axis": "x", "origin": [5.75, 5.275, 15.225]},
			"faces": {
				"north": {"uv": [7.5, 3, 8, 3.5], "texture": "#0"},
				"east": {"uv": [4, 7.5, 4.5, 8], "texture": "#0"},
				"south": {"uv": [4.5, 7.5, 5, 8], "texture": "#0"},
				"west": {"uv": [7.5, 5, 8, 5.5], "texture": "#0"},
				"up": {"uv": [8, 6, 7.5, 5.5], "texture": "#0"},
				"down": {"uv": [6.5, 7.5, 6, 8], "texture": "#0"}
			}
		},
		{
			"from": [5.5, 5.04052, 15.33292],
			"to": [6, 5.14052, 15.83292],
			"rotation": {"angle": 45, "axis": "x", "origin": [5.75, 5.16552, 16.20792]},
			"faces": {
				"north": {"uv": [7.5, 6, 8, 6.5], "texture": "#0"},
				"east": {"uv": [6.5, 7.5, 7, 8], "texture": "#0"},
				"south": {"uv": [7.5, 6.5, 8, 7], "texture": "#0"},
				"west": {"uv": [7, 7.5, 7.5, 8], "texture": "#0"},
				"up": {"uv": [8, 7.5, 7.5, 7], "texture": "#0"},
				"down": {"uv": [8, 7.5, 7.5, 8], "texture": "#0"}
			}
		},
		{
			"from": [5.5, 5.54052, 15.68292],
			"to": [6, 5.64052, 16.18292],
			"rotation": {"angle": -45, "axis": "x", "origin": [5.75, 5.16552, 16.20792]},
			"faces": {
				"north": {"uv": [0, 8, 0.5, 8.5], "texture": "#0"},
				"east": {"uv": [0.5, 8, 1, 8.5], "texture": "#0"},
				"south": {"uv": [1, 8, 1.5, 8.5], "texture": "#0"},
				"west": {"uv": [8, 1, 8.5, 1.5], "texture": "#0"},
				"up": {"uv": [2, 8.5, 1.5, 8], "texture": "#0"},
				"down": {"uv": [8.5, 1.5, 8, 2], "texture": "#0"}
			}
		},
		{
			"from": [10, 5.78255, 13.96665],
			"to": [10.5, 5.88255, 14.76665],
			"rotation": {"angle": 22.5, "axis": "x", "origin": [10.25, 3.40867, 13.33147]},
			"faces": {
				"north": {"uv": [4.5, 7, 4, 7.5], "texture": "#0"},
				"east": {"uv": [7, 7, 6.5, 7.5], "texture": "#0"},
				"south": {"uv": [6.5, 7, 6, 7.5], "texture": "#0"},
				"west": {"uv": [5, 7, 4.5, 7.5], "texture": "#0"},
				"up": {"uv": [7, 7.5, 7.5, 7], "texture": "#0"},
				"down": {"uv": [7.5, 2.5, 8, 3], "texture": "#0"}
			}
		},
		{
			"from": [10, 4.63331, 15.49508],
			"to": [10.5, 4.73331, 16.29508],
			"rotation": {"angle": -22.5, "axis": "x", "origin": [10.25, 3.40867, 13.33147]},
			"faces": {
				"north": {"uv": [8, 3, 7.5, 3.5], "texture": "#0"},
				"east": {"uv": [8, 5, 7.5, 5.5], "texture": "#0"},
				"south": {"uv": [5, 7.5, 4.5, 8], "texture": "#0"},
				"west": {"uv": [4.5, 7.5, 4, 8], "texture": "#0"},
				"up": {"uv": [7.5, 6, 8, 5.5], "texture": "#0"},
				"down": {"uv": [6, 7.5, 6.5, 8], "texture": "#0"}
			}
		},
		{
			"from": [10, 6.5599, 13.24815],
			"to": [10.5, 6.6599, 13.74815],
			"rotation": {"angle": 45, "axis": "x", "origin": [10.25, 3.40867, 13.33147]},
			"faces": {
				"north": {"uv": [8, 6, 7.5, 6.5], "texture": "#0"},
				"east": {"uv": [7.5, 7.5, 7, 8], "texture": "#0"},
				"south": {"uv": [8, 6.5, 7.5, 7], "texture": "#0"},
				"west": {"uv": [7, 7.5, 6.5, 8], "texture": "#0"},
				"up": {"uv": [7.5, 7.5, 8, 7], "texture": "#0"},
				"down": {"uv": [7.5, 7.5, 8, 8], "texture": "#0"}
			}
		},
		{
			"from": [10, 2.99199, 16.08271],
			"to": [10.5, 3.09199, 16.58271],
			"rotation": {"angle": -45, "axis": "x", "origin": [10.25, 3.40867, 13.33147]},
			"faces": {
				"north": {"uv": [0.5, 8, 0, 8.5], "texture": "#0"},
				"east": {"uv": [8.5, 1, 8, 1.5], "texture": "#0"},
				"south": {"uv": [1.5, 8, 1, 8.5], "texture": "#0"},
				"west": {"uv": [1, 8, 0.5, 8.5], "texture": "#0"},
				"up": {"uv": [1.5, 8.5, 2, 8], "texture": "#0"},
				"down": {"uv": [8, 1.5, 8.5, 2], "texture": "#0"}
			}
		},
		{
			"from": [1, 0, 8],
			"to": [15, 0.5, 16],
			"faces": {
				"north": {"uv": [8.75, 10.5, 12.25, 10.75], "texture": "#2"},
				"east": {"uv": [5, 3.5, 7, 3.75], "texture": "#2"},
				"south": {"uv": [8.75, 10.75, 12.25, 11], "texture": "#2"},
				"west": {"uv": [6, 11, 8, 11.25], "texture": "#2"},
				"up": {"uv": [3.5, 5.75, 0, 3.75], "texture": "#2"},
				"down": {"uv": [7, 3.75, 3.5, 5.75], "texture": "#2"}
			}
		},
		{
			"from": [1.5, 0.5, 8.5],
			"to": [14.5, 1, 16],
			"faces": {
				"north": {"uv": [11.25, 6.25, 14.5, 6.5], "texture": "#2"},
				"east": {"uv": [6, 11.25, 8, 11.5], "texture": "#2"},
				"south": {"uv": [11.25, 6.5, 14.5, 6.75], "texture": "#2"},
				"west": {"uv": [11.25, 8.5, 13.25, 8.75], "texture": "#2"},
				"up": {"uv": [3.25, 9.75, 0, 7.75], "texture": "#2"},
				"down": {"uv": [11.75, 0, 8.5, 2], "texture": "#2"}
			}
		},
		{
			"from": [2, 1, 9],
			"to": [3, 16, 16],
			"rotation": {"angle": 0, "axis": "y", "origin": [-0.05, 0, 0]},
			"faces": {
				"north": {"uv": [8.25, 9.5, 8.5, 13.25], "texture": "#2"},
				"east": {"uv": [3.5, 5.75, 5.25, 9.5], "texture": "#2"},
				"south": {"uv": [8.5, 9.5, 8.75, 13.25], "texture": "#2"},
				"west": {"uv": [5.25, 5.75, 7, 9.5], "texture": "#2"},
				"up": {"uv": [3.5, 9.5, 3.25, 7.75], "texture": "#2"},
				"down": {"uv": [8.25, 10.25, 8, 12], "texture": "#2"}
			}
		},
		{
			"from": [13, 1, 9],
			"to": [14, 16, 16],
			"rotation": {"angle": 0, "axis": "y", "origin": [-0.05, 0, 0]},
			"faces": {
				"north": {"uv": [2.5, 9.75, 2.75, 13.5], "texture": "#2"},
				"east": {"uv": [7, 2, 8.75, 5.75], "texture": "#2"},
				"south": {"uv": [2.75, 9.75, 3, 13.5], "texture": "#2"},
				"west": {"uv": [7, 5.75, 8.75, 9.5], "texture": "#2"},
				"up": {"uv": [11, 13, 10.75, 11.25], "texture": "#2"},
				"down": {"uv": [11.25, 11.25, 11, 13], "texture": "#2"}
			}
		},
		{
			"from": [3, 1, 15],
			"to": [13, 16, 16],
			"rotation": {"angle": 0, "axis": "y", "origin": [-0.05, 0, 0]},
			"faces": {
				"north": {"uv": [0, 0, 2.5, 3.75], "texture": "#2"},
				"east": {"uv": [3, 9.75, 3.25, 13.5], "texture": "#2"},
				"south": {"uv": [2.5, 0, 5, 3.75], "texture": "#2"},
				"west": {"uv": [5.75, 10.25, 6, 14], "texture": "#2"},
				"up": {"uv": [5.75, 11.25, 3.25, 11], "texture": "#2"},
				"down": {"uv": [2.5, 11.25, 0, 11.5], "texture": "#2"}
			}
		},
		{
			"from": [3, 10, 9],
			"to": [13, 11, 15],
			"rotation": {"angle": 0, "axis": "y", "origin": [-0.05, 0, 0]},
			"faces": {
				"north": {"uv": [3.25, 11.25, 5.75, 11.5], "texture": "#2"},
				"east": {"uv": [11.25, 9.5, 12.75, 9.75], "texture": "#2"},
				"south": {"uv": [11.25, 7.25, 13.75, 7.5], "texture": "#2"},
				"west": {"uv": [11.25, 9.75, 12.75, 10], "texture": "#2"},
				"up": {"uv": [11.25, 7.5, 8.75, 6], "texture": "#2"},
				"down": {"uv": [11.25, 7.5, 8.75, 9], "texture": "#2"}
			}
		},
		{
			"from": [3, 15, 9],
			"to": [13, 16, 15],
			"rotation": {"angle": 0, "axis": "y", "origin": [-0.05, 0, 0]},
			"faces": {
				"north": {"uv": [11.25, 7.5, 13.75, 7.75], "texture": "#2"},
				"east": {"uv": [11.25, 10, 12.75, 10.25], "texture": "#2"},
				"south": {"uv": [11.25, 7.75, 13.75, 8], "texture": "#2"},
				"west": {"uv": [11.25, 10.25, 12.75, 10.5], "texture": "#2"},
				"up": {"uv": [11.25, 10.5, 8.75, 9], "texture": "#2"},
				"down": {"uv": [5.75, 9.5, 3.25, 11], "texture": "#2"}
			}
		},
		{
			"from": [3.1, 11.1, 9],
			"to": [12.9, 14, 10],
			"rotation": {"angle": 0, "axis": "y", "origin": [-0.05, 0, 0]},
			"faces": {
				"north": {"uv": [5.75, 9.5, 8.25, 10.25], "texture": "#2"},
				"east": {"uv": [7.25, 10.25, 7.5, 11], "texture": "#2"},
				"south": {"uv": [0, 9.75, 2.5, 10.5], "texture": "#2"},
				"west": {"uv": [7.5, 10.25, 7.75, 11], "texture": "#2"},
				"up": {"uv": [13.75, 8.25, 11.25, 8], "texture": "#2"},
				"down": {"uv": [13.75, 8.25, 11.25, 8.5], "texture": "#2"}
			}
		},
		{
			"from": [9.1, 14, 9],
			"to": [12.9, 14.9, 10],
			"rotation": {"angle": 0, "axis": "y", "origin": [-0.05, 0, 0]},
			"faces": {
				"north": {"uv": [3.25, 11.5, 4.25, 11.75], "texture": "#2"},
				"east": {"uv": [6.25, 3.25, 6.5, 3.5], "texture": "#2"},
				"south": {"uv": [4.25, 11.5, 5.25, 11.75], "texture": "#2"},
				"west": {"uv": [6.5, 3.25, 6.75, 3.5], "texture": "#2"},
				"up": {"uv": [7, 11.75, 6, 11.5], "texture": "#2"},
				"down": {"uv": [8, 11.5, 7, 11.75], "texture": "#2"}
			}
		},
		{
			"from": [3.1, 14, 9],
			"to": [6.9, 14.9, 10],
			"rotation": {"angle": 0, "axis": "y", "origin": [-0.05, 0, 0]},
			"faces": {
				"north": {"uv": [8.75, 11.5, 9.75, 11.75], "texture": "#2"},
				"east": {"uv": [6.75, 3.25, 7, 3.5], "texture": "#2"},
				"south": {"uv": [9.75, 11.5, 10.75, 11.75], "texture": "#2"},
				"west": {"uv": [11.75, 0, 12, 0.25], "texture": "#2"},
				"up": {"uv": [12.5, 11.5, 11.5, 11.25], "texture": "#2"},
				"down": {"uv": [12.5, 11.5, 11.5, 11.75], "texture": "#2"}
			}
		},
		{
			"from": [12.1, 11.1, 10],
			"to": [12.9, 14, 15],
			"rotation": {"angle": 0, "axis": "y", "origin": [-0.05, 0, 0]},
			"faces": {
				"north": {"uv": [7.75, 10.25, 8, 11], "texture": "#2"},
				"east": {"uv": [5, 2, 6.25, 2.75], "texture": "#2"},
				"south": {"uv": [2.25, 11.5, 2.5, 12.25], "texture": "#2"},
				"west": {"uv": [5, 2.75, 6.25, 3.5], "texture": "#2"},
				"up": {"uv": [6.5, 3.25, 6.25, 2], "texture": "#2"},
				"down": {"uv": [6.75, 2, 6.5, 3.25], "texture": "#2"}
			}
		},
		{
			"from": [3.1, 11.1, 10],
			"to": [3.9, 14, 15],
			"rotation": {"angle": 0, "axis": "y", "origin": [-0.05, 0, 0]},
			"faces": {
				"north": {"uv": [5.25, 11.5, 5.5, 12.25], "texture": "#2"},
				"east": {"uv": [6, 10.25, 7.25, 11], "texture": "#2"},
				"south": {"uv": [5.5, 11.5, 5.75, 12.25], "texture": "#2"},
				"west": {"uv": [0, 10.5, 1.25, 11.25], "texture": "#2"},
				"up": {"uv": [7, 3.25, 6.75, 2], "texture": "#2"},
				"down": {"uv": [11.5, 11.25, 11.25, 12.5], "texture": "#2"}
			}
		},
		{
			"from": [12.1, 14, 10],
			"to": [12.9, 14.9, 15],
			"rotation": {"angle": 0, "axis": "y", "origin": [-0.05, 0, 0]},
			"faces": {
				"north": {"uv": [11.75, 0.25, 12, 0.5], "texture": "#2"},
				"east": {"uv": [1.25, 10.5, 2.5, 10.75], "texture": "#2"},
				"south": {"uv": [0.5, 11.75, 0.75, 12], "texture": "#2"},
				"west": {"uv": [1.25, 10.75, 2.5, 11], "texture": "#2"},
				"up": {"uv": [0.25, 12.75, 0, 11.5], "texture": "#2"},
				"down": {"uv": [0.5, 11.5, 0.25, 12.75], "texture": "#2"}
			}
		},
		{
			"from": [3.1, 14, 10],
			"to": [3.9, 14.9, 15],
			"rotation": {"angle": 0, "axis": "y", "origin": [-0.05, 0, 0]},
			"faces": {
				"north": {"uv": [11.75, 0.5, 12, 0.75], "texture": "#2"},
				"east": {"uv": [1.25, 11, 2.5, 11.25], "texture": "#2"},
				"south": {"uv": [0.75, 11.75, 1, 12], "texture": "#2"},
				"west": {"uv": [0.5, 11.5, 1.75, 11.75], "texture": "#2"},
				"up": {"uv": [2, 12.75, 1.75, 11.5], "texture": "#2"},
				"down": {"uv": [2.25, 11.5, 2, 12.75], "texture": "#2"}
			}
		},
		{
			"from": [1.5, 15, 8.5],
			"to": [14.5, 15.5, 16],
			"rotation": {"angle": 0, "axis": "y", "origin": [0, 16, 0]},
			"faces": {
				"north": {"uv": [11.25, 6.75, 14.5, 7], "texture": "#2"},
				"east": {"uv": [8.75, 11.25, 10.75, 11.5], "texture": "#2"},
				"south": {"uv": [11.25, 7, 14.5, 7.25], "texture": "#2"},
				"west": {"uv": [11.25, 8.75, 13.25, 9], "texture": "#2"},
				"up": {"uv": [12, 4, 8.75, 2], "texture": "#2"},
				"down": {"uv": [12, 4, 8.75, 6], "texture": "#2"}
			}
		},
		{
			"from": [1, 15.5, 8],
			"to": [15, 16, 16],
			"rotation": {"angle": 0, "axis": "y", "origin": [0, 16, 0]},
			"faces": {
				"north": {"uv": [8.75, 11, 12.25, 11.25], "texture": "#2"},
				"east": {"uv": [11.25, 9, 13.25, 9.25], "texture": "#2"},
				"south": {"uv": [11.25, 6, 14.75, 6.25], "texture": "#2"},
				"west": {"uv": [11.25, 9.25, 13.25, 9.5], "texture": "#2"},
				"up": {"uv": [8.5, 2, 5, 0], "texture": "#2"},
				"down": {"uv": [3.5, 5.75, 0, 7.75], "texture": "#2"}
			}
		}
	],
	"display": {
		"thirdperson_righthand": {
			"rotation": [69, 0, 0],
			"translation": [0, 0, -2.5],
			"scale": [0.5, 0.5, 0.5]
		},
		"thirdperson_lefthand": {
			"rotation": [69, 0, 0],
			"translation": [0, 0, -2.25],
			"scale": [0.5, 0.5, 0.5]
		},
		"firstperson_righthand": {
			"translation": [0, 3.25, 0],
			"scale": [0.5, 0.5, 0.5]
		},
		"firstperson_lefthand": {
			"translation": [0, 3.75, 0],
			"scale": [0.5, 0.5, 0.5]
		},
		"ground": {
			"translation": [0.75, 8.25, -6],
			"scale": [1.5, 1.5, 1.5]
		},
		"gui": {
			"rotation": [0, 180, 0],
			"translation": [0, 0.25, 0],
			"scale": [0.7, 0.7, 0.7]
		},
		"head": {
			"translation": [0.25, -32, -0.25],
			"scale": [1.8, 1.8, 1.8]
		},
		"fixed": {
			"rotation": [-90, 0, 0],
			"translation": [0, 0, -14],
			"scale": [2, 2, 2]
		}
	},
	"groups": [
		{
			"name": "Boots",
			"origin": [8, 8, 8],
			"color": 0,
			"children": [
				{
					"name": "Boot",
					"origin": [6.2, 5.5, 8],
					"color": 0,
					"children": [0, 1, 2, 3, 4, 5, 6, 7, 8, 9, 10, 11, 12, 13, 14, 15, 16, 17, 18, 19]
				},
				{
					"name": "Strap",
					"origin": [2.1, 0, 0],
					"color": 0,
					"children": [20, 21, 22, 23, 24, 25]
				},
				{
					"name": "Sole",
					"origin": [2.1, 0, 0],
					"color": 0,
					"children": [26, 27, 28, 29, 30, 31]
				},
				{
					"name": "Zipper",
					"origin": [0, 0, 0],
					"color": 0,
					"children": [32, 33]
				}
			]
		},
		{
			"name": "Ankle Boots",
			"origin": [-0.25, 16, 0],
			"color": 0,
			"children": [
				{
					"name": "Boot",
					"origin": [5.95, 5.5, 8],
					"color": 0,
					"children": [
						34,
						35,
						36,
						37,
						{
							"name": "Boot2",
							"origin": [10.49268, 4, 8],
							"color": 0,
							"children": [38, 39, 40, 41]
						}
					]
				},
				{
					"name": "Sole",
					"origin": [1.85, 0, 0],
					"color": 0,
					"children": [
						42,
						43,
						44,
						{
							"name": "Sole2",
							"origin": [10.49268, 4, 8],
							"color": 0,
							"children": [45, 46, 47]
						}
					]
				},
				{
					"name": "Ribbon",
					"origin": [5.75, 4.16552, 11.35792],
					"color": 0,
					"children": [
						48,
						49,
						50,
						51,
						{
							"name": "Ribbon2",
							"origin": [7.75, 8, 8],
							"color": 0,
							"children": [52, 53, 54, 55]
						}
					]
				}
			]
		},
		{
			"name": "group",
			"origin": [0, 16, 0],
			"color": 0,
			"children": [56, 57, 58, 59, 60, 61, 62, 63, 64, 65, 66, 67, 68, 69, 70, 71]
		}
	]
}