{
	"credit": "Made with Blockbench",
	"texture_size": [32, 32],
	"textures": {
		"0": "block/saddle_rack",
		"1": "block/saddle",
		"particle": "block/saddle_rack"
	},
	"elements": [
		{
			"from": [7, 25, 0],
			"to": [9, 27, 15],
			"faces": {
				"north": {"uv": [5.75, 5.25, 6.25, 5.75], "texture": "#0"},
				"east": {"uv": [2.5, 0, 6.25, 0.5], "texture": "#0"},
				"south": {"uv": [5.75, 5.75, 6.25, 6.25], "texture": "#0"},
				"west": {"uv": [2.5, 0.5, 6.25, 1], "texture": "#0"},
				"up": {"uv": [3, 4.75, 2.5, 1], "texture": "#0"},
				"down": {"uv": [3.5, 1, 3, 4.75], "texture": "#0"}
			}
		},
		{
			"from": [7.5, 3.5, 25],
			"to": [8.5, 11, 26],
			"rotation": {"angle": -45, "axis": "x", "origin": [0, 0, 0]},
			"faces": {
				"north": {"uv": [3, 4.75, 3.25, 6.75], "texture": "#0"},
				"east": {"uv": [3.25, 4.75, 3.5, 6.75], "texture": "#0"},
				"south": {"uv": [5, 3, 5.25, 5], "texture": "#0"},
				"west": {"uv": [5, 5, 5.25, 7], "texture": "#0"},
				"up": {"uv": [4.5, 6.5, 4.25, 6.25], "texture": "#0"},
				"down": {"uv": [6.75, 3.75, 6.5, 4], "texture": "#0"}
			}
		},
		{
			"from": [7, 24, 0],
			"to": [9, 25, 1],
			"faces": {
				"north": {"uv": [6.25, 5.5, 6.75, 5.75], "texture": "#0"},
				"east": {"uv": [6.5, 4.25, 6.75, 4.5], "texture": "#0"},
				"south": {"uv": [5.75, 6.25, 6.25, 6.5], "texture": "#0"},
				"west": {"uv": [6.5, 4.5, 6.75, 4.75], "texture": "#0"},
				"up": {"uv": [6.75, 6, 6.25, 5.75], "texture": "#0"},
				"down": {"uv": [6.75, 6, 6.25, 6.25], "texture": "#0"}
			}
		},
		{
			"from": [7, 15, 0],
			"to": [9, 17, 15],
			"faces": {
				"north": {"uv": [6, 3, 6.5, 3.5], "texture": "#0"},
				"east": {"uv": [3.5, 1, 7.25, 1.5], "texture": "#0"},
				"south": {"uv": [6, 3.5, 6.5, 4], "texture": "#0"},
				"west": {"uv": [3.5, 1.5, 7.25, 2], "texture": "#0"},
				"up": {"uv": [4, 5.75, 3.5, 2], "texture": "#0"},
				"down": {"uv": [4.5, 2, 4, 5.75], "texture": "#0"}
			}
		},
		{
			"from": [7.5, -3.5, 18],
			"to": [8.5, 3.2, 19],
			"rotation": {"angle": -45, "axis": "x", "origin": [0, 0, 0]},
			"faces": {
				"north": {"uv": [5.25, 3, 5.5, 4.75], "texture": "#0"},
				"east": {"uv": [5.25, 4.75, 5.5, 6.5], "texture": "#0"},
				"south": {"uv": [5.5, 3, 5.75, 4.75], "texture": "#0"},
				"west": {"uv": [5.5, 4.75, 5.75, 6.5], "texture": "#0"},
				"up": {"uv": [4.5, 6, 4.25, 5.75], "texture": "#0"},
				"down": {"uv": [4.5, 6, 4.25, 6.25], "texture": "#0"}
			}
		},
		{
			"from": [7, 14, 0],
			"to": [9, 15, 1],
			"faces": {
				"north": {"uv": [6, 4.5, 6.5, 4.75], "texture": "#0"},
				"east": {"uv": [6.5, 4, 6.75, 4.25], "texture": "#0"},
				"south": {"uv": [6.25, 0.5, 6.75, 0.75], "texture": "#0"},
				"west": {"uv": [4.25, 6.5, 4.5, 6.75], "texture": "#0"},
				"up": {"uv": [6.75, 1, 6.25, 0.75], "texture": "#0"},
				"down": {"uv": [6.75, 5.25, 6.25, 5.5], "texture": "#0"}
			}
		},
		{
			"from": [7, 5, 0],
			"to": [9, 7, 15],
			"faces": {
				"north": {"uv": [6, 4, 6.5, 4.5], "texture": "#0"},
				"east": {"uv": [4.5, 2, 8.25, 2.5], "texture": "#0"},
				"south": {"uv": [6.25, 0, 6.75, 0.5], "texture": "#0"},
				"west": {"uv": [4.5, 2.5, 8.25, 3], "texture": "#0"},
				"up": {"uv": [5, 6.75, 4.5, 3], "texture": "#0"},
				"down": {"uv": [3, 4.75, 2.5, 8.5], "texture": "#0"}
			}
		},
		{
			"from": [7.5, -10.5, 11],
			"to": [8.5, -3.5, 12],
			"rotation": {"angle": -45, "axis": "x", "origin": [0, 0, 0]},
			"faces": {
				"north": {"uv": [5.75, 3, 6, 4.75], "texture": "#0"},
				"east": {"uv": [3.5, 5.75, 3.75, 7.5], "texture": "#0"},
				"south": {"uv": [3.75, 5.75, 4, 7.5], "texture": "#0"},
				"west": {"uv": [4, 5.75, 4.25, 7.5], "texture": "#0"},
				"up": {"uv": [5.5, 6.75, 5.25, 6.5], "texture": "#0"},
				"down": {"uv": [5.75, 6.5, 5.5, 6.75], "texture": "#0"}
			}
		},
		{
			"from": [7, 4, 0],
			"to": [9, 5, 1],
			"faces": {
				"north": {"uv": [6.25, 6.25, 6.75, 6.5], "texture": "#0"},
				"east": {"uv": [5.75, 6.5, 6, 6.75], "texture": "#0"},
				"south": {"uv": [6.5, 3, 7, 3.25], "texture": "#0"},
				"west": {"uv": [6, 6.5, 6.25, 6.75], "texture": "#0"},
				"up": {"uv": [7, 3.5, 6.5, 3.25], "texture": "#0"},
				"down": {"uv": [7, 3.5, 6.5, 3.75], "texture": "#0"}
			}
		},
		{
			"name": "Board",
			"from": [6, 0, 15],
			"to": [10, 32, 16],
			"faces": {
				"north": {"uv": [0, 0, 1, 8], "texture": "#0"},
				"east": {"uv": [2, 0, 2.25, 8], "texture": "#0"},
				"south": {"uv": [1, 0, 2, 8], "texture": "#0"},
				"west": {"uv": [2.25, 0, 2.5, 8], "texture": "#0"},
				"up": {"uv": [6.75, 5, 5.75, 4.75], "texture": "#0"},
				"down": {"uv": [6.75, 5, 5.75, 5.25], "texture": "#0"}
			}
		},
		{
			"name": "horse_saddle_front",
			"from": [6.5, 8, 3],
			"to": [9.5, 9, 5],
			"faces": {
				"north": {"uv": [11, 0, 12.5, 0.5], "texture": "#1"},
				"east": {"uv": [1, 11, 2, 11.5], "texture": "#1"},
				"south": {"uv": [11, 0.5, 12.5, 1], "texture": "#1"},
				"west": {"uv": [11, 1, 12, 1.5], "texture": "#1"},
				"up": {"uv": [7.5, 9.5, 6, 8.5], "texture": "#1"},
				"down": {"uv": [9, 8.5, 7.5, 9.5], "texture": "#1"}
			}
		},
		{
			"name": "horse_saddle_bottom",
			"from": [4.5, 7, 3],
			"to": [11.5, 8, 11],
			"faces": {
				"north": {"uv": [8, 6.5, 11.5, 7], "texture": "#1"},
				"east": {"uv": [7, 3.5, 11, 4], "texture": "#1"},
				"south": {"uv": [8, 7, 11.5, 7.5], "texture": "#1"},
				"west": {"uv": [8, 4, 12, 4.5], "texture": "#1"},
				"up": {"uv": [3.5, 4, 0, 0], "texture": "#1"},
				"down": {"uv": [7, 0, 3.5, 4], "texture": "#1"}
			}
		},
		{
			"name": "horse_saddle_back",
			"from": [5.5, 8, 9],
			"to": [10.5, 9, 11],
			"faces": {
				"north": {"uv": [9, 7.5, 11.5, 8], "texture": "#1"},
				"east": {"uv": [11, 1.5, 12, 2], "texture": "#1"},
				"south": {"uv": [9, 8, 11.5, 8.5], "texture": "#1"},
				"west": {"uv": [2, 11, 3, 11.5], "texture": "#1"},
				"up": {"uv": [6.5, 8.5, 4, 7.5], "texture": "#1"},
				"down": {"uv": [9, 7.5, 6.5, 8.5], "texture": "#1"}
			}
		},
		{
			"name": "horse_left_saddle_rope",
			"from": [3.5, 2, 5.5],
			"to": [4.5, 7, 6.5],
			"faces": {
				"north": {"uv": [9, 8.5, 9.5, 11], "texture": "#1"},
				"east": {"uv": [6, 9.5, 6.5, 12], "texture": "#1"},
				"south": {"uv": [6.5, 9.5, 7, 12], "texture": "#1"},
				"west": {"uv": [7, 9.5, 7.5, 12], "texture": "#1"},
				"up": {"uv": [11.5, 11, 11, 10.5], "texture": "#1"},
				"down": {"uv": [11.5, 11, 11, 11.5], "texture": "#1"}
			}
		},
		{
			"name": "horse_left_saddle_metal",
			"from": [4, 0, 5],
			"to": [4.5, 2, 7],
			"faces": {
				"north": {"uv": [11, 2, 11.5, 3], "texture": "#1"},
				"east": {"uv": [10, 8.5, 11, 9.5], "texture": "#1"},
				"south": {"uv": [3, 11, 3.5, 12], "texture": "#1"},
				"west": {"uv": [10, 9.5, 11, 10.5], "texture": "#1"},
				"up": {"uv": [11.5, 4, 11, 3], "texture": "#1"},
				"down": {"uv": [4, 11, 3.5, 12], "texture": "#1"}
			}
		},
		{
			"name": "horse_right_saddle_rope",
			"from": [11.5, 2, 5.5],
			"to": [12, 7, 6.5],
			"faces": {
				"north": {"uv": [7.5, 9.5, 8, 12], "texture": "#1"},
				"east": {"uv": [8, 9.5, 8.5, 12], "texture": "#1"},
				"south": {"uv": [8.5, 9.5, 9, 12], "texture": "#1"},
				"west": {"uv": [9.5, 8.5, 10, 11], "texture": "#1"},
				"up": {"uv": [1.5, 12, 1, 11.5], "texture": "#1"},
				"down": {"uv": [2, 11.5, 1.5, 12], "texture": "#1"}
			}
		},
		{
			"name": "horse_right_saddle_metal",
			"from": [11.5, 0, 5],
			"to": [12, 2, 7],
			"faces": {
				"north": {"uv": [11, 8.5, 11.5, 9.5], "texture": "#1"},
				"east": {"uv": [10, 10.5, 11, 11.5], "texture": "#1"},
				"south": {"uv": [9, 11, 9.5, 12], "texture": "#1"},
				"west": {"uv": [0, 11, 1, 12], "texture": "#1"},
				"up": {"uv": [10, 12, 9.5, 11], "texture": "#1"},
				"down": {"uv": [11.5, 9.5, 11, 10.5], "texture": "#1"}
			}
		},
		{
			"from": [4.5, 0, 3],
			"to": [4.5, 7, 11],
			"faces": {
				"north": {"uv": [0, 0, 0, 3.5], "texture": "#1"},
				"east": {"uv": [0, 4, 4, 7.5], "texture": "#1"},
				"south": {"uv": [0, 0, 0, 3.5], "texture": "#1"},
				"west": {"uv": [4, 4, 8, 7.5], "texture": "#1"},
				"up": {"uv": [0, 4, 0, 0], "texture": "#1"},
				"down": {"uv": [0, 0, 0, 4], "texture": "#1"}
			}
		},
		{
			"from": [11.5, 0, 3],
			"to": [11.5, 7, 11],
			"faces": {
				"north": {"uv": [0, 0, 0, 3.5], "texture": "#1"},
				"east": {"uv": [7, 0, 11, 3.5], "texture": "#1"},
				"south": {"uv": [0, 0, 0, 3.5], "texture": "#1"},
				"west": {"uv": [0, 7.5, 4, 11], "texture": "#1"},
				"up": {"uv": [0, 4, 0, 0], "texture": "#1"},
				"down": {"uv": [0, 0, 0, 4], "texture": "#1"}
			}
		},
		{
			"from": [4.6, 6, 3],
			"to": [5.6, 7, 11],
			"faces": {
				"north": {"uv": [2, 11.5, 2.5, 12], "texture": "#1"},
				"east": {"uv": [8, 4.5, 12, 5], "texture": "#1"},
				"south": {"uv": [11.5, 2, 12, 2.5], "texture": "#1"},
				"west": {"uv": [8, 5, 12, 5.5], "texture": "#1"},
				"up": {"uv": [4.5, 12.5, 4, 8.5], "texture": "#1"},
				"down": {"uv": [5, 8.5, 4.5, 12.5], "texture": "#1"}
			}
		},
		{
			"from": [10.4, 6, 3],
			"to": [11.4, 7, 11],
			"faces": {
				"north": {"uv": [2.5, 11.5, 3, 12], "texture": "#1"},
				"east": {"uv": [8, 5.5, 12, 6], "texture": "#1"},
				"south": {"uv": [11.5, 2.5, 12, 3], "texture": "#1"},
				"west": {"uv": [8, 6, 12, 6.5], "texture": "#1"},
				"up": {"uv": [5.5, 12.5, 5, 8.5], "texture": "#1"},
				"down": {"uv": [6, 8.5, 5.5, 12.5], "texture": "#1"}
			}
		},
		{
			"from": [10.4, 16, 3],
			"to": [11.4, 17, 11],
			"faces": {
				"north": {"uv": [2.5, 11.5, 3, 12], "texture": "#1"},
				"east": {"uv": [8, 5.5, 12, 6], "texture": "#1"},
				"south": {"uv": [11.5, 2.5, 12, 3], "texture": "#1"},
				"west": {"uv": [8, 6, 12, 6.5], "texture": "#1"},
				"up": {"uv": [5.5, 12.5, 5, 8.5], "texture": "#1"},
				"down": {"uv": [6, 8.5, 5.5, 12.5], "texture": "#1"}
			}
		},
		{
			"from": [4.6, 16, 3],
			"to": [5.6, 17, 11],
			"faces": {
				"north": {"uv": [2, 11.5, 2.5, 12], "texture": "#1"},
				"east": {"uv": [8, 4.5, 12, 5], "texture": "#1"},
				"south": {"uv": [11.5, 2, 12, 2.5], "texture": "#1"},
				"west": {"uv": [8, 5, 12, 5.5], "texture": "#1"},
				"up": {"uv": [4.5, 12.5, 4, 8.5], "texture": "#1"},
				"down": {"uv": [5, 8.5, 4.5, 12.5], "texture": "#1"}
			}
		},
		{
			"from": [11.5, 10, 3],
			"to": [11.5, 17, 11],
			"faces": {
				"north": {"uv": [0, 0, 0, 3.5], "texture": "#1"},
				"east": {"uv": [7, 0, 11, 3.5], "texture": "#1"},
				"south": {"uv": [0, 0, 0, 3.5], "texture": "#1"},
				"west": {"uv": [0, 7.5, 4, 11], "texture": "#1"},
				"up": {"uv": [0, 4, 0, 0], "texture": "#1"},
				"down": {"uv": [0, 0, 0, 4], "texture": "#1"}
			}
		},
		{
			"from": [4.5, 10, 3],
			"to": [4.5, 17, 11],
			"faces": {
				"north": {"uv": [0, 0, 0, 3.5], "texture": "#1"},
				"east": {"uv": [0, 4, 4, 7.5], "texture": "#1"},
				"south": {"uv": [0, 0, 0, 3.5], "texture": "#1"},
				"west": {"uv": [4, 4, 8, 7.5], "texture": "#1"},
				"up": {"uv": [0, 4, 0, 0], "texture": "#1"},
				"down": {"uv": [0, 0, 0, 4], "texture": "#1"}
			}
		},
		{
			"name": "horse_right_saddle_metal",
			"from": [11.5, 10, 5],
			"to": [12, 12, 7],
			"faces": {
				"north": {"uv": [11, 8.5, 11.5, 9.5], "texture": "#1"},
				"east": {"uv": [10, 10.5, 11, 11.5], "texture": "#1"},
				"south": {"uv": [9, 11, 9.5, 12], "texture": "#1"},
				"west": {"uv": [0, 11, 1, 12], "texture": "#1"},
				"up": {"uv": [10, 12, 9.5, 11], "texture": "#1"},
				"down": {"uv": [11.5, 9.5, 11, 10.5], "texture": "#1"}
			}
		},
		{
			"name": "horse_right_saddle_rope",
			"from": [11.5, 12, 5.5],
			"to": [12, 17, 6.5],
			"faces": {
				"north": {"uv": [7.5, 9.5, 8, 12], "texture": "#1"},
				"east": {"uv": [8, 9.5, 8.5, 12], "texture": "#1"},
				"south": {"uv": [8.5, 9.5, 9, 12], "texture": "#1"},
				"west": {"uv": [9.5, 8.5, 10, 11], "texture": "#1"},
				"up": {"uv": [1.5, 12, 1, 11.5], "texture": "#1"},
				"down": {"uv": [2, 11.5, 1.5, 12], "texture": "#1"}
			}
		},
		{
			"name": "horse_left_saddle_metal",
			"from": [4, 10, 5],
			"to": [4.5, 12, 7],
			"faces": {
				"north": {"uv": [11, 2, 11.5, 3], "texture": "#1"},
				"east": {"uv": [10, 8.5, 11, 9.5], "texture": "#1"},
				"south": {"uv": [3, 11, 3.5, 12], "texture": "#1"},
				"west": {"uv": [10, 9.5, 11, 10.5], "texture": "#1"},
				"up": {"uv": [11.5, 4, 11, 3], "texture": "#1"},
				"down": {"uv": [4, 11, 3.5, 12], "texture": "#1"}
			}
		},
		{
			"name": "horse_left_saddle_rope",
			"from": [4, 12, 5.5],
			"to": [4.5, 17, 6.5],
			"faces": {
				"north": {"uv": [9, 8.5, 9.5, 11], "texture": "#1"},
				"east": {"uv": [6, 9.5, 6.5, 12], "texture": "#1"},
				"south": {"uv": [6.5, 9.5, 7, 12], "texture": "#1"},
				"west": {"uv": [7, 9.5, 7.5, 12], "texture": "#1"},
				"up": {"uv": [11.5, 11, 11, 10.5], "texture": "#1"},
				"down": {"uv": [11.5, 11, 11, 11.5], "texture": "#1"}
			}
		},
		{
			"name": "horse_saddle_back",
			"from": [5.5, 18, 9],
			"to": [10.5, 19, 11],
			"faces": {
				"north": {"uv": [9, 7.5, 11.5, 8], "texture": "#1"},
				"east": {"uv": [11, 1.5, 12, 2], "texture": "#1"},
				"south": {"uv": [9, 8, 11.5, 8.5], "texture": "#1"},
				"west": {"uv": [2, 11, 3, 11.5], "texture": "#1"},
				"up": {"uv": [6.5, 8.5, 4, 7.5], "texture": "#1"},
				"down": {"uv": [9, 7.5, 6.5, 8.5], "texture": "#1"}
			}
		},
		{
			"name": "horse_saddle_bottom",
			"from": [4.5, 17, 3],
			"to": [11.5, 18, 11],
			"faces": {
				"north": {"uv": [8, 6.5, 11.5, 7], "texture": "#1"},
				"east": {"uv": [7, 3.5, 11, 4], "texture": "#1"},
				"south": {"uv": [8, 7, 11.5, 7.5], "texture": "#1"},
				"west": {"uv": [8, 4, 12, 4.5], "texture": "#1"},
				"up": {"uv": [3.5, 4, 0, 0], "texture": "#1"},
				"down": {"uv": [7, 0, 3.5, 4], "texture": "#1"}
			}
		},
		{
			"name": "horse_saddle_front",
			"from": [6.5, 18, 3],
			"to": [9.5, 19, 5],
			"faces": {
				"north": {"uv": [11, 0, 12.5, 0.5], "texture": "#1"},
				"east": {"uv": [1, 11, 2, 11.5], "texture": "#1"},
				"south": {"uv": [11, 0.5, 12.5, 1], "texture": "#1"},
				"west": {"uv": [11, 1, 12, 1.5], "texture": "#1"},
				"up": {"uv": [7.5, 9.5, 6, 8.5], "texture": "#1"},
				"down": {"uv": [9, 8.5, 7.5, 9.5], "texture": "#1"}
			}
		},
		{
			"from": [10.4, 26, 3],
			"to": [11.4, 27, 11],
			"faces": {
				"north": {"uv": [2.5, 11.5, 3, 12], "texture": "#1"},
				"east": {"uv": [8, 5.5, 12, 6], "texture": "#1"},
				"south": {"uv": [11.5, 2.5, 12, 3], "texture": "#1"},
				"west": {"uv": [8, 6, 12, 6.5], "texture": "#1"},
				"up": {"uv": [5.5, 12.5, 5, 8.5], "texture": "#1"},
				"down": {"uv": [6, 8.5, 5.5, 12.5], "texture": "#1"}
			}
		},
		{
			"from": [4.6, 26, 3],
			"to": [5.6, 27, 11],
			"faces": {
				"north": {"uv": [2, 11.5, 2.5, 12], "texture": "#1"},
				"east": {"uv": [8, 4.5, 12, 5], "texture": "#1"},
				"south": {"uv": [11.5, 2, 12, 2.5], "texture": "#1"},
				"west": {"uv": [8, 5, 12, 5.5], "texture": "#1"},
				"up": {"uv": [4.5, 12.5, 4, 8.5], "texture": "#1"},
				"down": {"uv": [5, 8.5, 4.5, 12.5], "texture": "#1"}
			}
		},
		{
			"from": [11.5, 20, 3],
			"to": [11.5, 27, 11],
			"faces": {
				"north": {"uv": [0, 0, 0, 3.5], "texture": "#1"},
				"east": {"uv": [7, 0, 11, 3.5], "texture": "#1"},
				"south": {"uv": [0, 0, 0, 3.5], "texture": "#1"},
				"west": {"uv": [0, 7.5, 4, 11], "texture": "#1"},
				"up": {"uv": [0, 4, 0, 0], "texture": "#1"},
				"down": {"uv": [0, 0, 0, 4], "texture": "#1"}
			}
		},
		{
			"from": [4.5, 20, 3],
			"to": [4.5, 27, 11],
			"faces": {
				"north": {"uv": [0, 0, 0, 3.5], "texture": "#1"},
				"east": {"uv": [0, 4, 4, 7.5], "texture": "#1"},
				"south": {"uv": [0, 0, 0, 3.5], "texture": "#1"},
				"west": {"uv": [4, 4, 8, 7.5], "texture": "#1"},
				"up": {"uv": [0, 4, 0, 0], "texture": "#1"},
				"down": {"uv": [0, 0, 0, 4], "texture": "#1"}
			}
		},
		{
			"name": "horse_right_saddle_metal",
			"from": [11.5, 20, 5],
			"to": [12, 22, 7],
			"faces": {
				"north": {"uv": [11, 8.5, 11.5, 9.5], "texture": "#1"},
				"east": {"uv": [10, 10.5, 11, 11.5], "texture": "#1"},
				"south": {"uv": [9, 11, 9.5, 12], "texture": "#1"},
				"west": {"uv": [0, 11, 1, 12], "texture": "#1"},
				"up": {"uv": [10, 12, 9.5, 11], "texture": "#1"},
				"down": {"uv": [11.5, 9.5, 11, 10.5], "texture": "#1"}
			}
		},
		{
			"name": "horse_right_saddle_rope",
			"from": [11.5, 22, 5.5],
			"to": [12, 27, 6.5],
			"faces": {
				"north": {"uv": [7.5, 9.5, 8, 12], "texture": "#1"},
				"east": {"uv": [8, 9.5, 8.5, 12], "texture": "#1"},
				"south": {"uv": [8.5, 9.5, 9, 12], "texture": "#1"},
				"west": {"uv": [9.5, 8.5, 10, 11], "texture": "#1"},
				"up": {"uv": [1.5, 12, 1, 11.5], "texture": "#1"},
				"down": {"uv": [2, 11.5, 1.5, 12], "texture": "#1"}
			}
		},
		{
			"name": "horse_left_saddle_metal",
			"from": [4, 20, 5],
			"to": [4.5, 22, 7],
			"faces": {
				"north": {"uv": [11, 2, 11.5, 3], "texture": "#1"},
				"east": {"uv": [10, 8.5, 11, 9.5], "texture": "#1"},
				"south": {"uv": [3, 11, 3.5, 12], "texture": "#1"},
				"west": {"uv": [10, 9.5, 11, 10.5], "texture": "#1"},
				"up": {"uv": [11.5, 4, 11, 3], "texture": "#1"},
				"down": {"uv": [4, 11, 3.5, 12], "texture": "#1"}
			}
		},
		{
			"name": "horse_left_saddle_rope",
			"from": [4, 22, 5.5],
			"to": [4.5, 27, 6.5],
			"faces": {
				"north": {"uv": [9, 8.5, 9.5, 11], "texture": "#1"},
				"east": {"uv": [6, 9.5, 6.5, 12], "texture": "#1"},
				"south": {"uv": [6.5, 9.5, 7, 12], "texture": "#1"},
				"west": {"uv": [7, 9.5, 7.5, 12], "texture": "#1"},
				"up": {"uv": [11.5, 11, 11, 10.5], "texture": "#1"},
				"down": {"uv": [11.5, 11, 11, 11.5], "texture": "#1"}
			}
		},
		{
			"name": "horse_saddle_back",
			"from": [5.5, 28, 9],
			"to": [10.5, 29, 11],
			"faces": {
				"north": {"uv": [9, 7.5, 11.5, 8], "texture": "#1"},
				"east": {"uv": [11, 1.5, 12, 2], "texture": "#1"},
				"south": {"uv": [9, 8, 11.5, 8.5], "texture": "#1"},
				"west": {"uv": [2, 11, 3, 11.5], "texture": "#1"},
				"up": {"uv": [6.5, 8.5, 4, 7.5], "texture": "#1"},
				"down": {"uv": [9, 7.5, 6.5, 8.5], "texture": "#1"}
			}
		},
		{
			"name": "horse_saddle_bottom",
			"from": [4.5, 27, 3],
			"to": [11.5, 28, 11],
			"faces": {
				"north": {"uv": [8, 6.5, 11.5, 7], "texture": "#1"},
				"east": {"uv": [7, 3.5, 11, 4], "texture": "#1"},
				"south": {"uv": [8, 7, 11.5, 7.5], "texture": "#1"},
				"west": {"uv": [8, 4, 12, 4.5], "texture": "#1"},
				"up": {"uv": [3.5, 4, 0, 0], "texture": "#1"},
				"down": {"uv": [7, 0, 3.5, 4], "texture": "#1"}
			}
		},
		{
			"name": "horse_saddle_front",
			"from": [6.5, 28, 3],
			"to": [9.5, 29, 5],
			"faces": {
				"north": {"uv": [11, 0, 12.5, 0.5], "texture": "#1"},
				"east": {"uv": [1, 11, 2, 11.5], "texture": "#1"},
				"south": {"uv": [11, 0.5, 12.5, 1], "texture": "#1"},
				"west": {"uv": [11, 1, 12, 1.5], "texture": "#1"},
				"up": {"uv": [7.5, 9.5, 6, 8.5], "texture": "#1"},
				"down": {"uv": [9, 8.5, 7.5, 9.5], "texture": "#1"}
			}
		}
	],
	"display": {
		"thirdperson_righthand": {
			"scale": [0.3, 0.3, 0.3]
		},
		"thirdperson_lefthand": {
			"scale": [0.3, 0.3, 0.3]
		},
		"firstperson_righthand": {
			"scale": [0.3, 0.3, 0.3]
		},
		"firstperson_lefthand": {
			"scale": [0.3, 0.3, 0.3]
		},
		"gui": {
			"rotation": [0, 90, 0],
			"translation": [0, -4, 0],
			"scale": [0.5, 0.5, 0.5]
		},
		"fixed": {
			"translation": [0, 0, -15],
			"scale": [2, 2, 2]
		}
	},
	"groups": [
		{
			"name": "Rack3",
			"origin": [8, 8, 8],
			"color": 0,
			"children": [0, 1, 2]
		},
		{
			"name": "Rack2",
			"origin": [8, 8, 8],
			"color": 0,
			"children": [3, 4, 5]
		},
		{
			"name": "Rack1",
			"origin": [0, 0, 0],
			"color": 0,
			"children": [6, 7, 8]
		},
		9,
		10,
		11,
		12,
		13,
		14,
		15,
		16,
		17,
		18,
		19,
		20,
		21,
		22,
		23,
		24,
		25,
		26,
		27,
		28,
		29,
		30,
		31,
		32,
		33,
		34,
		35,
		36,
		37,
		38,
		39,
		40,
		41,
		42
	]
}