{
	"credit": "Made with Blockbench",
	"texture_size": [256, 256],
	"textures": {
		"4": "block/Saddle Pad Hanger Colors/saddle_pad_hanger_gray"
	},
	"elements": [
		{
			"from": [28.5, 2, 15],
			"to": [29.5, 28, 16],
			"rotation": {"angle": 0, "axis": "y", "origin": [-2.5, 0, 0]},
			"faces": {
				"north": {"uv": [5.6875, 0.8125, 5.75, 2.4375], "texture": "#4"},
				"east": {"uv": [5.6875, 2.4375, 5.75, 4.0625], "texture": "#4"},
				"south": {"uv": [3.375, 5.6875, 3.4375, 7.3125], "texture": "#4"},
				"west": {"uv": [3.4375, 5.6875, 3.5, 7.3125], "texture": "#4"},
				"up": {"uv": [5.875, 2.5, 5.8125, 2.4375], "texture": "#4"},
				"down": {"uv": [5.9375, 2.4375, 5.875, 2.5], "texture": "#4"}
			}
		},
		{
			"from": [-13.5, 2, 15],
			"to": [-12.5, 28, 16],
			"rotation": {"angle": 0, "axis": "y", "origin": [-2.5, 0, 0]},
			"faces": {
				"north": {"uv": [3.5, 5.6875, 3.5625, 7.3125], "texture": "#4"},
				"east": {"uv": [3.5625, 5.6875, 3.625, 7.3125], "texture": "#4"},
				"south": {"uv": [3.625, 5.6875, 3.6875, 7.3125], "texture": "#4"},
				"west": {"uv": [3.6875, 5.6875, 3.75, 7.3125], "texture": "#4"},
				"up": {"uv": [5.9375, 3.375, 5.875, 3.3125], "texture": "#4"},
				"down": {"uv": [5.9375, 4.9375, 5.875, 5], "texture": "#4"}
			}
		},
		{
			"from": [-12.5, 27, 15],
			"to": [28.5, 28, 16],
			"rotation": {"angle": 0, "axis": "z", "origin": [-2.5, 0, 0]},
			"faces": {
				"north": {"uv": [0.8125, 5.625, 3.375, 5.6875], "texture": "#4"},
				"east": {"uv": [5.9375, 1.5625, 6, 1.625], "texture": "#4"},
				"south": {"uv": [3.375, 5.625, 5.9375, 5.6875], "texture": "#4"},
				"west": {"uv": [5.9375, 2.4375, 6, 2.5], "texture": "#4"},
				"up": {"uv": [8.25, 0.0625, 5.6875, 0], "texture": "#4"},
				"down": {"uv": [8.25, 0.0625, 5.6875, 0.125], "texture": "#4"}
			}
		},
		{
			"from": [-12.5, 2, 15],
			"to": [28.5, 3, 16],
			"rotation": {"angle": 0, "axis": "z", "origin": [-2.5, 0, 0]},
			"faces": {
				"north": {"uv": [5.6875, 0.125, 8.25, 0.1875], "texture": "#4"},
				"east": {"uv": [5.9375, 3.3125, 6, 3.375], "texture": "#4"},
				"south": {"uv": [5.6875, 0.1875, 8.25, 0.25], "texture": "#4"},
				"west": {"uv": [5.9375, 4.9375, 6, 5], "texture": "#4"},
				"up": {"uv": [8.25, 0.3125, 5.6875, 0.25], "texture": "#4"},
				"down": {"uv": [8.25, 0.3125, 5.6875, 0.375], "texture": "#4"}
			}
		},
		{
			"from": [-12.5, 2, 6],
			"to": [28.5, 3, 7],
			"rotation": {"angle": 0, "axis": "z", "origin": [-2.5, 0, 0]},
			"faces": {
				"north": {"uv": [5.6875, 0.375, 8.25, 0.4375], "texture": "#4"},
				"east": {"uv": [6, 1.5625, 6.0625, 1.625], "texture": "#4"},
				"south": {"uv": [5.6875, 0.4375, 8.25, 0.5], "texture": "#4"},
				"west": {"uv": [6, 2.4375, 6.0625, 2.5], "texture": "#4"},
				"up": {"uv": [8.25, 0.5625, 5.6875, 0.5], "texture": "#4"},
				"down": {"uv": [8.25, 0.5625, 5.6875, 0.625], "texture": "#4"}
			}
		},
		{
			"from": [-13.5, 2, 2],
			"to": [-12.5, 3, 15],
			"rotation": {"angle": 0, "axis": "y", "origin": [-2.5, 0, 0]},
			"faces": {
				"north": {"uv": [6, 3.3125, 6.0625, 3.375], "texture": "#4"},
				"east": {"uv": [5.6875, 4.0625, 6.5, 4.125], "texture": "#4"},
				"south": {"uv": [6, 4.9375, 6.0625, 5], "texture": "#4"},
				"west": {"uv": [5.6875, 4.125, 6.5, 4.1875], "texture": "#4"},
				"up": {"uv": [5.75, 5, 5.6875, 4.1875], "texture": "#4"},
				"down": {"uv": [4.3125, 5.6875, 4.25, 6.5], "texture": "#4"}
			}
		},
		{
			"from": [28.5, 2, 2],
			"to": [29.5, 3, 15],
			"rotation": {"angle": 0, "axis": "y", "origin": [-2.5, 0, 0]},
			"faces": {
				"north": {"uv": [6.0625, 1.5625, 6.125, 1.625], "texture": "#4"},
				"east": {"uv": [4.3125, 5.6875, 5.125, 5.75], "texture": "#4"},
				"south": {"uv": [6.0625, 2.4375, 6.125, 2.5], "texture": "#4"},
				"west": {"uv": [5.6875, 5, 6.5, 5.0625], "texture": "#4"},
				"up": {"uv": [5.1875, 6.5, 5.125, 5.6875], "texture": "#4"},
				"down": {"uv": [5.25, 5.6875, 5.1875, 6.5], "texture": "#4"}
			}
		},
		{
			"from": [-12.5, 14.025, 15],
			"to": [28.5, 15.025, 16],
			"rotation": {"angle": 0, "axis": "z", "origin": [-2.5, 0, 0]},
			"faces": {
				"north": {"uv": [5.6875, 0.625, 8.25, 0.6875], "texture": "#4"},
				"east": {"uv": [6.0625, 3.3125, 6.125, 3.375], "texture": "#4"},
				"south": {"uv": [5.6875, 0.6875, 8.25, 0.75], "texture": "#4"},
				"west": {"uv": [6.0625, 4.1875, 6.125, 4.25], "texture": "#4"},
				"up": {"uv": [8.25, 0.8125, 5.6875, 0.75], "texture": "#4"},
				"down": {"uv": [3.375, 5.6875, 0.8125, 5.75], "texture": "#4"}
			}
		},
		{
			"from": [28.5, 0, 2],
			"to": [29.5, 2, 3],
			"rotation": {"angle": 0, "axis": "y", "origin": [-2.5, 0, 0]},
			"faces": {
				"north": {"uv": [6, 6, 6.0625, 6.125], "texture": "#4"},
				"east": {"uv": [6.0625, 0.8125, 6.125, 0.9375], "texture": "#4"},
				"south": {"uv": [6.0625, 0.9375, 6.125, 1.0625], "texture": "#4"},
				"west": {"uv": [6.0625, 1.0625, 6.125, 1.1875], "texture": "#4"},
				"up": {"uv": [6.125, 4.3125, 6.0625, 4.25], "texture": "#4"},
				"down": {"uv": [6.125, 4.3125, 6.0625, 4.375], "texture": "#4"}
			}
		},
		{
			"from": [28.5, 0, 15],
			"to": [29.5, 2, 16],
			"rotation": {"angle": 0, "axis": "y", "origin": [-2.5, 0, 0]},
			"faces": {
				"north": {"uv": [6.0625, 1.1875, 6.125, 1.3125], "texture": "#4"},
				"east": {"uv": [6.0625, 1.3125, 6.125, 1.4375], "texture": "#4"},
				"south": {"uv": [6.0625, 1.4375, 6.125, 1.5625], "texture": "#4"},
				"west": {"uv": [6.0625, 2.0625, 6.125, 2.1875], "texture": "#4"},
				"up": {"uv": [6.125, 4.4375, 6.0625, 4.375], "texture": "#4"},
				"down": {"uv": [6.125, 4.4375, 6.0625, 4.5], "texture": "#4"}
			}
		},
		{
			"from": [-13.5, 0, 15],
			"to": [-12.5, 2, 16],
			"rotation": {"angle": 0, "axis": "y", "origin": [13.5, 0, 0]},
			"faces": {
				"north": {"uv": [6.0625, 2.1875, 6.125, 2.3125], "texture": "#4"},
				"east": {"uv": [6.0625, 2.3125, 6.125, 2.4375], "texture": "#4"},
				"south": {"uv": [6.0625, 2.5625, 6.125, 2.6875], "texture": "#4"},
				"west": {"uv": [6.0625, 2.6875, 6.125, 2.8125], "texture": "#4"},
				"up": {"uv": [6.125, 4.5625, 6.0625, 4.5], "texture": "#4"},
				"down": {"uv": [6.125, 4.5625, 6.0625, 4.625], "texture": "#4"}
			}
		},
		{
			"from": [-13.5, 0, 2],
			"to": [-12.5, 2, 3],
			"rotation": {"angle": 0, "axis": "y", "origin": [13.5, 0, 0]},
			"faces": {
				"north": {"uv": [6.0625, 2.8125, 6.125, 2.9375], "texture": "#4"},
				"east": {"uv": [6.0625, 2.9375, 6.125, 3.0625], "texture": "#4"},
				"south": {"uv": [6.0625, 3.0625, 6.125, 3.1875], "texture": "#4"},
				"west": {"uv": [6.0625, 3.1875, 6.125, 3.3125], "texture": "#4"},
				"up": {"uv": [6.125, 4.6875, 6.0625, 4.625], "texture": "#4"},
				"down": {"uv": [6.125, 4.6875, 6.0625, 4.75], "texture": "#4"}
			}
		},
		{
			"from": [28.04163, 17.0061, 15.1],
			"to": [29.04163, 23.2061, 15.9],
			"rotation": {"angle": 45, "axis": "z", "origin": [21.54163, 20.5061, 16]},
			"faces": {
				"north": {"uv": [5.8125, 2.0625, 5.875, 2.4375], "texture": "#4"},
				"east": {"uv": [2, 5.875, 2.0625, 6.25], "texture": "#4"},
				"south": {"uv": [2.0625, 5.875, 2.125, 6.25], "texture": "#4"},
				"west": {"uv": [5.875, 2.0625, 5.9375, 2.4375], "texture": "#4"},
				"up": {"uv": [6.125, 4.8125, 6.0625, 4.75], "texture": "#4"},
				"down": {"uv": [6.125, 4.8125, 6.0625, 4.875], "texture": "#4"}
			}
		},
		{
			"from": [-13.04163, 17.0061, 15.1],
			"to": [-12.04163, 23.2061, 15.9],
			"rotation": {"angle": -45, "axis": "z", "origin": [-5.54163, 20.5061, 16]},
			"faces": {
				"north": {"uv": [2.125, 5.875, 2.1875, 6.25], "texture": "#4"},
				"east": {"uv": [2.1875, 5.875, 2.25, 6.25], "texture": "#4"},
				"south": {"uv": [2.25, 5.875, 2.3125, 6.25], "texture": "#4"},
				"west": {"uv": [2.3125, 5.875, 2.375, 6.25], "texture": "#4"},
				"up": {"uv": [6.125, 4.9375, 6.0625, 4.875], "texture": "#4"},
				"down": {"uv": [6.125, 4.9375, 6.0625, 5], "texture": "#4"}
			}
		},
		{
			"from": [28.04163, 6.7939, 15.1],
			"to": [29.04163, 12.9939, 15.9],
			"rotation": {"angle": -45, "axis": "z", "origin": [21.54163, 9.4939, 16]},
			"faces": {
				"north": {"uv": [2.375, 5.875, 2.4375, 6.25], "texture": "#4"},
				"east": {"uv": [2.4375, 5.875, 2.5, 6.25], "texture": "#4"},
				"south": {"uv": [5.875, 2.5625, 5.9375, 2.9375], "texture": "#4"},
				"west": {"uv": [5.875, 2.9375, 5.9375, 3.3125], "texture": "#4"},
				"up": {"uv": [6.125, 5.6875, 6.0625, 5.625], "texture": "#4"},
				"down": {"uv": [6.125, 5.6875, 6.0625, 5.75], "texture": "#4"}
			}
		},
		{
			"from": [-13.04163, 6.7939, 15.1],
			"to": [-12.04163, 12.9939, 15.9],
			"rotation": {"angle": 45, "axis": "z", "origin": [-5.54163, 9.4939, 16]},
			"faces": {
				"north": {"uv": [5.875, 4.1875, 5.9375, 4.5625], "texture": "#4"},
				"east": {"uv": [5.875, 4.5625, 5.9375, 4.9375], "texture": "#4"},
				"south": {"uv": [5.875, 5.6875, 5.9375, 6.0625], "texture": "#4"},
				"west": {"uv": [5.9375, 0.8125, 6, 1.1875], "texture": "#4"},
				"up": {"uv": [6.125, 5.8125, 6.0625, 5.75], "texture": "#4"},
				"down": {"uv": [6.125, 5.8125, 6.0625, 5.875], "texture": "#4"}
			}
		},
		{
			"from": [28.04163, 18.7939, 15.1],
			"to": [29.04163, 24.9939, 15.9],
			"rotation": {"angle": -45, "axis": "z", "origin": [21.54163, 21.4939, 16]},
			"faces": {
				"north": {"uv": [5.9375, 1.1875, 6, 1.5625], "texture": "#4"},
				"east": {"uv": [5.9375, 2.0625, 6, 2.4375], "texture": "#4"},
				"south": {"uv": [5.9375, 2.5625, 6, 2.9375], "texture": "#4"},
				"west": {"uv": [5.9375, 2.9375, 6, 3.3125], "texture": "#4"},
				"up": {"uv": [5.9375, 6.125, 5.875, 6.0625], "texture": "#4"},
				"down": {"uv": [6.125, 5.875, 6.0625, 5.9375], "texture": "#4"}
			}
		},
		{
			"from": [-13.04163, 18.7939, 15.1],
			"to": [-12.04163, 24.9939, 15.9],
			"rotation": {"angle": 45, "axis": "z", "origin": [-5.54163, 21.4939, 16]},
			"faces": {
				"north": {"uv": [5.9375, 4.1875, 6, 4.5625], "texture": "#4"},
				"east": {"uv": [5.9375, 4.5625, 6, 4.9375], "texture": "#4"},
				"south": {"uv": [5.9375, 5.625, 6, 6], "texture": "#4"},
				"west": {"uv": [6, 0.8125, 6.0625, 1.1875], "texture": "#4"},
				"up": {"uv": [6.125, 6, 6.0625, 5.9375], "texture": "#4"},
				"down": {"uv": [6.125, 6, 6.0625, 6.0625], "texture": "#4"}
			}
		},
		{
			"from": [-13.04163, 4.0061, 15.1],
			"to": [-12.04163, 10.2061, 15.9],
			"rotation": {"angle": -45, "axis": "z", "origin": [-5.54163, 7.5061, 16]},
			"faces": {
				"north": {"uv": [6, 1.1875, 6.0625, 1.5625], "texture": "#4"},
				"east": {"uv": [6, 2.0625, 6.0625, 2.4375], "texture": "#4"},
				"south": {"uv": [6, 2.5625, 6.0625, 2.9375], "texture": "#4"},
				"west": {"uv": [6, 2.9375, 6.0625, 3.3125], "texture": "#4"},
				"up": {"uv": [6.125, 6.125, 6.0625, 6.0625], "texture": "#4"},
				"down": {"uv": [6.1875, 0.8125, 6.125, 0.875], "texture": "#4"}
			}
		},
		{
			"from": [28.04163, 4.0061, 15.1],
			"to": [29.04163, 10.2061, 15.9],
			"rotation": {"angle": 45, "axis": "z", "origin": [21.54163, 7.5061, 16]},
			"faces": {
				"north": {"uv": [6, 4.1875, 6.0625, 4.5625], "texture": "#4"},
				"east": {"uv": [6, 4.5625, 6.0625, 4.9375], "texture": "#4"},
				"south": {"uv": [6, 5.625, 6.0625, 6], "texture": "#4"},
				"west": {"uv": [5.9375, 6, 6, 6.375], "texture": "#4"},
				"up": {"uv": [6.1875, 0.9375, 6.125, 0.875], "texture": "#4"},
				"down": {"uv": [6.1875, 0.9375, 6.125, 1], "texture": "#4"}
			}
		},
		{
			"from": [7.5, 2, 15],
			"to": [8.5, 28, 16],
			"rotation": {"angle": 0, "axis": "y", "origin": [-2.5, 0, 0]},
			"faces": {
				"north": {"uv": [3.75, 5.6875, 3.8125, 7.3125], "texture": "#4"},
				"east": {"uv": [3.8125, 5.6875, 3.875, 7.3125], "texture": "#4"},
				"south": {"uv": [3.875, 5.6875, 3.9375, 7.3125], "texture": "#4"},
				"west": {"uv": [3.9375, 5.6875, 4, 7.3125], "texture": "#4"},
				"up": {"uv": [6.1875, 1.0625, 6.125, 1], "texture": "#4"},
				"down": {"uv": [6.1875, 1.0625, 6.125, 1.125], "texture": "#4"}
			}
		},
		{
			"from": [24.65, 14, 2],
			"to": [25.65, 15, 15],
			"rotation": {"angle": 0, "axis": "y", "origin": [-2.5, 0, 0]},
			"faces": {
				"north": {"uv": [6.125, 1.25, 6.1875, 1.3125], "texture": "#4"},
				"east": {"uv": [5.6875, 5.0625, 6.5, 5.125], "texture": "#4"},
				"south": {"uv": [6.125, 1.3125, 6.1875, 1.375], "texture": "#4"},
				"west": {"uv": [5.6875, 5.125, 6.5, 5.1875], "texture": "#4"},
				"up": {"uv": [5.3125, 6.5, 5.25, 5.6875], "texture": "#4"},
				"down": {"uv": [5.375, 5.6875, 5.3125, 6.5], "texture": "#4"}
			}
		},
		{
			"from": [5.25, 14, 2],
			"to": [6.25, 15, 15],
			"rotation": {"angle": 0, "axis": "y", "origin": [-2.5, 0, 0]},
			"faces": {
				"north": {"uv": [6.125, 1.375, 6.1875, 1.4375], "texture": "#4"},
				"east": {"uv": [5.6875, 5.1875, 6.5, 5.25], "texture": "#4"},
				"south": {"uv": [6.125, 1.4375, 6.1875, 1.5], "texture": "#4"},
				"west": {"uv": [5.6875, 5.25, 6.5, 5.3125], "texture": "#4"},
				"up": {"uv": [5.4375, 6.5, 5.375, 5.6875], "texture": "#4"},
				"down": {"uv": [5.5, 5.6875, 5.4375, 6.5], "texture": "#4"}
			}
		},
		{
			"from": [14.75, 14, 2],
			"to": [15.75, 15, 15],
			"rotation": {"angle": 0, "axis": "y", "origin": [-2.5, 0, 0]},
			"faces": {
				"north": {"uv": [6.125, 1.5, 6.1875, 1.5625], "texture": "#4"},
				"east": {"uv": [5.6875, 5.3125, 6.5, 5.375], "texture": "#4"},
				"south": {"uv": [6.125, 1.5625, 6.1875, 1.625], "texture": "#4"},
				"west": {"uv": [5.6875, 5.375, 6.5, 5.4375], "texture": "#4"},
				"up": {"uv": [5.5625, 6.5, 5.5, 5.6875], "texture": "#4"},
				"down": {"uv": [5.625, 5.6875, 5.5625, 6.5], "texture": "#4"}
			}
		},
		{
			"from": [-4.25, 14, 2],
			"to": [-3.25, 15, 15],
			"rotation": {"angle": 0, "axis": "y", "origin": [13.5, 0, 0]},
			"faces": {
				"north": {"uv": [6.125, 2.0625, 6.1875, 2.125], "texture": "#4"},
				"east": {"uv": [5.6875, 5.4375, 6.5, 5.5], "texture": "#4"},
				"south": {"uv": [6.125, 2.125, 6.1875, 2.1875], "texture": "#4"},
				"west": {"uv": [5.6875, 5.5, 6.5, 5.5625], "texture": "#4"},
				"up": {"uv": [5.6875, 6.5, 5.625, 5.6875], "texture": "#4"},
				"down": {"uv": [5.75, 5.6875, 5.6875, 6.5], "texture": "#4"}
			}
		},
		{
			"from": [-4.25, 27, 2],
			"to": [-3.25, 28, 15],
			"rotation": {"angle": 0, "axis": "y", "origin": [13.5, 0, 0]},
			"faces": {
				"north": {"uv": [6.125, 2.1875, 6.1875, 2.25], "texture": "#4"},
				"east": {"uv": [5.6875, 5.5625, 6.5, 5.625], "texture": "#4"},
				"south": {"uv": [6.125, 2.25, 6.1875, 2.3125], "texture": "#4"},
				"west": {"uv": [0.8125, 5.75, 1.625, 5.8125], "texture": "#4"},
				"up": {"uv": [5.8125, 1.625, 5.75, 0.8125], "texture": "#4"},
				"down": {"uv": [1.6875, 5.75, 1.625, 6.5625], "texture": "#4"}
			}
		},
		{
			"from": [5.25, 27, 2],
			"to": [6.25, 28, 15],
			"rotation": {"angle": 0, "axis": "y", "origin": [-2.5, 0, 0]},
			"faces": {
				"north": {"uv": [6.125, 2.3125, 6.1875, 2.375], "texture": "#4"},
				"east": {"uv": [5.75, 1.625, 6.5625, 1.6875], "texture": "#4"},
				"south": {"uv": [6.125, 2.375, 6.1875, 2.4375], "texture": "#4"},
				"west": {"uv": [1.6875, 5.75, 2.5, 5.8125], "texture": "#4"},
				"up": {"uv": [5.8125, 2.5, 5.75, 1.6875], "texture": "#4"},
				"down": {"uv": [2.5625, 5.75, 2.5, 6.5625], "texture": "#4"}
			}
		},
		{
			"from": [14.75, 27, 2],
			"to": [15.75, 28, 15],
			"rotation": {"angle": 0, "axis": "y", "origin": [-2.5, 0, 0]},
			"faces": {
				"north": {"uv": [6.125, 2.4375, 6.1875, 2.5], "texture": "#4"},
				"east": {"uv": [5.75, 2.5, 6.5625, 2.5625], "texture": "#4"},
				"south": {"uv": [6.125, 2.5625, 6.1875, 2.625], "texture": "#4"},
				"west": {"uv": [2.5625, 5.75, 3.375, 5.8125], "texture": "#4"},
				"up": {"uv": [5.8125, 3.375, 5.75, 2.5625], "texture": "#4"},
				"down": {"uv": [5.8125, 4.1875, 5.75, 5], "texture": "#4"}
			}
		},
		{
			"from": [24.65, 27, 2],
			"to": [25.65, 28, 15],
			"rotation": {"angle": 0, "axis": "y", "origin": [-2.5, 0, 0]},
			"faces": {
				"north": {"uv": [6.125, 2.625, 6.1875, 2.6875], "texture": "#4"},
				"east": {"uv": [5.75, 3.375, 6.5625, 3.4375], "texture": "#4"},
				"south": {"uv": [6.125, 2.6875, 6.1875, 2.75], "texture": "#4"},
				"west": {"uv": [5.75, 3.4375, 6.5625, 3.5], "texture": "#4"},
				"up": {"uv": [4.375, 6.5625, 4.3125, 5.75], "texture": "#4"},
				"down": {"uv": [4.4375, 5.75, 4.375, 6.5625], "texture": "#4"}
			}
		},
		{
			"from": [19.65, 14, 2],
			"to": [20.65, 15, 15],
			"rotation": {"angle": 0, "axis": "y", "origin": [-2.5, 0, 0]},
			"faces": {
				"north": {"uv": [6.125, 2.75, 6.1875, 2.8125], "texture": "#4"},
				"east": {"uv": [5.75, 3.5, 6.5625, 3.5625], "texture": "#4"},
				"south": {"uv": [6.125, 2.8125, 6.1875, 2.875], "texture": "#4"},
				"west": {"uv": [5.75, 3.5625, 6.5625, 3.625], "texture": "#4"},
				"up": {"uv": [1.0625, 6.625, 1, 5.8125], "texture": "#4"},
				"down": {"uv": [1.125, 5.8125, 1.0625, 6.625], "texture": "#4"}
			}
		},
		{
			"from": [0.25, 14, 2],
			"to": [1.25, 15, 15],
			"rotation": {"angle": 0, "axis": "y", "origin": [-2.5, 0, 0]},
			"faces": {
				"north": {"uv": [6.125, 2.875, 6.1875, 2.9375], "texture": "#4"},
				"east": {"uv": [5.75, 3.625, 6.5625, 3.6875], "texture": "#4"},
				"south": {"uv": [6.125, 2.9375, 6.1875, 3], "texture": "#4"},
				"west": {"uv": [5.75, 3.6875, 6.5625, 3.75], "texture": "#4"},
				"up": {"uv": [1.1875, 6.625, 1.125, 5.8125], "texture": "#4"},
				"down": {"uv": [1.25, 5.8125, 1.1875, 6.625], "texture": "#4"}
			}
		},
		{
			"from": [9.75, 14, 2],
			"to": [10.75, 15, 15],
			"rotation": {"angle": 0, "axis": "y", "origin": [-2.5, 0, 0]},
			"faces": {
				"north": {"uv": [6.125, 3, 6.1875, 3.0625], "texture": "#4"},
				"east": {"uv": [5.75, 3.75, 6.5625, 3.8125], "texture": "#4"},
				"south": {"uv": [6.125, 3.0625, 6.1875, 3.125], "texture": "#4"},
				"west": {"uv": [5.75, 3.8125, 6.5625, 3.875], "texture": "#4"},
				"up": {"uv": [1.3125, 6.625, 1.25, 5.8125], "texture": "#4"},
				"down": {"uv": [1.375, 5.8125, 1.3125, 6.625], "texture": "#4"}
			}
		},
		{
			"from": [-9.25, 14, 2],
			"to": [-8.25, 15, 15],
			"rotation": {"angle": 0, "axis": "y", "origin": [13.5, 0, 0]},
			"faces": {
				"north": {"uv": [6.125, 3.125, 6.1875, 3.1875], "texture": "#4"},
				"east": {"uv": [5.75, 3.875, 6.5625, 3.9375], "texture": "#4"},
				"south": {"uv": [6.125, 3.1875, 6.1875, 3.25], "texture": "#4"},
				"west": {"uv": [5.75, 3.9375, 6.5625, 4], "texture": "#4"},
				"up": {"uv": [1.4375, 6.625, 1.375, 5.8125], "texture": "#4"},
				"down": {"uv": [1.5, 5.8125, 1.4375, 6.625], "texture": "#4"}
			}
		},
		{
			"from": [-9.25, 27, 2],
			"to": [-8.25, 28, 15],
			"rotation": {"angle": 0, "axis": "y", "origin": [13.5, 0, 0]},
			"faces": {
				"north": {"uv": [6.125, 3.25, 6.1875, 3.3125], "texture": "#4"},
				"east": {"uv": [5.75, 4, 6.5625, 4.0625], "texture": "#4"},
				"south": {"uv": [6.125, 3.3125, 6.1875, 3.375], "texture": "#4"},
				"west": {"uv": [1.6875, 5.8125, 2.5, 5.875], "texture": "#4"},
				"up": {"uv": [1.5625, 6.625, 1.5, 5.8125], "texture": "#4"},
				"down": {"uv": [1.625, 5.8125, 1.5625, 6.625], "texture": "#4"}
			}
		},
		{
			"from": [0.25, 27, 2],
			"to": [1.25, 28, 15],
			"rotation": {"angle": 0, "axis": "y", "origin": [-2.5, 0, 0]},
			"faces": {
				"north": {"uv": [6.125, 4.1875, 6.1875, 4.25], "texture": "#4"},
				"east": {"uv": [5.8125, 1.6875, 6.625, 1.75], "texture": "#4"},
				"south": {"uv": [6.125, 4.25, 6.1875, 4.3125], "texture": "#4"},
				"west": {"uv": [5.8125, 1.75, 6.625, 1.8125], "texture": "#4"},
				"up": {"uv": [2.625, 6.625, 2.5625, 5.8125], "texture": "#4"},
				"down": {"uv": [5.875, 2.5625, 5.8125, 3.375], "texture": "#4"}
			}
		},
		{
			"from": [9.75, 27, 2],
			"to": [10.75, 28, 15],
			"rotation": {"angle": 0, "axis": "y", "origin": [-2.5, 0, 0]},
			"faces": {
				"north": {"uv": [6.125, 4.3125, 6.1875, 4.375], "texture": "#4"},
				"east": {"uv": [5.8125, 1.8125, 6.625, 1.875], "texture": "#4"},
				"south": {"uv": [6.125, 4.375, 6.1875, 4.4375], "texture": "#4"},
				"west": {"uv": [5.8125, 1.875, 6.625, 1.9375], "texture": "#4"},
				"up": {"uv": [2.6875, 6.625, 2.625, 5.8125], "texture": "#4"},
				"down": {"uv": [2.75, 5.8125, 2.6875, 6.625], "texture": "#4"}
			}
		},
		{
			"from": [19.65, 27, 2],
			"to": [20.65, 28, 15],
			"rotation": {"angle": 0, "axis": "y", "origin": [-2.5, 0, 0]},
			"faces": {
				"north": {"uv": [6.125, 4.4375, 6.1875, 4.5], "texture": "#4"},
				"east": {"uv": [5.8125, 1.9375, 6.625, 2], "texture": "#4"},
				"south": {"uv": [6.125, 4.5, 6.1875, 4.5625], "texture": "#4"},
				"west": {"uv": [5.8125, 2, 6.625, 2.0625], "texture": "#4"},
				"up": {"uv": [2.8125, 6.625, 2.75, 5.8125], "texture": "#4"},
				"down": {"uv": [2.875, 5.8125, 2.8125, 6.625], "texture": "#4"}
			}
		},
		{
			"from": [24.625, 5.05, 2],
			"to": [24.625, 15.05, 15],
			"faces": {
				"north": {"uv": [0, 0, 0, 0.625], "texture": "#4"},
				"east": {"uv": [0, 0, 0.8125, 0.625], "texture": "#4"},
				"south": {"uv": [0, 0, 0, 0.625], "texture": "#4"},
				"west": {"uv": [0, 0.625, 0.8125, 1.25], "texture": "#4"},
				"up": {"uv": [0, 0.8125, 0, 0], "texture": "#4"},
				"down": {"uv": [0, 0, 0, 0.8125], "texture": "#4"}
			}
		},
		{
			"from": [25.725, 5.05, 2],
			"to": [25.725, 15.05, 15],
			"faces": {
				"north": {"uv": [0, 0, 0, 0.625], "texture": "#4"},
				"east": {"uv": [0.8125, 0, 1.625, 0.625], "texture": "#4"},
				"south": {"uv": [0, 0, 0, 0.625], "texture": "#4"},
				"west": {"uv": [0.8125, 0.625, 1.625, 1.25], "texture": "#4"},
				"up": {"uv": [0, 0.8125, 0, 0], "texture": "#4"},
				"down": {"uv": [0, 0, 0, 0.8125], "texture": "#4"}
			}
		},
		{
			"from": [24.625, 15.05, 2],
			"to": [25.725, 15.05, 15],
			"faces": {
				"north": {"uv": [0, 0, 0.0625, 0], "texture": "#4"},
				"east": {"uv": [0, 0, 0.8125, 0], "texture": "#4"},
				"south": {"uv": [0, 0, 0.0625, 0], "texture": "#4"},
				"west": {"uv": [0, 0, 0.8125, 0], "texture": "#4"},
				"up": {"uv": [4.5, 6.5625, 4.4375, 5.75], "texture": "#4"},
				"down": {"uv": [4.5625, 5.75, 4.5, 6.5625], "texture": "#4"}
			}
		},
		{
			"from": [19.625, 5.05, 2],
			"to": [19.625, 15.05, 15],
			"faces": {
				"north": {"uv": [0, 0, 0, 0.625], "texture": "#4"},
				"east": {"uv": [1.625, 3.75, 2.4375, 4.375], "texture": "#4"},
				"south": {"uv": [0, 0, 0, 0.625], "texture": "#4"},
				"west": {"uv": [2.4375, 3.75, 3.25, 4.375], "texture": "#4"},
				"up": {"uv": [0, 0.8125, 0, 0], "texture": "#4"},
				"down": {"uv": [0, 0, 0, 0.8125], "texture": "#4"}
			}
		},
		{
			"from": [20.725, 5.05, 2],
			"to": [20.725, 15.05, 15],
			"faces": {
				"north": {"uv": [0, 0, 0, 0.625], "texture": "#4"},
				"east": {"uv": [3.25, 3.75, 4.0625, 4.375], "texture": "#4"},
				"south": {"uv": [0, 0, 0, 0.625], "texture": "#4"},
				"west": {"uv": [4.0625, 0, 4.875, 0.625], "texture": "#4"},
				"up": {"uv": [0, 0.8125, 0, 0], "texture": "#4"},
				"down": {"uv": [0, 0, 0, 0.8125], "texture": "#4"}
			}
		},
		{
			"from": [19.625, 15.05, 2],
			"to": [20.725, 15.05, 15],
			"faces": {
				"north": {"uv": [0, 0, 0.0625, 0], "texture": "#4"},
				"east": {"uv": [0, 0, 0.8125, 0], "texture": "#4"},
				"south": {"uv": [0, 0, 0.0625, 0], "texture": "#4"},
				"west": {"uv": [0, 0, 0.8125, 0], "texture": "#4"},
				"up": {"uv": [2.9375, 6.625, 2.875, 5.8125], "texture": "#4"},
				"down": {"uv": [3, 5.8125, 2.9375, 6.625], "texture": "#4"}
			}
		},
		{
			"from": [14.7, 15.05, 2],
			"to": [15.8, 15.05, 15],
			"faces": {
				"north": {"uv": [0, 0, 0.0625, 0], "texture": "#4"},
				"east": {"uv": [0, 0, 0.8125, 0], "texture": "#4"},
				"south": {"uv": [0, 0, 0.0625, 0], "texture": "#4"},
				"west": {"uv": [0, 0, 0.8125, 0], "texture": "#4"},
				"up": {"uv": [4.625, 6.5625, 4.5625, 5.75], "texture": "#4"},
				"down": {"uv": [4.6875, 5.75, 4.625, 6.5625], "texture": "#4"}
			}
		},
		{
			"from": [15.8, 5.05, 2],
			"to": [15.8, 15.05, 15],
			"faces": {
				"north": {"uv": [0, 0, 0, 0.625], "texture": "#4"},
				"east": {"uv": [0, 1.25, 0.8125, 1.875], "texture": "#4"},
				"south": {"uv": [0, 0, 0, 0.625], "texture": "#4"},
				"west": {"uv": [0.8125, 1.25, 1.625, 1.875], "texture": "#4"},
				"up": {"uv": [0, 0.8125, 0, 0], "texture": "#4"},
				"down": {"uv": [0, 0, 0, 0.8125], "texture": "#4"}
			}
		},
		{
			"from": [14.7, 5.05, 2],
			"to": [14.7, 15.05, 15],
			"faces": {
				"north": {"uv": [0, 0, 0, 0.625], "texture": "#4"},
				"east": {"uv": [1.625, 0, 2.4375, 0.625], "texture": "#4"},
				"south": {"uv": [0, 0, 0, 0.625], "texture": "#4"},
				"west": {"uv": [1.625, 0.625, 2.4375, 1.25], "texture": "#4"},
				"up": {"uv": [0, 0.8125, 0, 0], "texture": "#4"},
				"down": {"uv": [0, 0, 0, 0.8125], "texture": "#4"}
			}
		},
		{
			"from": [9.7, 15.05, 2],
			"to": [10.8, 15.05, 15],
			"faces": {
				"north": {"uv": [0, 0, 0.0625, 0], "texture": "#4"},
				"east": {"uv": [0, 0, 0.8125, 0], "texture": "#4"},
				"south": {"uv": [0, 0, 0.0625, 0], "texture": "#4"},
				"west": {"uv": [0, 0, 0.8125, 0], "texture": "#4"},
				"up": {"uv": [3.0625, 6.625, 3, 5.8125], "texture": "#4"},
				"down": {"uv": [3.125, 5.8125, 3.0625, 6.625], "texture": "#4"}
			}
		},
		{
			"from": [10.8, 5.05, 2],
			"to": [10.8, 15.05, 15],
			"faces": {
				"north": {"uv": [0, 0, 0, 0.625], "texture": "#4"},
				"east": {"uv": [4.0625, 0.625, 4.875, 1.25], "texture": "#4"},
				"south": {"uv": [0, 0, 0, 0.625], "texture": "#4"},
				"west": {"uv": [4.0625, 1.25, 4.875, 1.875], "texture": "#4"},
				"up": {"uv": [0, 0.8125, 0, 0], "texture": "#4"},
				"down": {"uv": [0, 0, 0, 0.8125], "texture": "#4"}
			}
		},
		{
			"from": [9.7, 5.05, 2],
			"to": [9.7, 15.05, 15],
			"faces": {
				"north": {"uv": [0, 0, 0, 0.625], "texture": "#4"},
				"east": {"uv": [4.0625, 1.875, 4.875, 2.5], "texture": "#4"},
				"south": {"uv": [0, 0, 0, 0.625], "texture": "#4"},
				"west": {"uv": [4.0625, 2.5, 4.875, 3.125], "texture": "#4"},
				"up": {"uv": [0, 0.8125, 0, 0], "texture": "#4"},
				"down": {"uv": [0, 0, 0, 0.8125], "texture": "#4"}
			}
		},
		{
			"from": [5.2, 15.025, 2],
			"to": [6.3, 15.025, 15],
			"faces": {
				"north": {"uv": [0, 0, 0.0625, 0], "texture": "#4"},
				"east": {"uv": [0, 0, 0.8125, 0], "texture": "#4"},
				"south": {"uv": [0, 0, 0.0625, 0], "texture": "#4"},
				"west": {"uv": [0, 0, 0.8125, 0], "texture": "#4"},
				"up": {"uv": [4.75, 6.5625, 4.6875, 5.75], "texture": "#4"},
				"down": {"uv": [4.8125, 5.75, 4.75, 6.5625], "texture": "#4"}
			}
		},
		{
			"from": [6.3, 5.025, 2],
			"to": [6.3, 15.025, 15],
			"faces": {
				"north": {"uv": [0, 0, 0, 0.625], "texture": "#4"},
				"east": {"uv": [1.625, 1.25, 2.4375, 1.875], "texture": "#4"},
				"south": {"uv": [0, 0, 0, 0.625], "texture": "#4"},
				"west": {"uv": [0, 1.875, 0.8125, 2.5], "texture": "#4"},
				"up": {"uv": [0, 0.8125, 0, 0], "texture": "#4"},
				"down": {"uv": [0, 0, 0, 0.8125], "texture": "#4"}
			}
		},
		{
			"from": [5.2, 5.025, 2],
			"to": [5.2, 15.025, 15],
			"faces": {
				"north": {"uv": [0, 0, 0, 0.625], "texture": "#4"},
				"east": {"uv": [0.8125, 1.875, 1.625, 2.5], "texture": "#4"},
				"south": {"uv": [0, 0, 0, 0.625], "texture": "#4"},
				"west": {"uv": [1.625, 1.875, 2.4375, 2.5], "texture": "#4"},
				"up": {"uv": [0, 0.8125, 0, 0], "texture": "#4"},
				"down": {"uv": [0, 0, 0, 0.8125], "texture": "#4"}
			}
		},
		{
			"from": [0.2, 15.025, 2],
			"to": [1.3, 15.025, 15],
			"faces": {
				"north": {"uv": [0, 0, 0.0625, 0], "texture": "#4"},
				"east": {"uv": [0, 0, 0.8125, 0], "texture": "#4"},
				"south": {"uv": [0, 0, 0.0625, 0], "texture": "#4"},
				"west": {"uv": [0, 0, 0.8125, 0], "texture": "#4"},
				"up": {"uv": [3.1875, 6.625, 3.125, 5.8125], "texture": "#4"},
				"down": {"uv": [3.25, 5.8125, 3.1875, 6.625], "texture": "#4"}
			}
		},
		{
			"from": [1.3, 5.025, 2],
			"to": [1.3, 15.025, 15],
			"faces": {
				"north": {"uv": [0, 0, 0, 0.625], "texture": "#4"},
				"east": {"uv": [4.0625, 3.125, 4.875, 3.75], "texture": "#4"},
				"south": {"uv": [0, 0, 0, 0.625], "texture": "#4"},
				"west": {"uv": [4.0625, 3.75, 4.875, 4.375], "texture": "#4"},
				"up": {"uv": [0, 0.8125, 0, 0], "texture": "#4"},
				"down": {"uv": [0, 0, 0, 0.8125], "texture": "#4"}
			}
		},
		{
			"from": [0.2, 5.025, 2],
			"to": [0.2, 15.025, 15],
			"faces": {
				"north": {"uv": [0, 0, 0, 0.625], "texture": "#4"},
				"east": {"uv": [0, 4.375, 0.8125, 5], "texture": "#4"},
				"south": {"uv": [0, 0, 0, 0.625], "texture": "#4"},
				"west": {"uv": [0.8125, 4.375, 1.625, 5], "texture": "#4"},
				"up": {"uv": [0, 0.8125, 0, 0], "texture": "#4"},
				"down": {"uv": [0, 0, 0, 0.8125], "texture": "#4"}
			}
		},
		{
			"from": [-3.2, 5.05, 2],
			"to": [-3.2, 15.05, 15],
			"rotation": {"angle": 0, "axis": "y", "origin": [16, 0, 0]},
			"faces": {
				"north": {"uv": [0, 0, 0, 0.625], "texture": "#4"},
				"east": {"uv": [2.4375, 0, 3.25, 0.625], "texture": "#4"},
				"south": {"uv": [0, 0, 0, 0.625], "texture": "#4"},
				"west": {"uv": [2.4375, 0.625, 3.25, 1.25], "texture": "#4"},
				"up": {"uv": [0, 0.8125, 0, 0], "texture": "#4"},
				"down": {"uv": [0, 0, 0, 0.8125], "texture": "#4"}
			}
		},
		{
			"from": [-4.3, 5.05, 2],
			"to": [-4.3, 15.05, 15],
			"rotation": {"angle": 0, "axis": "y", "origin": [16, 0, 0]},
			"faces": {
				"north": {"uv": [0, 0, 0, 0.625], "texture": "#4"},
				"east": {"uv": [2.4375, 1.25, 3.25, 1.875], "texture": "#4"},
				"south": {"uv": [0, 0, 0, 0.625], "texture": "#4"},
				"west": {"uv": [2.4375, 1.875, 3.25, 2.5], "texture": "#4"},
				"up": {"uv": [0, 0.8125, 0, 0], "texture": "#4"},
				"down": {"uv": [0, 0, 0, 0.8125], "texture": "#4"}
			}
		},
		{
			"from": [-4.3, 15.05, 2],
			"to": [-3.2, 15.05, 15],
			"rotation": {"angle": 0, "axis": "y", "origin": [16, 0, 0]},
			"faces": {
				"north": {"uv": [0, 0, 0.0625, 0], "texture": "#4"},
				"east": {"uv": [0, 0, 0.8125, 0], "texture": "#4"},
				"south": {"uv": [0, 0, 0.0625, 0], "texture": "#4"},
				"west": {"uv": [0, 0, 0.8125, 0], "texture": "#4"},
				"up": {"uv": [4.875, 6.5625, 4.8125, 5.75], "texture": "#4"},
				"down": {"uv": [4.9375, 5.75, 4.875, 6.5625], "texture": "#4"}
			}
		},
		{
			"from": [-8.2, 5.05, 2],
			"to": [-8.2, 15.05, 15],
			"rotation": {"angle": 0, "axis": "y", "origin": [16, 0, 0]},
			"faces": {
				"north": {"uv": [0, 0, 0, 0.625], "texture": "#4"},
				"east": {"uv": [1.625, 4.375, 2.4375, 5], "texture": "#4"},
				"south": {"uv": [0, 0, 0, 0.625], "texture": "#4"},
				"west": {"uv": [2.4375, 4.375, 3.25, 5], "texture": "#4"},
				"up": {"uv": [0, 0.8125, 0, 0], "texture": "#4"},
				"down": {"uv": [0, 0, 0, 0.8125], "texture": "#4"}
			}
		},
		{
			"from": [-9.3, 5.05, 2],
			"to": [-9.3, 15.05, 15],
			"rotation": {"angle": 0, "axis": "y", "origin": [16, 0, 0]},
			"faces": {
				"north": {"uv": [0, 0, 0, 0.625], "texture": "#4"},
				"east": {"uv": [3.25, 4.375, 4.0625, 5], "texture": "#4"},
				"south": {"uv": [0, 0, 0, 0.625], "texture": "#4"},
				"west": {"uv": [4.0625, 4.375, 4.875, 5], "texture": "#4"},
				"up": {"uv": [0, 0.8125, 0, 0], "texture": "#4"},
				"down": {"uv": [0, 0, 0, 0.8125], "texture": "#4"}
			}
		},
		{
			"from": [-9.3, 15.05, 2],
			"to": [-8.2, 15.05, 15],
			"rotation": {"angle": 0, "axis": "y", "origin": [16, 0, 0]},
			"faces": {
				"north": {"uv": [0, 0, 0.0625, 0], "texture": "#4"},
				"east": {"uv": [0, 0, 0.8125, 0], "texture": "#4"},
				"south": {"uv": [0, 0, 0.0625, 0], "texture": "#4"},
				"west": {"uv": [0, 0, 0.8125, 0], "texture": "#4"},
				"up": {"uv": [3.3125, 6.625, 3.25, 5.8125], "texture": "#4"},
				"down": {"uv": [3.375, 5.8125, 3.3125, 6.625], "texture": "#4"}
			}
		},
		{
			"from": [24.625, 28.075, 2],
			"to": [25.725, 28.075, 15],
			"faces": {
				"north": {"uv": [0, 0, 0.0625, 0], "texture": "#4"},
				"east": {"uv": [0, 0, 0.8125, 0], "texture": "#4"},
				"south": {"uv": [0, 0, 0.0625, 0], "texture": "#4"},
				"west": {"uv": [0, 0, 0.8125, 0], "texture": "#4"},
				"up": {"uv": [0.9375, 6.625, 0.875, 5.8125], "texture": "#4"},
				"down": {"uv": [1, 5.8125, 0.9375, 6.625], "texture": "#4"}
			}
		},
		{
			"from": [25.725, 18.075, 2],
			"to": [25.725, 28.075, 15],
			"faces": {
				"north": {"uv": [0, 0, 0, 0.625], "texture": "#4"},
				"east": {"uv": [3.25, 2.5, 4.0625, 3.125], "texture": "#4"},
				"south": {"uv": [0, 0, 0, 0.625], "texture": "#4"},
				"west": {"uv": [3.25, 3.125, 4.0625, 3.75], "texture": "#4"},
				"up": {"uv": [0, 0.8125, 0, 0], "texture": "#4"},
				"down": {"uv": [0, 0, 0, 0.8125], "texture": "#4"}
			}
		},
		{
			"from": [24.625, 18.075, 2],
			"to": [24.625, 28.075, 15],
			"faces": {
				"north": {"uv": [0, 0, 0, 0.625], "texture": "#4"},
				"east": {"uv": [0, 3.75, 0.8125, 4.375], "texture": "#4"},
				"south": {"uv": [0, 0, 0, 0.625], "texture": "#4"},
				"west": {"uv": [0.8125, 3.75, 1.625, 4.375], "texture": "#4"},
				"up": {"uv": [0, 0.8125, 0, 0], "texture": "#4"},
				"down": {"uv": [0, 0, 0, 0.8125], "texture": "#4"}
			}
		},
		{
			"from": [19.625, 28.075, 2],
			"to": [20.725, 28.075, 15],
			"faces": {
				"north": {"uv": [0, 0, 0.0625, 0], "texture": "#4"},
				"east": {"uv": [0, 0, 0.8125, 0], "texture": "#4"},
				"south": {"uv": [0, 0, 0.0625, 0], "texture": "#4"},
				"west": {"uv": [0, 0, 0.8125, 0], "texture": "#4"},
				"up": {"uv": [1.9375, 6.6875, 1.875, 5.875], "texture": "#4"},
				"down": {"uv": [2, 5.875, 1.9375, 6.6875], "texture": "#4"}
			}
		},
		{
			"from": [20.725, 18.075, 2],
			"to": [20.725, 28.075, 15],
			"faces": {
				"north": {"uv": [0, 0, 0, 0.625], "texture": "#4"},
				"east": {"uv": [3.25, 5, 4.0625, 5.625], "texture": "#4"},
				"south": {"uv": [0, 0, 0, 0.625], "texture": "#4"},
				"west": {"uv": [4.0625, 5, 4.875, 5.625], "texture": "#4"},
				"up": {"uv": [0, 0.8125, 0, 0], "texture": "#4"},
				"down": {"uv": [0, 0, 0, 0.8125], "texture": "#4"}
			}
		},
		{
			"from": [19.625, 18.075, 2],
			"to": [19.625, 28.075, 15],
			"faces": {
				"north": {"uv": [0, 0, 0, 0.625], "texture": "#4"},
				"east": {"uv": [4.875, 5, 5.6875, 5.625], "texture": "#4"},
				"south": {"uv": [0, 0, 0, 0.625], "texture": "#4"},
				"west": {"uv": [0, 5.625, 0.8125, 6.25], "texture": "#4"},
				"up": {"uv": [0, 0.8125, 0, 0], "texture": "#4"},
				"down": {"uv": [0, 0, 0, 0.8125], "texture": "#4"}
			}
		},
		{
			"from": [14.7, 18.075, 2],
			"to": [14.7, 28.075, 15],
			"faces": {
				"north": {"uv": [0, 0, 0, 0.625], "texture": "#4"},
				"east": {"uv": [3.25, 0, 4.0625, 0.625], "texture": "#4"},
				"south": {"uv": [0, 0, 0, 0.625], "texture": "#4"},
				"west": {"uv": [3.25, 0.625, 4.0625, 1.25], "texture": "#4"},
				"up": {"uv": [0, 0.8125, 0, 0], "texture": "#4"},
				"down": {"uv": [0, 0, 0, 0.8125], "texture": "#4"}
			}
		},
		{
			"from": [15.8, 18.075, 2],
			"to": [15.8, 28.075, 15],
			"faces": {
				"north": {"uv": [0, 0, 0, 0.625], "texture": "#4"},
				"east": {"uv": [3.25, 1.25, 4.0625, 1.875], "texture": "#4"},
				"south": {"uv": [0, 0, 0, 0.625], "texture": "#4"},
				"west": {"uv": [3.25, 1.875, 4.0625, 2.5], "texture": "#4"},
				"up": {"uv": [0, 0.8125, 0, 0], "texture": "#4"},
				"down": {"uv": [0, 0, 0, 0.8125], "texture": "#4"}
			}
		},
		{
			"from": [14.7, 28.075, 2],
			"to": [15.8, 28.075, 15],
			"faces": {
				"north": {"uv": [0, 0, 0.0625, 0], "texture": "#4"},
				"east": {"uv": [0, 0, 0.8125, 0], "texture": "#4"},
				"south": {"uv": [0, 0, 0.0625, 0], "texture": "#4"},
				"west": {"uv": [0, 0, 0.8125, 0], "texture": "#4"},
				"up": {"uv": [0.875, 6.625, 0.8125, 5.8125], "texture": "#4"},
				"down": {"uv": [5.875, 0.8125, 5.8125, 1.625], "texture": "#4"}
			}
		},
		{
			"from": [9.7, 18.075, 2],
			"to": [9.7, 28.075, 15],
			"faces": {
				"north": {"uv": [0, 0, 0, 0.625], "texture": "#4"},
				"east": {"uv": [0, 5, 0.8125, 5.625], "texture": "#4"},
				"south": {"uv": [0, 0, 0, 0.625], "texture": "#4"},
				"west": {"uv": [0.8125, 5, 1.625, 5.625], "texture": "#4"},
				"up": {"uv": [0, 0.8125, 0, 0], "texture": "#4"},
				"down": {"uv": [0, 0, 0, 0.8125], "texture": "#4"}
			}
		},
		{
			"from": [10.8, 18.075, 2],
			"to": [10.8, 28.075, 15],
			"faces": {
				"north": {"uv": [0, 0, 0, 0.625], "texture": "#4"},
				"east": {"uv": [1.625, 5, 2.4375, 5.625], "texture": "#4"},
				"south": {"uv": [0, 0, 0, 0.625], "texture": "#4"},
				"west": {"uv": [2.4375, 5, 3.25, 5.625], "texture": "#4"},
				"up": {"uv": [0, 0.8125, 0, 0], "texture": "#4"},
				"down": {"uv": [0, 0, 0, 0.8125], "texture": "#4"}
			}
		},
		{
			"from": [9.7, 28.075, 2],
			"to": [10.8, 28.075, 15],
			"faces": {
				"north": {"uv": [0, 0, 0.0625, 0], "texture": "#4"},
				"east": {"uv": [0, 0, 0.8125, 0], "texture": "#4"},
				"south": {"uv": [0, 0, 0.0625, 0], "texture": "#4"},
				"west": {"uv": [0, 0, 0.8125, 0], "texture": "#4"},
				"up": {"uv": [1.8125, 6.6875, 1.75, 5.875], "texture": "#4"},
				"down": {"uv": [1.875, 5.875, 1.8125, 6.6875], "texture": "#4"}
			}
		},
		{
			"from": [5.2, 18.05, 2],
			"to": [5.2, 28.05, 15],
			"faces": {
				"north": {"uv": [0, 0, 0, 0.625], "texture": "#4"},
				"east": {"uv": [0, 3.125, 0.8125, 3.75], "texture": "#4"},
				"south": {"uv": [0, 0, 0, 0.625], "texture": "#4"},
				"west": {"uv": [0.8125, 3.125, 1.625, 3.75], "texture": "#4"},
				"up": {"uv": [0, 0.8125, 0, 0], "texture": "#4"},
				"down": {"uv": [0, 0, 0, 0.8125], "texture": "#4"}
			}
		},
		{
			"from": [6.3, 18.05, 2],
			"to": [6.3, 28.05, 15],
			"faces": {
				"north": {"uv": [0, 0, 0, 0.625], "texture": "#4"},
				"east": {"uv": [1.625, 3.125, 2.4375, 3.75], "texture": "#4"},
				"south": {"uv": [0, 0, 0, 0.625], "texture": "#4"},
				"west": {"uv": [2.4375, 3.125, 3.25, 3.75], "texture": "#4"},
				"up": {"uv": [0, 0.8125, 0, 0], "texture": "#4"},
				"down": {"uv": [0, 0, 0, 0.8125], "texture": "#4"}
			}
		},
		{
			"from": [5.2, 28.05, 2],
			"to": [6.3, 28.05, 15],
			"faces": {
				"north": {"uv": [0, 0, 0.0625, 0], "texture": "#4"},
				"east": {"uv": [0, 0, 0.8125, 0], "texture": "#4"},
				"south": {"uv": [0, 0, 0.0625, 0], "texture": "#4"},
				"west": {"uv": [0, 0, 0.8125, 0], "texture": "#4"},
				"up": {"uv": [5.125, 6.5625, 5.0625, 5.75], "texture": "#4"},
				"down": {"uv": [5.8125, 5.6875, 5.75, 6.5], "texture": "#4"}
			}
		},
		{
			"from": [0.2, 18.05, 2],
			"to": [0.2, 28.05, 15],
			"faces": {
				"north": {"uv": [0, 0, 0, 0.625], "texture": "#4"},
				"east": {"uv": [4.875, 2.5, 5.6875, 3.125], "texture": "#4"},
				"south": {"uv": [0, 0, 0, 0.625], "texture": "#4"},
				"west": {"uv": [4.875, 3.125, 5.6875, 3.75], "texture": "#4"},
				"up": {"uv": [0, 0.8125, 0, 0], "texture": "#4"},
				"down": {"uv": [0, 0, 0, 0.8125], "texture": "#4"}
			}
		},
		{
			"from": [1.3, 18.05, 2],
			"to": [1.3, 28.05, 15],
			"faces": {
				"north": {"uv": [0, 0, 0, 0.625], "texture": "#4"},
				"east": {"uv": [4.875, 3.75, 5.6875, 4.375], "texture": "#4"},
				"south": {"uv": [0, 0, 0, 0.625], "texture": "#4"},
				"west": {"uv": [4.875, 4.375, 5.6875, 5], "texture": "#4"},
				"up": {"uv": [0, 0.8125, 0, 0], "texture": "#4"},
				"down": {"uv": [0, 0, 0, 0.8125], "texture": "#4"}
			}
		},
		{
			"from": [0.2, 28.05, 2],
			"to": [1.3, 28.05, 15],
			"faces": {
				"north": {"uv": [0, 0, 0.0625, 0], "texture": "#4"},
				"east": {"uv": [0, 0, 0.8125, 0], "texture": "#4"},
				"south": {"uv": [0, 0, 0.0625, 0], "texture": "#4"},
				"west": {"uv": [0, 0, 0.8125, 0], "texture": "#4"},
				"up": {"uv": [5.9375, 1.625, 5.875, 0.8125], "texture": "#4"},
				"down": {"uv": [1.75, 5.875, 1.6875, 6.6875], "texture": "#4"}
			}
		},
		{
			"from": [-3.2, 18.075, 2],
			"to": [-3.2, 28.075, 15],
			"rotation": {"angle": 0, "axis": "y", "origin": [16, 0, 0]},
			"faces": {
				"north": {"uv": [0, 0, 0, 0.625], "texture": "#4"},
				"east": {"uv": [0, 2.5, 0.8125, 3.125], "texture": "#4"},
				"south": {"uv": [0, 0, 0, 0.625], "texture": "#4"},
				"west": {"uv": [0.8125, 2.5, 1.625, 3.125], "texture": "#4"},
				"up": {"uv": [0, 0.8125, 0, 0], "texture": "#4"},
				"down": {"uv": [0, 0, 0, 0.8125], "texture": "#4"}
			}
		},
		{
			"from": [-4.3, 18.075, 2],
			"to": [-4.3, 28.075, 15],
			"rotation": {"angle": 0, "axis": "y", "origin": [16, 0, 0]},
			"faces": {
				"north": {"uv": [0, 0, 0, 0.625], "texture": "#4"},
				"east": {"uv": [1.625, 2.5, 2.4375, 3.125], "texture": "#4"},
				"south": {"uv": [0, 0, 0, 0.625], "texture": "#4"},
				"west": {"uv": [2.4375, 2.5, 3.25, 3.125], "texture": "#4"},
				"up": {"uv": [0, 0.8125, 0, 0], "texture": "#4"},
				"down": {"uv": [0, 0, 0, 0.8125], "texture": "#4"}
			}
		},
		{
			"from": [-4.3, 28.075, 2],
			"to": [-3.2, 28.075, 15],
			"rotation": {"angle": 0, "axis": "y", "origin": [16, 0, 0]},
			"faces": {
				"north": {"uv": [0, 0, 0.0625, 0], "texture": "#4"},
				"east": {"uv": [0, 0, 0.8125, 0], "texture": "#4"},
				"south": {"uv": [0, 0, 0.0625, 0], "texture": "#4"},
				"west": {"uv": [0, 0, 0.8125, 0], "texture": "#4"},
				"up": {"uv": [5, 6.5625, 4.9375, 5.75], "texture": "#4"},
				"down": {"uv": [5.0625, 5.75, 5, 6.5625], "texture": "#4"}
			}
		},
		{
			"from": [-8.2, 18.075, 2],
			"to": [-8.2, 28.075, 15],
			"rotation": {"angle": 0, "axis": "y", "origin": [16, 0, 0]},
			"faces": {
				"north": {"uv": [0, 0, 0, 0.625], "texture": "#4"},
				"east": {"uv": [4.875, 0, 5.6875, 0.625], "texture": "#4"},
				"south": {"uv": [0, 0, 0, 0.625], "texture": "#4"},
				"west": {"uv": [4.875, 0.625, 5.6875, 1.25], "texture": "#4"},
				"up": {"uv": [0, 0.8125, 0, 0], "texture": "#4"},
				"down": {"uv": [0, 0, 0, 0.8125], "texture": "#4"}
			}
		},
		{
			"from": [-9.3, 18.075, 2],
			"to": [-9.3, 28.075, 15],
			"rotation": {"angle": 0, "axis": "y", "origin": [16, 0, 0]},
			"faces": {
				"north": {"uv": [0, 0, 0, 0.625], "texture": "#4"},
				"east": {"uv": [4.875, 1.25, 5.6875, 1.875], "texture": "#4"},
				"south": {"uv": [0, 0, 0, 0.625], "texture": "#4"},
				"west": {"uv": [4.875, 1.875, 5.6875, 2.5], "texture": "#4"},
				"up": {"uv": [0, 0.8125, 0, 0], "texture": "#4"},
				"down": {"uv": [0, 0, 0, 0.8125], "texture": "#4"}
			}
		},
		{
			"from": [-9.3, 28.075, 2],
			"to": [-8.2, 28.075, 15],
			"rotation": {"angle": 0, "axis": "y", "origin": [16, 0, 0]},
			"faces": {
				"north": {"uv": [0, 0, 0.0625, 0], "texture": "#4"},
				"east": {"uv": [0, 0, 0.8125, 0], "texture": "#4"},
				"south": {"uv": [0, 0, 0.0625, 0], "texture": "#4"},
				"west": {"uv": [0, 0, 0.8125, 0], "texture": "#4"},
				"up": {"uv": [5.875, 5, 5.8125, 4.1875], "texture": "#4"},
				"down": {"uv": [5.875, 5.6875, 5.8125, 6.5], "texture": "#4"}
			}
		}
	],
	"display": {
		"thirdperson_righthand": {
			"scale": [0.3, 0.3, 0.3]
		},
		"thirdperson_lefthand": {
			"scale": [0.3, 0.3, 0.3]
		},
		"firstperson_righthand": {
			"scale": [0.3, 0.3, 0.3]
		},
		"firstperson_lefthand": {
			"scale": [0.3, 0.3, 0.3]
		},
		"ground": {
			"translation": [0, 4.75, 0]
		},
		"gui": {
			"rotation": [0, 171, 0],
			"translation": [0, -1.25, 0],
			"scale": [0.3, 0.3, 0.3]
		},
		"fixed": {
			"rotation": [-90, 0, 0],
			"translation": [0, 0, -15],
			"scale": [2, 2, 2]
		}
	},
	"groups": [
		{
			"name": "Stand",
			"origin": [0, 0, 0],
			"color": 0,
			"children": [0, 1, 2, 3, 4, 5, 6, 7, 8, 9, 10, 11, 12, 13, 14, 15, 16, 17, 18, 19, 20]
		},
		{
			"name": "Hanger 1",
			"origin": [0, 0, 0],
			"color": 0,
			"children": [21, 22, 23, 24, 25, 26, 27, 28]
		},
		{
			"name": "Hanger 2",
			"origin": [0, 0, 0],
			"color": 0,
			"children": [29, 30, 31, 32, 33, 34, 35, 36]
		},
		{
			"name": "Pads",
			"origin": [8, 8, 8],
			"color": 0,
			"children": [
				{
					"name": "Pad 1",
					"origin": [0, 0, 0],
					"color": 0,
					"children": [37, 38, 39]
				},
				{
					"name": "Pad 2",
					"origin": [0, 0, 0],
					"color": 0,
					"children": [40, 41, 42]
				},
				{
					"name": "Pad 3",
					"origin": [0, 0, 0],
					"color": 0,
					"children": [43, 44, 45]
				},
				{
					"name": "Pad 4",
					"origin": [0, 0, 0],
					"color": 0,
					"children": [46, 47, 48]
				},
				{
					"name": "Pad 5",
					"origin": [0, 0, 0],
					"color": 0,
					"children": [49, 50, 51]
				},
				{
					"name": "Pad 6",
					"origin": [0, 0, 0],
					"color": 0,
					"children": [52, 53, 54]
				},
				{
					"name": "Pad 7",
					"origin": [16, 0, 0],
					"color": 0,
					"children": [55, 56, 57]
				},
				{
					"name": "Pad 8",
					"origin": [16, 0, 0],
					"color": 0,
					"children": [58, 59, 60]
				},
				{
					"name": "Pad 9",
					"origin": [0, 0, 0],
					"color": 0,
					"children": [61, 62, 63]
				},
				{
					"name": "Pad 10",
					"origin": [0, 0, 0],
					"color": 0,
					"children": [64, 65, 66]
				},
				{
					"name": "Pad 11",
					"origin": [0, 0, 0],
					"color": 0,
					"children": [67, 68, 69]
				},
				{
					"name": "Pad 12",
					"origin": [0, 0, 0],
					"color": 0,
					"children": [70, 71, 72]
				},
				{
					"name": "Pad 13",
					"origin": [0, 0, 0],
					"color": 0,
					"children": [73, 74, 75]
				},
				{
					"name": "Pad 14",
					"origin": [0, 0, 0],
					"color": 0,
					"children": [76, 77, 78]
				},
				{
					"name": "Pad 15",
					"origin": [16, 0, 0],
					"color": 0,
					"children": [79, 80, 81]
				},
				{
					"name": "Pad 16",
					"origin": [16, 0, 0],
					"color": 0,
					"children": [82, 83, 84]
				}
			]
		}
	]
}