{
	"credit": "Made with Blockbench",
	"texture_size": [64, 64],
	"textures": {
		"1": "block/saddle_stand"
	},
	"elements": [
		{
			"from": [3, 0, 1],
			"to": [13, 7, 2],
			"faces": {
				"north": {"uv": [2.5, 0, 5, 1.75], "texture": "#1"},
				"east": {"uv": [5.5, 9, 5.75, 10.75], "texture": "#1"},
				"south": {"uv": [2.5, 1.75, 5, 3.5], "texture": "#1"},
				"west": {"uv": [5.75, 9, 6, 10.75], "texture": "#1"},
				"up": {"uv": [10, 4.5, 7.5, 4.25], "texture": "#1"},
				"down": {"uv": [10, 4.5, 7.5, 4.75], "texture": "#1"}
			}
		},
		{
			"from": [3, 0, 12],
			"to": [13, 7, 13],
			"faces": {
				"north": {"uv": [2.5, 3.5, 5, 5.25], "texture": "#1"},
				"east": {"uv": [6, 9, 6.25, 10.75], "texture": "#1"},
				"south": {"uv": [0, 5, 2.5, 6.75], "texture": "#1"},
				"west": {"uv": [6.25, 9, 6.5, 10.75], "texture": "#1"},
				"up": {"uv": [10, 5, 7.5, 4.75], "texture": "#1"},
				"down": {"uv": [10, 5, 7.5, 5.25], "texture": "#1"}
			}
		},
		{
			"from": [3, 1, 2],
			"to": [13, 2, 12],
			"faces": {
				"north": {"uv": [7.5, 5.25, 10, 5.5], "texture": "#1"},
				"east": {"uv": [7.5, 5.5, 10, 5.75], "texture": "#1"},
				"south": {"uv": [7.5, 5.75, 10, 6], "texture": "#1"},
				"west": {"uv": [7.5, 6, 10, 6.25], "texture": "#1"},
				"up": {"uv": [2.5, 2.5, 0, 0], "texture": "#1"},
				"down": {"uv": [2.5, 2.5, 0, 5], "texture": "#1"}
			}
		},
		{
			"from": [12, 2, 2],
			"to": [13, 5, 12],
			"faces": {
				"north": {"uv": [9.25, 0.25, 9.5, 1], "texture": "#1"},
				"east": {"uv": [5, 5, 7.5, 5.75], "texture": "#1"},
				"south": {"uv": [1, 9.25, 1.25, 10], "texture": "#1"},
				"west": {"uv": [2.5, 5.25, 5, 6], "texture": "#1"},
				"up": {"uv": [5, 9.25, 4.75, 6.75], "texture": "#1"},
				"down": {"uv": [7.5, 7.75, 7.25, 10.25], "texture": "#1"}
			}
		},
		{
			"from": [3, 2, 2],
			"to": [4, 5, 12],
			"faces": {
				"north": {"uv": [9.25, 1, 9.5, 1.75], "texture": "#1"},
				"east": {"uv": [5, 5.75, 7.5, 6.5], "texture": "#1"},
				"south": {"uv": [1.25, 9.25, 1.5, 10], "texture": "#1"},
				"west": {"uv": [2.5, 6, 5, 6.75], "texture": "#1"},
				"up": {"uv": [7.75, 10.25, 7.5, 7.75], "texture": "#1"},
				"down": {"uv": [8, 7.75, 7.75, 10.25], "texture": "#1"}
			}
		},
		{
			"from": [4, 8, 1],
			"to": [7, 18, 2],
			"rotation": {"angle": -22.5, "axis": "z", "origin": [1, 10, 0.5]},
			"faces": {
				"north": {"uv": [5, 6.5, 5.75, 9], "texture": "#1"},
				"east": {"uv": [8, 7.75, 8.25, 10.25], "texture": "#1"},
				"south": {"uv": [5.75, 6.5, 6.5, 9], "texture": "#1"},
				"west": {"uv": [8.25, 6.25, 8.5, 8.75], "texture": "#1"},
				"up": {"uv": [8.25, 6.5, 7.5, 6.25], "texture": "#1"},
				"down": {"uv": [2.25, 9.25, 1.5, 9.5], "texture": "#1"}
			}
		},
		{
			"from": [9, 8, 1],
			"to": [12, 18, 2],
			"rotation": {"angle": 22.5, "axis": "z", "origin": [15, 10, 0.5]},
			"faces": {
				"north": {"uv": [6.5, 6.5, 7.25, 9], "texture": "#1"},
				"east": {"uv": [8.5, 0, 8.75, 2.5], "texture": "#1"},
				"south": {"uv": [0, 6.75, 0.75, 9.25], "texture": "#1"},
				"west": {"uv": [8.5, 6.25, 8.75, 8.75], "texture": "#1"},
				"up": {"uv": [10, 2, 9.25, 1.75], "texture": "#1"},
				"down": {"uv": [10, 2, 9.25, 2.25], "texture": "#1"}
			}
		},
		{
			"from": [6, 7, 1],
			"to": [10, 12, 2],
			"faces": {
				"north": {"uv": [7.25, 6.5, 8.25, 7.75], "texture": "#1"},
				"east": {"uv": [8.5, 2.5, 8.75, 3.75], "texture": "#1"},
				"south": {"uv": [7.5, 0, 8.5, 1.25], "texture": "#1"},
				"west": {"uv": [8.75, 2.5, 9, 3.75], "texture": "#1"},
				"up": {"uv": [10, 9, 9, 8.75], "texture": "#1"},
				"down": {"uv": [10, 9, 9, 9.25], "texture": "#1"}
			}
		},
		{
			"from": [6, 7, 12],
			"to": [10, 12, 13],
			"rotation": {"angle": 0, "axis": "y", "origin": [0, 0, 14]},
			"faces": {
				"north": {"uv": [7.5, 1.25, 8.5, 2.5], "texture": "#1"},
				"east": {"uv": [9, 2.5, 9.25, 3.75], "texture": "#1"},
				"south": {"uv": [7.5, 2.5, 8.5, 3.75], "texture": "#1"},
				"west": {"uv": [9, 6.25, 9.25, 7.5], "texture": "#1"},
				"up": {"uv": [1, 9.5, 0, 9.25], "texture": "#1"},
				"down": {"uv": [10.25, 0, 9.25, 0.25], "texture": "#1"}
			}
		},
		{
			"from": [9, 8, 12],
			"to": [12, 18, 13],
			"rotation": {"angle": 22.5, "axis": "z", "origin": [15, 10, 13.5]},
			"faces": {
				"north": {"uv": [0.75, 6.75, 1.5, 9.25], "texture": "#1"},
				"east": {"uv": [8.75, 0, 9, 2.5], "texture": "#1"},
				"south": {"uv": [1.5, 6.75, 2.25, 9.25], "texture": "#1"},
				"west": {"uv": [8.75, 6.25, 9, 8.75], "texture": "#1"},
				"up": {"uv": [3, 9.5, 2.25, 9.25], "texture": "#1"},
				"down": {"uv": [10, 2.25, 9.25, 2.5], "texture": "#1"}
			}
		},
		{
			"from": [4, 8, 12],
			"to": [7, 18, 13],
			"rotation": {"angle": -22.5, "axis": "z", "origin": [1, 10, 13.5]},
			"faces": {
				"north": {"uv": [2.25, 6.75, 3, 9.25], "texture": "#1"},
				"east": {"uv": [8.25, 8.75, 8.5, 11.25], "texture": "#1"},
				"south": {"uv": [3, 6.75, 3.75, 9.25], "texture": "#1"},
				"west": {"uv": [8.5, 8.75, 8.75, 11.25], "texture": "#1"},
				"up": {"uv": [10, 2.75, 9.25, 2.5], "texture": "#1"},
				"down": {"uv": [10, 2.75, 9.25, 3], "texture": "#1"}
			}
		},
		{
			"from": [6.85, 15.25, 1],
			"to": [9.15, 16.25, 13],
			"faces": {
				"north": {"uv": [3, 9.25, 3.5, 9.5], "texture": "#1"},
				"east": {"uv": [7.5, 3.75, 10.5, 4], "texture": "#1"},
				"south": {"uv": [9.25, 3, 9.75, 3.25], "texture": "#1"},
				"west": {"uv": [7.5, 4, 10.5, 4.25], "texture": "#1"},
				"up": {"uv": [4.25, 9.75, 3.75, 6.75], "texture": "#1"},
				"down": {"uv": [4.75, 6.75, 4.25, 9.75], "texture": "#1"}
			}
		},
		{
			"from": [5.725, 12.35, 2],
			"to": [6.725, 17.35, 12],
			"rotation": {"angle": -22.5, "axis": "z", "origin": [3.5, 14, 7]},
			"faces": {
				"north": {"uv": [6.5, 9, 6.75, 10.25], "texture": "#1"},
				"east": {"uv": [5, 0, 7.5, 1.25], "texture": "#1"},
				"south": {"uv": [6.75, 9, 7, 10.25], "texture": "#1"},
				"west": {"uv": [5, 1.25, 7.5, 2.5], "texture": "#1"},
				"up": {"uv": [9, 11.25, 8.75, 8.75], "texture": "#1"},
				"down": {"uv": [9.25, 0, 9, 2.5], "texture": "#1"}
			}
		},
		{
			"from": [9.275, 12.35, 2],
			"to": [10.275, 17.35, 12],
			"rotation": {"angle": 22.5, "axis": "z", "origin": [12.5, 14, 7]},
			"faces": {
				"north": {"uv": [7, 9, 7.25, 10.25], "texture": "#1"},
				"east": {"uv": [5, 2.5, 7.5, 3.75], "texture": "#1"},
				"south": {"uv": [9, 7.5, 9.25, 8.75], "texture": "#1"},
				"west": {"uv": [5, 3.75, 7.5, 5], "texture": "#1"},
				"up": {"uv": [5.25, 11.5, 5, 9], "texture": "#1"},
				"down": {"uv": [5.5, 9, 5.25, 11.5], "texture": "#1"}
			}
		}
	],
	"display": {
		"thirdperson_righthand": {
			"scale": [0.3, 0.3, 0.3]
		},
		"thirdperson_lefthand": {
			"scale": [0.3, 0.3, 0.3]
		},
		"firstperson_righthand": {
			"scale": [0.3, 0.3, 0.3]
		},
		"firstperson_lefthand": {
			"scale": [0.3, 0.3, 0.3]
		},
		"gui": {
			"rotation": [0, 90, 0],
			"translation": [0, -4, 0],
			"scale": [0.5, 0.5, 0.5]
		},
		"fixed": {
			"rotation": [-90, 0, 0],
			"translation": [0, 2, -14],
			"scale": [2, 2, 2]
		}
	},
	"groups": [
		{
			"name": "group",
			"origin": [0, 0, 0],
			"color": 0,
			"children": [0, 1, 2, 3, 4]
		},
		{
			"name": "group",
			"origin": [12.5, 14, 7],
			"color": 0,
			"children": [5, 6, 7, 8, 9, 10, 11, 12, 13]
		}
	]
}