{
	"credit": "Made with Blockbench",
	"texture_size": [64, 64],
	"textures": {
		"0": "block/saddle_rack",
		"particle": "block/saddle_rack"
	},
	"elements": [
		{
			"from": [7, 25, 0],
			"to": [9, 27, 15],
			"faces": {
				"north": {"uv": [5.75, 5.25, 6.25, 5.75], "texture": "#0"},
				"east": {"uv": [2.5, 0, 6.25, 0.5], "texture": "#0"},
				"south": {"uv": [5.75, 5.75, 6.25, 6.25], "texture": "#0"},
				"west": {"uv": [2.5, 0.5, 6.25, 1], "texture": "#0"},
				"up": {"uv": [3, 4.75, 2.5, 1], "texture": "#0"},
				"down": {"uv": [3.5, 1, 3, 4.75], "texture": "#0"}
			}
		},
		{
			"from": [7.5, 3.5, 25],
			"to": [8.5, 11, 26],
			"rotation": {"angle": -45, "axis": "x", "origin": [0, 0, 0]},
			"faces": {
				"north": {"uv": [3, 4.75, 3.25, 6.75], "texture": "#0"},
				"east": {"uv": [3.25, 4.75, 3.5, 6.75], "texture": "#0"},
				"south": {"uv": [5, 3, 5.25, 5], "texture": "#0"},
				"west": {"uv": [5, 5, 5.25, 7], "texture": "#0"},
				"up": {"uv": [4.5, 6.5, 4.25, 6.25], "texture": "#0"},
				"down": {"uv": [6.75, 3.75, 6.5, 4], "texture": "#0"}
			}
		},
		{
			"from": [7, 24, 0],
			"to": [9, 25, 1],
			"faces": {
				"north": {"uv": [6.25, 5.5, 6.75, 5.75], "texture": "#0"},
				"east": {"uv": [6.5, 4.25, 6.75, 4.5], "texture": "#0"},
				"south": {"uv": [5.75, 6.25, 6.25, 6.5], "texture": "#0"},
				"west": {"uv": [6.5, 4.5, 6.75, 4.75], "texture": "#0"},
				"up": {"uv": [6.75, 6, 6.25, 5.75], "texture": "#0"},
				"down": {"uv": [6.75, 6, 6.25, 6.25], "texture": "#0"}
			}
		},
		{
			"from": [7, 15, 0],
			"to": [9, 17, 15],
			"faces": {
				"north": {"uv": [6, 3, 6.5, 3.5], "texture": "#0"},
				"east": {"uv": [3.5, 1, 7.25, 1.5], "texture": "#0"},
				"south": {"uv": [6, 3.5, 6.5, 4], "texture": "#0"},
				"west": {"uv": [3.5, 1.5, 7.25, 2], "texture": "#0"},
				"up": {"uv": [4, 5.75, 3.5, 2], "texture": "#0"},
				"down": {"uv": [4.5, 2, 4, 5.75], "texture": "#0"}
			}
		},
		{
			"from": [7.5, -3.5, 18],
			"to": [8.5, 3.2, 19],
			"rotation": {"angle": -45, "axis": "x", "origin": [0, 0, 0]},
			"faces": {
				"north": {"uv": [5.25, 3, 5.5, 4.75], "texture": "#0"},
				"east": {"uv": [5.25, 4.75, 5.5, 6.5], "texture": "#0"},
				"south": {"uv": [5.5, 3, 5.75, 4.75], "texture": "#0"},
				"west": {"uv": [5.5, 4.75, 5.75, 6.5], "texture": "#0"},
				"up": {"uv": [4.5, 6, 4.25, 5.75], "texture": "#0"},
				"down": {"uv": [4.5, 6, 4.25, 6.25], "texture": "#0"}
			}
		},
		{
			"from": [7, 14, 0],
			"to": [9, 15, 1],
			"faces": {
				"north": {"uv": [6, 4.5, 6.5, 4.75], "texture": "#0"},
				"east": {"uv": [6.5, 4, 6.75, 4.25], "texture": "#0"},
				"south": {"uv": [6.25, 0.5, 6.75, 0.75], "texture": "#0"},
				"west": {"uv": [4.25, 6.5, 4.5, 6.75], "texture": "#0"},
				"up": {"uv": [6.75, 1, 6.25, 0.75], "texture": "#0"},
				"down": {"uv": [6.75, 5.25, 6.25, 5.5], "texture": "#0"}
			}
		},
		{
			"from": [7, 5, 0],
			"to": [9, 7, 15],
			"faces": {
				"north": {"uv": [6, 4, 6.5, 4.5], "texture": "#0"},
				"east": {"uv": [4.5, 2, 8.25, 2.5], "texture": "#0"},
				"south": {"uv": [6.25, 0, 6.75, 0.5], "texture": "#0"},
				"west": {"uv": [4.5, 2.5, 8.25, 3], "texture": "#0"},
				"up": {"uv": [5, 6.75, 4.5, 3], "texture": "#0"},
				"down": {"uv": [3, 4.75, 2.5, 8.5], "texture": "#0"}
			}
		},
		{
			"from": [7.5, -10.5, 11],
			"to": [8.5, -3.5, 12],
			"rotation": {"angle": -45, "axis": "x", "origin": [0, 0, 0]},
			"faces": {
				"north": {"uv": [5.75, 3, 6, 4.75], "texture": "#0"},
				"east": {"uv": [3.5, 5.75, 3.75, 7.5], "texture": "#0"},
				"south": {"uv": [3.75, 5.75, 4, 7.5], "texture": "#0"},
				"west": {"uv": [4, 5.75, 4.25, 7.5], "texture": "#0"},
				"up": {"uv": [5.5, 6.75, 5.25, 6.5], "texture": "#0"},
				"down": {"uv": [5.75, 6.5, 5.5, 6.75], "texture": "#0"}
			}
		},
		{
			"from": [7, 4, 0],
			"to": [9, 5, 1],
			"faces": {
				"north": {"uv": [6.25, 6.25, 6.75, 6.5], "texture": "#0"},
				"east": {"uv": [5.75, 6.5, 6, 6.75], "texture": "#0"},
				"south": {"uv": [6.5, 3, 7, 3.25], "texture": "#0"},
				"west": {"uv": [6, 6.5, 6.25, 6.75], "texture": "#0"},
				"up": {"uv": [7, 3.5, 6.5, 3.25], "texture": "#0"},
				"down": {"uv": [7, 3.5, 6.5, 3.75], "texture": "#0"}
			}
		},
		{
			"name": "Board",
			"from": [6, 0, 15],
			"to": [10, 32, 16],
			"faces": {
				"north": {"uv": [0, 0, 1, 8], "texture": "#0"},
				"east": {"uv": [2, 0, 2.25, 8], "texture": "#0"},
				"south": {"uv": [1, 0, 2, 8], "texture": "#0"},
				"west": {"uv": [2.25, 0, 2.5, 8], "texture": "#0"},
				"up": {"uv": [6.75, 5, 5.75, 4.75], "texture": "#0"},
				"down": {"uv": [6.75, 5, 5.75, 5.25], "texture": "#0"}
			}
		}
	],
	"display": {
		"thirdperson_righthand": {
			"scale": [0.3, 0.3, 0.3]
		},
		"thirdperson_lefthand": {
			"scale": [0.3, 0.3, 0.3]
		},
		"firstperson_righthand": {
			"scale": [0.3, 0.3, 0.3]
		},
		"firstperson_lefthand": {
			"scale": [0.3, 0.3, 0.3]
		},
		"gui": {
			"rotation": [0, 90, 0],
			"translation": [0, -4, 0],
			"scale": [0.5, 0.5, 0.5]
		},
		"fixed": {
			"translation": [0, 0, -15],
			"scale": [2, 2, 2]
		}
	},
	"groups": [
		{
			"name": "Rack3",
			"origin": [8, 8, 8],
			"color": 0,
			"children": [0, 1, 2]
		},
		{
			"name": "Rack2",
			"origin": [8, 8, 8],
			"color": 0,
			"children": [3, 4, 5]
		},
		{
			"name": "Rack1",
			"origin": [0, 0, 0],
			"color": 0,
			"children": [6, 7, 8]
		},
		9
	]
}