{
	"credit": "Made with Blockbench",
	"texture_size": [32, 32],
	"textures": {
		"0": "block/salt_lick",
		"particle": "block/salt_lick"
	},
	"elements": [
		{
			"from": [6, 9, 5.25],
			"to": [10, 14, 7.25],
			"rotation": {"angle": 0, "axis": "y", "origin": [0, 5, 5]},
			"faces": {
				"north": {"uv": [3, 0, 5, 2.5], "texture": "#0"},
				"east": {"uv": [6, 7.5, 7, 10], "texture": "#0"},
				"south": {"uv": [3, 2.5, 5, 5], "texture": "#0"},
				"west": {"uv": [8, 2.5, 9, 5], "texture": "#0"},
				"up": {"uv": [11, 6, 9, 5], "texture": "#0"},
				"down": {"uv": [11, 6, 9, 7], "texture": "#0"}
			}
		},
		{
			"from": [6, 9, 8.75],
			"to": [10, 14, 10.75],
			"rotation": {"angle": 0, "axis": "y", "origin": [0, 5, 5]},
			"faces": {
				"north": {"uv": [3, 5, 5, 7.5], "texture": "#0"},
				"east": {"uv": [0, 8.5, 1, 11], "texture": "#0"},
				"south": {"uv": [5, 5, 7, 7.5], "texture": "#0"},
				"west": {"uv": [1, 8.5, 2, 11], "texture": "#0"},
				"up": {"uv": [5, 10.5, 3, 9.5], "texture": "#0"},
				"down": {"uv": [12, 0, 10, 1], "texture": "#0"}
			}
		},
		{
			"from": [5.25, 9, 6],
			"to": [7.25, 14, 10],
			"rotation": {"angle": 0, "axis": "y", "origin": [0, 5, 5]},
			"faces": {
				"north": {"uv": [8, 5, 9, 7.5], "texture": "#0"},
				"east": {"uv": [5, 0, 7, 2.5], "texture": "#0"},
				"south": {"uv": [8, 7.5, 9, 10], "texture": "#0"},
				"west": {"uv": [5, 2.5, 7, 5], "texture": "#0"},
				"up": {"uv": [10, 9, 9, 7], "texture": "#0"},
				"down": {"uv": [10, 9, 9, 11], "texture": "#0"}
			}
		},
		{
			"from": [8.75, 9, 6],
			"to": [10.75, 14, 10],
			"rotation": {"angle": 0, "axis": "y", "origin": [0, 5, 5]},
			"faces": {
				"north": {"uv": [9, 0, 10, 2.5], "texture": "#0"},
				"east": {"uv": [0, 6, 2, 8.5], "texture": "#0"},
				"south": {"uv": [9, 2.5, 10, 5], "texture": "#0"},
				"west": {"uv": [7, 0, 9, 2.5], "texture": "#0"},
				"up": {"uv": [6, 11.5, 5, 9.5], "texture": "#0"},
				"down": {"uv": [11, 1, 10, 3], "texture": "#0"}
			}
		},
		{
			"from": [7.5, 9, 7.5],
			"to": [8.5, 27, 8.5],
			"rotation": {"angle": 0, "axis": "y", "origin": [7.5, 0, 7.5]},
			"faces": {
				"north": {"uv": [2, 6, 2.5, 15], "texture": "#0"},
				"east": {"uv": [2.5, 6, 3, 15], "texture": "#0"},
				"south": {"uv": [7, 2.5, 7.5, 11.5], "texture": "#0"},
				"west": {"uv": [7.5, 2.5, 8, 11.5], "texture": "#0"},
				"up": {"uv": [9, 11.5, 8.5, 11], "texture": "#0"},
				"down": {"uv": [9.5, 11, 9, 11.5], "texture": "#0"}
			}
		},
		{
			"from": [7.25, 8, 7.25],
			"to": [8.75, 9.5, 8.75],
			"rotation": {"angle": 0, "axis": "y", "origin": [7.25, 7.25, 7.25]},
			"faces": {
				"north": {"uv": [6, 10, 7, 11], "texture": "#0"},
				"east": {"uv": [8, 10, 9, 11], "texture": "#0"},
				"south": {"uv": [3, 10.5, 4, 11.5], "texture": "#0"},
				"west": {"uv": [4, 10.5, 5, 11.5], "texture": "#0"},
				"up": {"uv": [1, 12, 0, 11], "texture": "#0"},
				"down": {"uv": [2, 11, 1, 12], "texture": "#0"}
			}
		},
		{
			"from": [5, 27, 5],
			"to": [11, 28, 11],
			"rotation": {"angle": 0, "axis": "y", "origin": [0, 2, 0]},
			"faces": {
				"north": {"uv": [10, 3, 13, 3.5], "texture": "#0"},
				"east": {"uv": [10, 3.5, 13, 4], "texture": "#0"},
				"south": {"uv": [10, 4, 13, 4.5], "texture": "#0"},
				"west": {"uv": [10, 4.5, 13, 5], "texture": "#0"},
				"up": {"uv": [3, 3, 0, 0], "texture": "#0"},
				"down": {"uv": [3, 3, 0, 6], "texture": "#0"}
			}
		},
		{
			"from": [5, 26.5, 5],
			"to": [11, 27, 6],
			"rotation": {"angle": 0, "axis": "y", "origin": [0, 2, 0]},
			"faces": {
				"north": {"uv": [10, 7, 13, 7.5], "texture": "#0"},
				"east": {"uv": [9.5, 11, 10, 11.5], "texture": "#0"},
				"south": {"uv": [10, 7.5, 13, 8], "texture": "#0"},
				"west": {"uv": [10, 11, 10.5, 11.5], "texture": "#0"},
				"up": {"uv": [13, 8.5, 10, 8], "texture": "#0"},
				"down": {"uv": [13, 8.5, 10, 9], "texture": "#0"}
			}
		},
		{
			"from": [5, 26.5, 10],
			"to": [11, 27, 11],
			"rotation": {"angle": 0, "axis": "y", "origin": [0, 2, 0]},
			"faces": {
				"north": {"uv": [10, 9, 13, 9.5], "texture": "#0"},
				"east": {"uv": [10.5, 11, 11, 11.5], "texture": "#0"},
				"south": {"uv": [10, 9.5, 13, 10], "texture": "#0"},
				"west": {"uv": [11, 11, 11.5, 11.5], "texture": "#0"},
				"up": {"uv": [13, 10.5, 10, 10], "texture": "#0"},
				"down": {"uv": [13, 10.5, 10, 11], "texture": "#0"}
			}
		},
		{
			"from": [5, 26.5, 6],
			"to": [6, 27, 10],
			"rotation": {"angle": 0, "axis": "y", "origin": [0, 2, 0]},
			"faces": {
				"north": {"uv": [3, 11.5, 3.5, 12], "texture": "#0"},
				"east": {"uv": [11, 1, 13, 1.5], "texture": "#0"},
				"south": {"uv": [3.5, 11.5, 4, 12], "texture": "#0"},
				"west": {"uv": [11, 1.5, 13, 2], "texture": "#0"},
				"up": {"uv": [11.5, 7, 11, 5], "texture": "#0"},
				"down": {"uv": [6.5, 11, 6, 13], "texture": "#0"}
			}
		},
		{
			"from": [10, 26.5, 6],
			"to": [11, 27, 10],
			"rotation": {"angle": 0, "axis": "y", "origin": [0, 2, 0]},
			"faces": {
				"north": {"uv": [4, 11.5, 4.5, 12], "texture": "#0"},
				"east": {"uv": [11, 2, 13, 2.5], "texture": "#0"},
				"south": {"uv": [4.5, 11.5, 5, 12], "texture": "#0"},
				"west": {"uv": [11, 2.5, 13, 3], "texture": "#0"},
				"up": {"uv": [7, 13, 6.5, 11], "texture": "#0"},
				"down": {"uv": [8.5, 11, 8, 13], "texture": "#0"}
			}
		},
		{
			"from": [6.5, 4, 8],
			"to": [9.5, 8, 8],
			"rotation": {"angle": 0, "axis": "y", "origin": [6.5, 6, 8]},
			"faces": {
				"north": {"uv": [3, 7.5, 4.5, 9.5], "texture": "#0"},
				"east": {"uv": [0, 0, 0, 2], "texture": "#0"},
				"south": {"uv": [4.5, 7.5, 6, 9.5], "texture": "#0"},
				"west": {"uv": [0, 0, 0, 2], "texture": "#0"},
				"up": {"uv": [1.5, 0, 0, 0], "texture": "#0"},
				"down": {"uv": [1.5, 0, 0, 0], "texture": "#0"}
			}
		}
	],
	"display": {
		"thirdperson_righthand": {
			"scale": [0.3, 0.3, 0.3]
		},
		"thirdperson_lefthand": {
			"scale": [0.3, 0.3, 0.3]
		},
		"firstperson_righthand": {
			"scale": [0.3, 0.3, 0.3]
		},
		"firstperson_lefthand": {
			"scale": [0.3, 0.3, 0.3]
		},
		"ground": {
			"translation": [0, 0.5, 0]
		},
		"gui": {
			"translation": [0, -4.25, 0],
			"scale": [0.5, 0.5, 0.5]
		},
		"fixed": {
			"rotation": [90, 0, 0],
			"translation": [0, 0, -40],
			"scale": [2, 2, 2]
		}
	}
}