{
	"credit": "Made with Blockbench",
	"texture_size": [64, 64],
	"textures": {
		"0": "block/small_tack_box"
	},
	"elements": [
		{
			"from": [2, 0, 16],
			"to": [14, 15, 16],
			"faces": {
				"north": {"uv": [4.5, 0, 7.5, 3.75], "texture": "#0"},
				"east": {"uv": [0, 0, 0, 3.75], "texture": "#0"},
				"south": {"uv": [4.5, 3.75, 7.5, 7.5], "texture": "#0"},
				"west": {"uv": [0, 0, 0, 3.75], "texture": "#0"},
				"up": {"uv": [3, 0, 0, 0], "texture": "#0"},
				"down": {"uv": [3, 0, 0, 0], "texture": "#0"}
			}
		},
		{
			"from": [0, 0, 16],
			"to": [2, 15, 17],
			"faces": {
				"north": {"uv": [3, 9, 3.5, 12.75], "texture": "#0"},
				"east": {"uv": [9, 11.25, 9.25, 15], "texture": "#0"},
				"south": {"uv": [3.5, 9, 4, 12.75], "texture": "#0"},
				"west": {"uv": [9.25, 11.25, 9.5, 15], "texture": "#0"},
				"up": {"uv": [4, 13, 3.5, 12.75], "texture": "#0"},
				"down": {"uv": [4.5, 12.75, 4, 13], "texture": "#0"}
			}
		},
		{
			"from": [14, 0, 16],
			"to": [16, 15, 17],
			"faces": {
				"north": {"uv": [4, 9, 4.5, 12.75], "texture": "#0"},
				"east": {"uv": [9.5, 11.25, 9.75, 15], "texture": "#0"},
				"south": {"uv": [10.5, 5.75, 11, 9.5], "texture": "#0"},
				"west": {"uv": [9.75, 11.25, 10, 15], "texture": "#0"},
				"up": {"uv": [13.25, 6, 12.75, 5.75], "texture": "#0"},
				"down": {"uv": [13.25, 6, 12.75, 6.25], "texture": "#0"}
			}
		},
		{
			"from": [16, 0, 2],
			"to": [16, 15, 14],
			"rotation": {"angle": 0, "axis": "y", "origin": [8, 7.5, 16.25]},
			"faces": {
				"north": {"uv": [0, 0, 0, 3.75], "texture": "#0"},
				"east": {"uv": [7.5, 0, 10.5, 3.75], "texture": "#0"},
				"south": {"uv": [0, 0, 0, 3.75], "texture": "#0"},
				"west": {"uv": [7.5, 3.75, 10.5, 7.5], "texture": "#0"},
				"up": {"uv": [0, 3, 0, 0], "texture": "#0"},
				"down": {"uv": [0, 0, 0, 3], "texture": "#0"}
			}
		},
		{
			"from": [16, 0, 14],
			"to": [17, 15, 16],
			"rotation": {"angle": 0, "axis": "y", "origin": [8, 7.5, 16.25]},
			"faces": {
				"north": {"uv": [10, 11.25, 10.25, 15], "texture": "#0"},
				"east": {"uv": [10.5, 9.5, 11, 13.25], "texture": "#0"},
				"south": {"uv": [10.25, 11.25, 10.5, 15], "texture": "#0"},
				"west": {"uv": [11, 5.75, 11.5, 9.5], "texture": "#0"},
				"up": {"uv": [13, 6.75, 12.75, 6.25], "texture": "#0"},
				"down": {"uv": [13, 6.75, 12.75, 7.25], "texture": "#0"}
			}
		},
		{
			"from": [16, 0, 0],
			"to": [17, 15, 2],
			"rotation": {"angle": 0, "axis": "y", "origin": [8, 7.5, 16.25]},
			"faces": {
				"north": {"uv": [11.5, 5.75, 11.75, 9.5], "texture": "#0"},
				"east": {"uv": [11, 9.5, 11.5, 13.25], "texture": "#0"},
				"south": {"uv": [11.5, 9.5, 11.75, 13.25], "texture": "#0"},
				"west": {"uv": [4.5, 11.25, 5, 15], "texture": "#0"},
				"up": {"uv": [13, 7.75, 12.75, 7.25], "texture": "#0"},
				"down": {"uv": [13, 7.75, 12.75, 8.25], "texture": "#0"}
			}
		},
		{
			"from": [-1, 0, 0],
			"to": [0, 15, 2],
			"rotation": {"angle": 0, "axis": "y", "origin": [8, 7.5, 16.25]},
			"faces": {
				"north": {"uv": [11.75, 5.75, 12, 9.5], "texture": "#0"},
				"east": {"uv": [5, 11.25, 5.5, 15], "texture": "#0"},
				"south": {"uv": [11.75, 9.5, 12, 13.25], "texture": "#0"},
				"west": {"uv": [5.5, 11.25, 6, 15], "texture": "#0"},
				"up": {"uv": [13, 8.75, 12.75, 8.25], "texture": "#0"},
				"down": {"uv": [13, 8.75, 12.75, 9.25], "texture": "#0"}
			}
		},
		{
			"from": [-1, 0, 14],
			"to": [0, 15, 16],
			"rotation": {"angle": 0, "axis": "y", "origin": [8, 7.5, 16.25]},
			"faces": {
				"north": {"uv": [12, 5.75, 12.25, 9.5], "texture": "#0"},
				"east": {"uv": [6, 11.25, 6.5, 15], "texture": "#0"},
				"south": {"uv": [12, 9.5, 12.25, 13.25], "texture": "#0"},
				"west": {"uv": [6.5, 11.25, 7, 15], "texture": "#0"},
				"up": {"uv": [13, 9.75, 12.75, 9.25], "texture": "#0"},
				"down": {"uv": [13, 9.75, 12.75, 10.25], "texture": "#0"}
			}
		},
		{
			"from": [0, 0, 2],
			"to": [0, 15, 14],
			"rotation": {"angle": 0, "axis": "y", "origin": [8, 7.5, 16.25]},
			"faces": {
				"north": {"uv": [0, 0, 0, 3.75], "texture": "#0"},
				"east": {"uv": [4.5, 7.5, 7.5, 11.25], "texture": "#0"},
				"south": {"uv": [0, 0, 0, 3.75], "texture": "#0"},
				"west": {"uv": [7.5, 7.5, 10.5, 11.25], "texture": "#0"},
				"up": {"uv": [0, 3, 0, 0], "texture": "#0"},
				"down": {"uv": [0, 0, 0, 3], "texture": "#0"}
			}
		},
		{
			"from": [14, 0, -1],
			"to": [16, 15, 0],
			"rotation": {"angle": 0, "axis": "y", "origin": [0, 0, 16]},
			"faces": {
				"north": {"uv": [7, 11.25, 7.5, 15], "texture": "#0"},
				"east": {"uv": [12.25, 5.75, 12.5, 9.5], "texture": "#0"},
				"south": {"uv": [7.5, 11.25, 8, 15], "texture": "#0"},
				"west": {"uv": [12.25, 9.5, 12.5, 13.25], "texture": "#0"},
				"up": {"uv": [13.25, 10.5, 12.75, 10.25], "texture": "#0"},
				"down": {"uv": [13.25, 10.5, 12.75, 10.75], "texture": "#0"}
			}
		},
		{
			"from": [2, 0, -0.075],
			"to": [14, 15, -0.075],
			"rotation": {"angle": 0, "axis": "y", "origin": [0, 0, 16]},
			"faces": {
				"north": {"uv": [0, 9, 3, 12.75], "texture": "#0"},
				"east": {"uv": [0, 0, 0, 3.75], "texture": "#0"},
				"south": {"uv": [10.5, 0, 13.5, 3.75], "texture": "#0"},
				"west": {"uv": [0, 0, 0, 3.75], "texture": "#0"},
				"up": {"uv": [3, 0, 0, 0], "texture": "#0"},
				"down": {"uv": [3, 0, 0, 0], "texture": "#0"}
			}
		},
		{
			"from": [0, 0, -1],
			"to": [2, 15, 0],
			"rotation": {"angle": 0, "axis": "y", "origin": [0, 0, 16]},
			"faces": {
				"north": {"uv": [8, 11.25, 8.5, 15], "texture": "#0"},
				"east": {"uv": [12.5, 5.75, 12.75, 9.5], "texture": "#0"},
				"south": {"uv": [8.5, 11.25, 9, 15], "texture": "#0"},
				"west": {"uv": [12.5, 9.5, 12.75, 13.25], "texture": "#0"},
				"up": {"uv": [13.25, 11, 12.75, 10.75], "texture": "#0"},
				"down": {"uv": [13.25, 11, 12.75, 11.25], "texture": "#0"}
			}
		},
		{
			"from": [-1, 15, -1],
			"to": [17, 17, 17],
			"faces": {
				"north": {"uv": [10.5, 3.75, 15, 4.25], "texture": "#0"},
				"east": {"uv": [10.5, 4.25, 15, 4.75], "texture": "#0"},
				"south": {"uv": [10.5, 4.75, 15, 5.25], "texture": "#0"},
				"west": {"uv": [10.5, 5.25, 15, 5.75], "texture": "#0"},
				"up": {"uv": [4.5, 4.5, 0, 0], "texture": "#0"},
				"down": {"uv": [4.5, 4.5, 0, 9], "texture": "#0"}
			}
		},
		{
			"from": [7.5, 12, -2.5],
			"to": [8.5, 14, 0.5],
			"rotation": {"angle": 0, "axis": "y", "origin": [0.5, 0, 0]},
			"faces": {
				"north": {"uv": [12.75, 11.25, 13, 11.75], "texture": "#0"},
				"east": {"uv": [1, 12.75, 1.75, 13.25], "texture": "#0"},
				"south": {"uv": [12.75, 11.75, 13, 12.25], "texture": "#0"},
				"west": {"uv": [1.75, 12.75, 2.5, 13.25], "texture": "#0"},
				"up": {"uv": [3.25, 13.5, 3, 12.75], "texture": "#0"},
				"down": {"uv": [3.5, 12.75, 3.25, 13.5], "texture": "#0"}
			}
		},
		{
			"from": [7, 11, -2],
			"to": [9, 16, -1],
			"rotation": {"angle": 0, "axis": "y", "origin": [7, 0, 0]},
			"faces": {
				"north": {"uv": [0, 12.75, 0.5, 14], "texture": "#0"},
				"east": {"uv": [2.5, 12.75, 2.75, 14], "texture": "#0"},
				"south": {"uv": [0.5, 12.75, 1, 14], "texture": "#0"},
				"west": {"uv": [2.75, 12.75, 3, 14], "texture": "#0"},
				"up": {"uv": [13.25, 12.5, 12.75, 12.25], "texture": "#0"},
				"down": {"uv": [13.25, 12.5, 12.75, 12.75], "texture": "#0"}
			}
		}
	],
	"display": {
		"thirdperson_righthand": {
			"scale": [0.3, 0.3, 0.3]
		},
		"thirdperson_lefthand": {
			"scale": [0.3, 0.3, 0.3]
		},
		"firstperson_righthand": {
			"scale": [0.3, 0.3, 0.3]
		},
		"firstperson_lefthand": {
			"scale": [0.3, 0.3, 0.3]
		},
		"ground": {
			"translation": [0, 4.25, 0]
		},
		"gui": {
			"rotation": [0, 180, 0],
			"scale": [0.5, 0.5, 0.5]
		},
		"fixed": {
			"rotation": [-90, 0, 0],
			"translation": [0, 0, 18],
			"scale": [2, 2, 2]
		}
	},
	"groups": [
		{
			"name": "Body",
			"origin": [0, 0, 16],
			"color": 0,
			"children": [0, 1, 2, 3, 4, 5, 6, 7, 8, 9, 10, 11]
		},
		{
			"name": "Lid",
			"origin": [7, 0, 0],
			"color": 0,
			"children": [12, 13, 14]
		}
	]
}