{
	"credit": "Made with Blockbench",
	"texture_size": [128, 64],
	"textures": {
		"2": "block/sugar_cube_jar"
	},
	"elements": [
		{
			"from": [6, 1, 5],
			"to": [10, 7, 6],
			"faces": {
				"north": {"uv": [8, 0, 9, 3], "texture": "#2"},
				"east": {"uv": [10, 9, 10.25, 12], "texture": "#2"},
				"south": {"uv": [9, 0, 10, 3], "texture": "#2"},
				"west": {"uv": [10.25, 9, 10.5, 12], "texture": "#2"},
				"up": {"uv": [14, 0.5, 13, 0], "texture": "#2"},
				"down": {"uv": [14, 0.5, 13, 1], "texture": "#2"}
			}
		},
		{
			"from": [6, 1, 10],
			"to": [10, 7, 11],
			"faces": {
				"north": {"uv": [8, 3, 9, 6], "texture": "#2"},
				"east": {"uv": [10.5, 9, 10.75, 12], "texture": "#2"},
				"south": {"uv": [9, 3, 10, 6], "texture": "#2"},
				"west": {"uv": [10.75, 9, 11, 12], "texture": "#2"},
				"up": {"uv": [14, 1.5, 13, 1], "texture": "#2"},
				"down": {"uv": [14, 1.5, 13, 2], "texture": "#2"}
			}
		},
		{
			"from": [5, 1, 6],
			"to": [6, 7, 10],
			"faces": {
				"north": {"uv": [11, 9, 11.25, 12], "texture": "#2"},
				"east": {"uv": [10, 0, 11, 3], "texture": "#2"},
				"south": {"uv": [11.25, 9, 11.5, 12], "texture": "#2"},
				"west": {"uv": [10, 3, 11, 6], "texture": "#2"},
				"up": {"uv": [13.25, 4, 13, 2], "texture": "#2"},
				"down": {"uv": [13.25, 4, 13, 6], "texture": "#2"}
			}
		},
		{
			"from": [10, 1, 6],
			"to": [11, 7, 10],
			"faces": {
				"north": {"uv": [11.5, 9, 11.75, 12], "texture": "#2"},
				"east": {"uv": [8, 6, 9, 9], "texture": "#2"},
				"south": {"uv": [11.75, 9, 12, 12], "texture": "#2"},
				"west": {"uv": [11, 0, 12, 3], "texture": "#2"},
				"up": {"uv": [13.25, 8, 13, 6], "texture": "#2"},
				"down": {"uv": [12.25, 10, 12, 12], "texture": "#2"}
			}
		},
		{
			"from": [6, 0, 8],
			"to": [10, 1, 11.1],
			"rotation": {"angle": 0, "axis": "y", "origin": [6, 0, 6]},
			"faces": {
				"north": {"uv": [12, 9, 13, 9.5], "texture": "#2"},
				"east": {"uv": [13.25, 11.5, 14, 12], "texture": "#2"},
				"south": {"uv": [12, 9.5, 13, 10], "texture": "#2"},
				"west": {"uv": [13.75, 10.5, 14.5, 11], "texture": "#2"},
				"up": {"uv": [11, 7.5, 10, 6], "texture": "#2"},
				"down": {"uv": [12, 6, 11, 7.5], "texture": "#2"}
			}
		},
		{
			"from": [6, 0, 5],
			"to": [10, 1, 8],
			"rotation": {"angle": 0, "axis": "y", "origin": [6, 0, 6]},
			"faces": {
				"north": {"uv": [13, 8, 14, 8.5], "texture": "#2"},
				"east": {"uv": [14, 0, 14.75, 0.5], "texture": "#2"},
				"south": {"uv": [12.25, 10, 13.25, 10.5], "texture": "#2"},
				"west": {"uv": [14, 0.5, 14.75, 1], "texture": "#2"},
				"up": {"uv": [11, 9, 10, 7.5], "texture": "#2"},
				"down": {"uv": [12, 7.5, 11, 9], "texture": "#2"}
			}
		},
		{
			"from": [10, 0, 6],
			"to": [11, 1, 10],
			"rotation": {"angle": 0, "axis": "y", "origin": [6, 0, 6]},
			"faces": {
				"north": {"uv": [9, 11.5, 9.25, 12], "texture": "#2"},
				"east": {"uv": [13, 8.5, 14, 9], "texture": "#2"},
				"south": {"uv": [9.25, 11.5, 9.5, 12], "texture": "#2"},
				"west": {"uv": [13, 9, 14, 9.5], "texture": "#2"},
				"up": {"uv": [8.25, 12.5, 8, 10.5], "texture": "#2"},
				"down": {"uv": [8.5, 10.5, 8.25, 12.5], "texture": "#2"}
			}
		},
		{
			"from": [5, 0, 6],
			"to": [6, 1, 10],
			"rotation": {"angle": 0, "axis": "y", "origin": [6, 0, 6]},
			"faces": {
				"north": {"uv": [9, 12, 9.25, 12.5], "texture": "#2"},
				"east": {"uv": [13, 9.5, 14, 10], "texture": "#2"},
				"south": {"uv": [9.25, 12, 9.5, 12.5], "texture": "#2"},
				"west": {"uv": [8.5, 10.5, 9.5, 11], "texture": "#2"},
				"up": {"uv": [13.5, 4, 13.25, 2], "texture": "#2"},
				"down": {"uv": [9.75, 10.5, 9.5, 12.5], "texture": "#2"}
			}
		},
		{
			"from": [5, 7, 6],
			"to": [6, 8, 10],
			"rotation": {"angle": 0, "axis": "y", "origin": [6, 0, 6]},
			"faces": {
				"north": {"uv": [14, 9.5, 14.25, 10], "texture": "#2"},
				"east": {"uv": [13.25, 4, 14.25, 4.5], "texture": "#2"},
				"south": {"uv": [13.25, 12, 13.5, 12.5], "texture": "#2"},
				"west": {"uv": [13.25, 4.5, 14.25, 5], "texture": "#2"},
				"up": {"uv": [10, 12.5, 9.75, 10.5], "texture": "#2"},
				"down": {"uv": [13.5, 5, 13.25, 7], "texture": "#2"}
			}
		},
		{
			"from": [10, 7, 6],
			"to": [11, 8, 10],
			"rotation": {"angle": 0, "axis": "y", "origin": [6, 0, 6]},
			"faces": {
				"north": {"uv": [13.5, 12, 13.75, 12.5], "texture": "#2"},
				"east": {"uv": [13.25, 7, 14.25, 7.5], "texture": "#2"},
				"south": {"uv": [13.75, 12, 14, 12.5], "texture": "#2"},
				"west": {"uv": [13.25, 7.5, 14.25, 8], "texture": "#2"},
				"up": {"uv": [12.5, 12.5, 12.25, 10.5], "texture": "#2"},
				"down": {"uv": [12.75, 10.5, 12.5, 12.5], "texture": "#2"}
			}
		},
		{
			"from": [6, 7, 5],
			"to": [10, 8, 8],
			"rotation": {"angle": 0, "axis": "y", "origin": [6, 0, 6]},
			"faces": {
				"north": {"uv": [12.75, 10.5, 13.75, 11], "texture": "#2"},
				"east": {"uv": [14, 1, 14.75, 1.5], "texture": "#2"},
				"south": {"uv": [13.25, 10, 14.25, 10.5], "texture": "#2"},
				"west": {"uv": [14, 1.5, 14.75, 2], "texture": "#2"},
				"up": {"uv": [13, 1.5, 12, 0], "texture": "#2"},
				"down": {"uv": [13, 1.5, 12, 3], "texture": "#2"}
			}
		},
		{
			"from": [6, 7, 8],
			"to": [10, 8, 11.1],
			"rotation": {"angle": 0, "axis": "y", "origin": [6, 0, 6]},
			"faces": {
				"north": {"uv": [8.5, 11, 9.5, 11.5], "texture": "#2"},
				"east": {"uv": [10, 12, 10.75, 12.5], "texture": "#2"},
				"south": {"uv": [13.5, 2, 14.5, 2.5], "texture": "#2"},
				"west": {"uv": [10.75, 12, 11.5, 12.5], "texture": "#2"},
				"up": {"uv": [13, 4.5, 12, 3], "texture": "#2"},
				"down": {"uv": [13, 4.5, 12, 6], "texture": "#2"}
			}
		},
		{
			"from": [6, 8, 8],
			"to": [10, 9, 11.1],
			"rotation": {"angle": 0, "axis": "y", "origin": [6, 0, 6]},
			"faces": {
				"north": {"uv": [13.5, 2.5, 14.5, 3], "texture": "#2"},
				"east": {"uv": [11.5, 12, 12.25, 12.5], "texture": "#2"},
				"south": {"uv": [13.5, 3, 14.5, 3.5], "texture": "#2"},
				"west": {"uv": [14, 8, 14.75, 8.5], "texture": "#2"},
				"up": {"uv": [13, 7.5, 12, 6], "texture": "#2"},
				"down": {"uv": [13, 7.5, 12, 9], "texture": "#2"}
			}
		},
		{
			"from": [6, 8, 5],
			"to": [10, 9, 8],
			"rotation": {"angle": 0, "axis": "y", "origin": [6, 0, 6]},
			"faces": {
				"north": {"uv": [13.5, 3.5, 14.5, 4], "texture": "#2"},
				"east": {"uv": [14, 8.5, 14.75, 9], "texture": "#2"},
				"south": {"uv": [13.5, 5, 14.5, 5.5], "texture": "#2"},
				"west": {"uv": [14, 9, 14.75, 9.5], "texture": "#2"},
				"up": {"uv": [9, 10.5, 8, 9], "texture": "#2"},
				"down": {"uv": [10, 9, 9, 10.5], "texture": "#2"}
			}
		},
		{
			"from": [10, 8, 6],
			"to": [11, 9, 10],
			"rotation": {"angle": 0, "axis": "y", "origin": [6, 0, 6]},
			"faces": {
				"north": {"uv": [14, 11.5, 14.25, 12], "texture": "#2"},
				"east": {"uv": [13.5, 5.5, 14.5, 6], "texture": "#2"},
				"south": {"uv": [14, 12, 14.25, 12.5], "texture": "#2"},
				"west": {"uv": [13.5, 6, 14.5, 6.5], "texture": "#2"},
				"up": {"uv": [13, 13, 12.75, 11], "texture": "#2"},
				"down": {"uv": [13.25, 11, 13, 13], "texture": "#2"}
			}
		},
		{
			"from": [5, 8, 6],
			"to": [6, 9, 10],
			"rotation": {"angle": 0, "axis": "y", "origin": [6, 0, 6]},
			"faces": {
				"north": {"uv": [8, 12.5, 8.25, 13], "texture": "#2"},
				"east": {"uv": [13.5, 6.5, 14.5, 7], "texture": "#2"},
				"south": {"uv": [8.25, 12.5, 8.5, 13], "texture": "#2"},
				"west": {"uv": [13.25, 11, 14.25, 11.5], "texture": "#2"},
				"up": {"uv": [8.75, 13.5, 8.5, 11.5], "texture": "#2"},
				"down": {"uv": [9, 11.5, 8.75, 13.5], "texture": "#2"}
			}
		},
		{
			"from": [1.75, 2.85, 6.3],
			"to": [1.75, 8.85, 10.1],
			"rotation": {"angle": -22.5, "axis": "z", "origin": [0, 0, 0]},
			"faces": {
				"north": {"uv": [8, 0, 8, 3], "texture": "#2"},
				"east": {"uv": [9, 6, 10, 9], "texture": "#2"},
				"south": {"uv": [8, 0, 8, 3], "texture": "#2"},
				"west": {"uv": [11, 3, 12, 6], "texture": "#2"},
				"up": {"uv": [8, 2, 8, 0], "texture": "#2"},
				"down": {"uv": [8, 0, 8, 2], "texture": "#2"}
			}
		},
		{
			"name": "Sugar",
			"from": [3.5, 0, 5.75],
			"to": [4.5, 1, 6.75],
			"rotation": {"angle": 0, "axis": "y", "origin": [0.5, 0, 0.75]},
			"faces": {
				"north": {"uv": [0, 0, 2, 4], "texture": "#2"},
				"east": {"uv": [0, 4, 2, 8], "texture": "#2"},
				"south": {"uv": [2, 0, 4, 4], "texture": "#2"},
				"west": {"uv": [2, 4, 4, 8], "texture": "#2"},
				"up": {"uv": [2, 12, 0, 8], "texture": "#2"},
				"down": {"uv": [6, 0, 4, 4], "texture": "#2"}
			}
		},
		{
			"name": "Sugar",
			"from": [0.8, 0, 5.25],
			"to": [1.8, 1, 6.25],
			"rotation": {"angle": 22.5, "axis": "y", "origin": [0.5, 0, 0.75]},
			"faces": {
				"north": {"uv": [0, 0, 2, 4], "texture": "#2"},
				"east": {"uv": [0, 4, 2, 8], "texture": "#2"},
				"south": {"uv": [2, 0, 4, 4], "texture": "#2"},
				"west": {"uv": [2, 4, 4, 8], "texture": "#2"},
				"up": {"uv": [2, 12, 0, 8], "texture": "#2"},
				"down": {"uv": [6, 0, 4, 4], "texture": "#2"}
			}
		},
		{
			"name": "Sugar",
			"from": [0.1, 0, 6.15],
			"to": [1.1, 1, 7.15],
			"rotation": {"angle": 45, "axis": "y", "origin": [0.5, 0, 0.75]},
			"faces": {
				"north": {"uv": [0, 0, 2, 4], "texture": "#2"},
				"east": {"uv": [0, 4, 2, 8], "texture": "#2"},
				"south": {"uv": [2, 0, 4, 4], "texture": "#2"},
				"west": {"uv": [2, 4, 4, 8], "texture": "#2"},
				"up": {"uv": [2, 12, 0, 8], "texture": "#2"},
				"down": {"uv": [6, 0, 4, 4], "texture": "#2"}
			}
		},
		{
			"name": "Sugar",
			"from": [3.5, 1, 5.05],
			"to": [4.5, 2, 6.05],
			"rotation": {"angle": 0, "axis": "y", "origin": [0.5, 0, 0.75]},
			"faces": {
				"north": {"uv": [0, 0, 2, 4], "texture": "#2"},
				"east": {"uv": [0, 4, 2, 8], "texture": "#2"},
				"south": {"uv": [2, 0, 4, 4], "texture": "#2"},
				"west": {"uv": [2, 4, 4, 8], "texture": "#2"},
				"up": {"uv": [2, 12, 0, 8], "texture": "#2"},
				"down": {"uv": [6, 0, 4, 4], "texture": "#2"}
			}
		},
		{
			"name": "Sugar",
			"from": [6, 1, 9.05],
			"to": [7, 2, 10.05],
			"rotation": {"angle": 0, "axis": "y", "origin": [0.5, 0, 0.75]},
			"faces": {
				"north": {"uv": [0, 0, 2, 4], "texture": "#2"},
				"east": {"uv": [0, 4, 2, 8], "texture": "#2"},
				"south": {"uv": [2, 0, 4, 4], "texture": "#2"},
				"west": {"uv": [2, 4, 4, 8], "texture": "#2"},
				"up": {"uv": [2, 12, 0, 8], "texture": "#2"},
				"down": {"uv": [6, 0, 4, 4], "texture": "#2"}
			}
		},
		{
			"name": "Sugar",
			"from": [9, 1, 8.05],
			"to": [10, 2, 9.05],
			"rotation": {"angle": 0, "axis": "y", "origin": [0.5, 0, 0.75]},
			"faces": {
				"north": {"uv": [0, 0, 2, 4], "texture": "#2"},
				"east": {"uv": [0, 4, 2, 8], "texture": "#2"},
				"south": {"uv": [2, 0, 4, 4], "texture": "#2"},
				"west": {"uv": [2, 4, 4, 8], "texture": "#2"},
				"up": {"uv": [2, 12, 0, 8], "texture": "#2"},
				"down": {"uv": [6, 0, 4, 4], "texture": "#2"}
			}
		},
		{
			"name": "Sugar",
			"from": [8, 1, 9.05],
			"to": [9, 2, 10.05],
			"rotation": {"angle": 0, "axis": "y", "origin": [0.5, 0, 0.75]},
			"faces": {
				"north": {"uv": [0, 0, 2, 4], "texture": "#2"},
				"east": {"uv": [0, 4, 2, 8], "texture": "#2"},
				"south": {"uv": [2, 0, 4, 4], "texture": "#2"},
				"west": {"uv": [2, 4, 4, 8], "texture": "#2"},
				"up": {"uv": [2, 12, 0, 8], "texture": "#2"},
				"down": {"uv": [6, 0, 4, 4], "texture": "#2"}
			}
		},
		{
			"name": "Sugar",
			"from": [5, 1, 9.75],
			"to": [6, 2, 10.75],
			"rotation": {"angle": 22.5, "axis": "y", "origin": [0.5, 0, 0.75]},
			"faces": {
				"north": {"uv": [0, 0, 2, 4], "texture": "#2"},
				"east": {"uv": [0, 4, 2, 8], "texture": "#2"},
				"south": {"uv": [2, 0, 4, 4], "texture": "#2"},
				"west": {"uv": [2, 4, 4, 8], "texture": "#2"},
				"up": {"uv": [2, 12, 0, 8], "texture": "#2"},
				"down": {"uv": [6, 0, 4, 4], "texture": "#2"}
			}
		},
		{
			"name": "Sugar",
			"from": [3.5, 1, 10.25],
			"to": [4.5, 2, 11.25],
			"rotation": {"angle": 22.5, "axis": "y", "origin": [0.5, 0, 0.75]},
			"faces": {
				"north": {"uv": [0, 0, 2, 4], "texture": "#2"},
				"east": {"uv": [0, 4, 2, 8], "texture": "#2"},
				"south": {"uv": [2, 0, 4, 4], "texture": "#2"},
				"west": {"uv": [2, 4, 4, 8], "texture": "#2"},
				"up": {"uv": [2, 12, 0, 8], "texture": "#2"},
				"down": {"uv": [6, 0, 4, 4], "texture": "#2"}
			}
		},
		{
			"name": "Sugar",
			"from": [6.4, 1, 7.05],
			"to": [7.4, 2, 8.05],
			"rotation": {"angle": 0, "axis": "y", "origin": [0.5, 0, 0.75]},
			"faces": {
				"north": {"uv": [0, 0, 2, 4], "texture": "#2"},
				"east": {"uv": [0, 4, 2, 8], "texture": "#2"},
				"south": {"uv": [2, 0, 4, 4], "texture": "#2"},
				"west": {"uv": [2, 4, 4, 8], "texture": "#2"},
				"up": {"uv": [2, 12, 0, 8], "texture": "#2"},
				"down": {"uv": [6, 0, 4, 4], "texture": "#2"}
			}
		},
		{
			"name": "Sugar",
			"from": [1, 1, 9.55],
			"to": [2, 2, 10.55],
			"rotation": {"angle": 45, "axis": "y", "origin": [0.5, 0, 0.75]},
			"faces": {
				"north": {"uv": [0, 0, 2, 4], "texture": "#2"},
				"east": {"uv": [0, 4, 2, 8], "texture": "#2"},
				"south": {"uv": [2, 0, 4, 4], "texture": "#2"},
				"west": {"uv": [2, 4, 4, 8], "texture": "#2"},
				"up": {"uv": [2, 12, 0, 8], "texture": "#2"},
				"down": {"uv": [6, 0, 4, 4], "texture": "#2"}
			}
		},
		{
			"name": "Sugar",
			"from": [1.2, 2, 13.85],
			"to": [2.2, 3, 14.85],
			"rotation": {"angle": 45, "axis": "y", "origin": [-1.8, 1, 4.35]},
			"faces": {
				"north": {"uv": [0, 0, 2, 4], "texture": "#2"},
				"east": {"uv": [0, 4, 2, 8], "texture": "#2"},
				"south": {"uv": [2, 0, 4, 4], "texture": "#2"},
				"west": {"uv": [2, 4, 4, 8], "texture": "#2"},
				"up": {"uv": [2, 12, 0, 8], "texture": "#2"},
				"down": {"uv": [6, 0, 4, 4], "texture": "#2"}
			}
		},
		{
			"name": "Sugar",
			"from": [2.7, 2, 13.35],
			"to": [3.7, 3, 14.35],
			"rotation": {"angle": 45, "axis": "y", "origin": [-1.8, 1, 4.35]},
			"faces": {
				"north": {"uv": [0, 0, 2, 4], "texture": "#2"},
				"east": {"uv": [0, 4, 2, 8], "texture": "#2"},
				"south": {"uv": [2, 0, 4, 4], "texture": "#2"},
				"west": {"uv": [2, 4, 4, 8], "texture": "#2"},
				"up": {"uv": [2, 12, 0, 8], "texture": "#2"},
				"down": {"uv": [6, 0, 4, 4], "texture": "#2"}
			}
		},
		{
			"name": "Sugar",
			"from": [5.7, 2, 12.65],
			"to": [6.7, 3, 13.65],
			"rotation": {"angle": 22.5, "axis": "y", "origin": [-1.8, 1, 4.35]},
			"faces": {
				"north": {"uv": [0, 0, 2, 4], "texture": "#2"},
				"east": {"uv": [0, 4, 2, 8], "texture": "#2"},
				"south": {"uv": [2, 0, 4, 4], "texture": "#2"},
				"west": {"uv": [2, 4, 4, 8], "texture": "#2"},
				"up": {"uv": [2, 12, 0, 8], "texture": "#2"},
				"down": {"uv": [6, 0, 4, 4], "texture": "#2"}
			}
		},
		{
			"name": "Sugar",
			"from": [6.7, 2, 11.65],
			"to": [7.7, 3, 12.65],
			"rotation": {"angle": 22.5, "axis": "y", "origin": [-1.8, 1, 4.35]},
			"faces": {
				"north": {"uv": [0, 0, 2, 4], "texture": "#2"},
				"east": {"uv": [0, 4, 2, 8], "texture": "#2"},
				"south": {"uv": [2, 0, 4, 4], "texture": "#2"},
				"west": {"uv": [2, 4, 4, 8], "texture": "#2"},
				"up": {"uv": [2, 12, 0, 8], "texture": "#2"},
				"down": {"uv": [6, 0, 4, 4], "texture": "#2"}
			}
		},
		{
			"name": "Sugar",
			"from": [4.1, 2, 10.65],
			"to": [5.1, 3, 11.65],
			"rotation": {"angle": 22.5, "axis": "y", "origin": [-1.8, 1, 4.35]},
			"faces": {
				"north": {"uv": [0, 0, 2, 4], "texture": "#2"},
				"east": {"uv": [0, 4, 2, 8], "texture": "#2"},
				"south": {"uv": [2, 0, 4, 4], "texture": "#2"},
				"west": {"uv": [2, 4, 4, 8], "texture": "#2"},
				"up": {"uv": [2, 12, 0, 8], "texture": "#2"},
				"down": {"uv": [6, 0, 4, 4], "texture": "#2"}
			}
		},
		{
			"name": "Sugar",
			"from": [3.7, 2, 12.65],
			"to": [4.7, 3, 13.65],
			"rotation": {"angle": 22.5, "axis": "y", "origin": [-1.8, 1, 4.35]},
			"faces": {
				"north": {"uv": [0, 0, 2, 4], "texture": "#2"},
				"east": {"uv": [0, 4, 2, 8], "texture": "#2"},
				"south": {"uv": [2, 0, 4, 4], "texture": "#2"},
				"west": {"uv": [2, 4, 4, 8], "texture": "#2"},
				"up": {"uv": [2, 12, 0, 8], "texture": "#2"},
				"down": {"uv": [6, 0, 4, 4], "texture": "#2"}
			}
		},
		{
			"name": "Sugar",
			"from": [7, 2, 2.85],
			"to": [8, 3, 3.85],
			"rotation": {"angle": -22.5, "axis": "y", "origin": [-1.8, 1, 4.35]},
			"faces": {
				"north": {"uv": [0, 4, 2, 8], "texture": "#2"},
				"east": {"uv": [2, 0, 4, 4], "texture": "#2"},
				"south": {"uv": [2, 4, 4, 8], "texture": "#2"},
				"west": {"uv": [0, 0, 2, 4], "texture": "#2"},
				"up": {"uv": [2, 12, 0, 8], "rotation": 270, "texture": "#2"},
				"down": {"uv": [6, 0, 4, 4], "rotation": 90, "texture": "#2"}
			}
		},
		{
			"name": "Sugar",
			"from": [2.6, 3, 12.85],
			"to": [3.6, 4, 13.85],
			"rotation": {"angle": 45, "axis": "y", "origin": [-1.9, 2, 3.85]},
			"faces": {
				"north": {"uv": [0, 0, 2, 4], "texture": "#2"},
				"east": {"uv": [0, 4, 2, 8], "texture": "#2"},
				"south": {"uv": [2, 0, 4, 4], "texture": "#2"},
				"west": {"uv": [2, 4, 4, 8], "texture": "#2"},
				"up": {"uv": [2, 12, 0, 8], "texture": "#2"},
				"down": {"uv": [6, 0, 4, 4], "texture": "#2"}
			}
		},
		{
			"name": "Sugar",
			"from": [1.1, 3, 13.35],
			"to": [2.1, 4, 14.35],
			"rotation": {"angle": 45, "axis": "y", "origin": [-1.9, 2, 3.85]},
			"faces": {
				"north": {"uv": [0, 0, 2, 4], "texture": "#2"},
				"east": {"uv": [0, 4, 2, 8], "texture": "#2"},
				"south": {"uv": [2, 0, 4, 4], "texture": "#2"},
				"west": {"uv": [2, 4, 4, 8], "texture": "#2"},
				"up": {"uv": [2, 12, 0, 8], "texture": "#2"},
				"down": {"uv": [6, 0, 4, 4], "texture": "#2"}
			}
		},
		{
			"name": "Sugar",
			"from": [5.6, 3, 12.15],
			"to": [6.6, 4, 13.15],
			"rotation": {"angle": 22.5, "axis": "y", "origin": [-1.9, 2, 3.85]},
			"faces": {
				"north": {"uv": [0, 0, 2, 4], "texture": "#2"},
				"east": {"uv": [0, 4, 2, 8], "texture": "#2"},
				"south": {"uv": [2, 0, 4, 4], "texture": "#2"},
				"west": {"uv": [2, 4, 4, 8], "texture": "#2"},
				"up": {"uv": [2, 12, 0, 8], "texture": "#2"},
				"down": {"uv": [6, 0, 4, 4], "texture": "#2"}
			}
		},
		{
			"name": "Sugar",
			"from": [6.6, 3, 11.15],
			"to": [7.6, 4, 12.15],
			"rotation": {"angle": 22.5, "axis": "y", "origin": [-1.9, 2, 3.85]},
			"faces": {
				"north": {"uv": [0, 0, 2, 4], "texture": "#2"},
				"east": {"uv": [0, 4, 2, 8], "texture": "#2"},
				"south": {"uv": [2, 0, 4, 4], "texture": "#2"},
				"west": {"uv": [2, 4, 4, 8], "texture": "#2"},
				"up": {"uv": [2, 12, 0, 8], "texture": "#2"},
				"down": {"uv": [6, 0, 4, 4], "texture": "#2"}
			}
		},
		{
			"name": "Sugar",
			"from": [6.9, 3, 2.35],
			"to": [7.9, 4, 3.35],
			"rotation": {"angle": -22.5, "axis": "y", "origin": [-1.9, 2, 3.85]},
			"faces": {
				"north": {"uv": [0, 4, 2, 8], "texture": "#2"},
				"east": {"uv": [2, 0, 4, 4], "texture": "#2"},
				"south": {"uv": [2, 4, 4, 8], "texture": "#2"},
				"west": {"uv": [0, 0, 2, 4], "texture": "#2"},
				"up": {"uv": [2, 12, 0, 8], "rotation": 270, "texture": "#2"},
				"down": {"uv": [6, 0, 4, 4], "rotation": 90, "texture": "#2"}
			}
		},
		{
			"name": "Sugar",
			"from": [4, 3, 10.15],
			"to": [5, 4, 11.15],
			"rotation": {"angle": 22.5, "axis": "y", "origin": [-1.9, 2, 3.85]},
			"faces": {
				"north": {"uv": [0, 0, 2, 4], "texture": "#2"},
				"east": {"uv": [0, 4, 2, 8], "texture": "#2"},
				"south": {"uv": [2, 0, 4, 4], "texture": "#2"},
				"west": {"uv": [2, 4, 4, 8], "texture": "#2"},
				"up": {"uv": [2, 12, 0, 8], "texture": "#2"},
				"down": {"uv": [6, 0, 4, 4], "texture": "#2"}
			}
		},
		{
			"name": "Sugar",
			"from": [3.6, 3, 12.15],
			"to": [4.6, 4, 13.15],
			"rotation": {"angle": 22.5, "axis": "y", "origin": [-1.9, 2, 3.85]},
			"faces": {
				"north": {"uv": [0, 0, 2, 4], "texture": "#2"},
				"east": {"uv": [0, 4, 2, 8], "texture": "#2"},
				"south": {"uv": [2, 0, 4, 4], "texture": "#2"},
				"west": {"uv": [2, 4, 4, 8], "texture": "#2"},
				"up": {"uv": [2, 12, 0, 8], "texture": "#2"},
				"down": {"uv": [6, 0, 4, 4], "texture": "#2"}
			}
		},
		{
			"name": "Sugar",
			"from": [6.9, 4, 3.45],
			"to": [7.9, 5, 4.45],
			"rotation": {"angle": -22.5, "axis": "y", "origin": [-2.6, 3, 7.45]},
			"faces": {
				"north": {"uv": [0, 4, 2, 8], "texture": "#2"},
				"east": {"uv": [2, 0, 4, 4], "texture": "#2"},
				"south": {"uv": [2, 4, 4, 8], "texture": "#2"},
				"west": {"uv": [0, 0, 2, 4], "texture": "#2"},
				"up": {"uv": [2, 12, 0, 8], "rotation": 270, "texture": "#2"},
				"down": {"uv": [6, 0, 4, 4], "rotation": 90, "texture": "#2"}
			}
		},
		{
			"name": "Sugar",
			"from": [6.4, 4, 1.95],
			"to": [7.4, 5, 2.95],
			"rotation": {"angle": -22.5, "axis": "y", "origin": [-2.6, 3, 7.45]},
			"faces": {
				"north": {"uv": [0, 4, 2, 8], "texture": "#2"},
				"east": {"uv": [2, 0, 4, 4], "texture": "#2"},
				"south": {"uv": [2, 4, 4, 8], "texture": "#2"},
				"west": {"uv": [0, 0, 2, 4], "texture": "#2"},
				"up": {"uv": [2, 12, 0, 8], "rotation": 270, "texture": "#2"},
				"down": {"uv": [6, 0, 4, 4], "rotation": 90, "texture": "#2"}
			}
		},
		{
			"name": "Sugar",
			"from": [4.9, 4, 15.75],
			"to": [5.9, 5, 16.75],
			"rotation": {"angle": 45, "axis": "y", "origin": [-2.6, 3, 7.45]},
			"faces": {
				"north": {"uv": [0, 0, 2, 4], "texture": "#2"},
				"east": {"uv": [0, 4, 2, 8], "texture": "#2"},
				"south": {"uv": [2, 0, 4, 4], "texture": "#2"},
				"west": {"uv": [2, 4, 4, 8], "texture": "#2"},
				"up": {"uv": [2, 12, 0, 8], "texture": "#2"},
				"down": {"uv": [6, 0, 4, 4], "texture": "#2"}
			}
		},
		{
			"name": "Sugar",
			"from": [5.9, 4, 14.75],
			"to": [6.9, 5, 15.75],
			"rotation": {"angle": 45, "axis": "y", "origin": [-2.6, 3, 7.45]},
			"faces": {
				"north": {"uv": [0, 0, 2, 4], "texture": "#2"},
				"east": {"uv": [0, 4, 2, 8], "texture": "#2"},
				"south": {"uv": [2, 0, 4, 4], "texture": "#2"},
				"west": {"uv": [2, 4, 4, 8], "texture": "#2"},
				"up": {"uv": [2, 12, 0, 8], "texture": "#2"},
				"down": {"uv": [6, 0, 4, 4], "texture": "#2"}
			}
		},
		{
			"name": "Sugar",
			"from": [3.3, 4, 13.75],
			"to": [4.3, 5, 14.75],
			"rotation": {"angle": 45, "axis": "y", "origin": [-2.6, 3, 7.45]},
			"faces": {
				"north": {"uv": [0, 0, 2, 4], "texture": "#2"},
				"east": {"uv": [0, 4, 2, 8], "texture": "#2"},
				"south": {"uv": [2, 0, 4, 4], "texture": "#2"},
				"west": {"uv": [2, 4, 4, 8], "texture": "#2"},
				"up": {"uv": [2, 12, 0, 8], "texture": "#2"},
				"down": {"uv": [6, 0, 4, 4], "texture": "#2"}
			}
		},
		{
			"name": "Sugar",
			"from": [2.9, 4, 15.75],
			"to": [3.9, 5, 16.75],
			"rotation": {"angle": 45, "axis": "y", "origin": [-2.6, 3, 7.45]},
			"faces": {
				"north": {"uv": [0, 0, 2, 4], "texture": "#2"},
				"east": {"uv": [0, 4, 2, 8], "texture": "#2"},
				"south": {"uv": [2, 0, 4, 4], "texture": "#2"},
				"west": {"uv": [2, 4, 4, 8], "texture": "#2"},
				"up": {"uv": [2, 12, 0, 8], "texture": "#2"},
				"down": {"uv": [6, 0, 4, 4], "texture": "#2"}
			}
		},
		{
			"name": "Sugar",
			"from": [6.2, 4, 5.95],
			"to": [7.2, 5, 6.95],
			"rotation": {"angle": 0, "axis": "y", "origin": [-2.6, 3, 7.45]},
			"faces": {
				"north": {"uv": [0, 4, 2, 8], "texture": "#2"},
				"east": {"uv": [2, 0, 4, 4], "texture": "#2"},
				"south": {"uv": [2, 4, 4, 8], "texture": "#2"},
				"west": {"uv": [0, 0, 2, 4], "texture": "#2"},
				"up": {"uv": [2, 12, 0, 8], "rotation": 270, "texture": "#2"},
				"down": {"uv": [6, 0, 4, 4], "rotation": 90, "texture": "#2"}
			}
		},
		{
			"name": "Sugar",
			"from": [6.1, 5, 11.75],
			"to": [7.1, 6, 12.75],
			"rotation": {"angle": 22.5, "axis": "y", "origin": [-1.4, 4, 3.45]},
			"faces": {
				"north": {"uv": [0, 0, 2, 4], "texture": "#2"},
				"east": {"uv": [0, 4, 2, 8], "texture": "#2"},
				"south": {"uv": [2, 0, 4, 4], "texture": "#2"},
				"west": {"uv": [2, 4, 4, 8], "texture": "#2"},
				"up": {"uv": [2, 12, 0, 8], "texture": "#2"},
				"down": {"uv": [6, 0, 4, 4], "texture": "#2"}
			}
		},
		{
			"name": "Sugar",
			"from": [7.6, 5, -2.05],
			"to": [8.6, 6, -1.05],
			"rotation": {"angle": -45, "axis": "y", "origin": [-1.4, 4, 3.45]},
			"faces": {
				"north": {"uv": [0, 4, 2, 8], "texture": "#2"},
				"east": {"uv": [2, 0, 4, 4], "texture": "#2"},
				"south": {"uv": [2, 4, 4, 8], "texture": "#2"},
				"west": {"uv": [0, 0, 2, 4], "texture": "#2"},
				"up": {"uv": [2, 12, 0, 8], "rotation": 270, "texture": "#2"},
				"down": {"uv": [6, 0, 4, 4], "rotation": 90, "texture": "#2"}
			}
		},
		{
			"name": "Sugar",
			"from": [8.1, 5, -0.55],
			"to": [9.1, 6, 0.45],
			"rotation": {"angle": -45, "axis": "y", "origin": [-1.4, 4, 3.45]},
			"faces": {
				"north": {"uv": [0, 4, 2, 8], "texture": "#2"},
				"east": {"uv": [2, 0, 4, 4], "texture": "#2"},
				"south": {"uv": [2, 4, 4, 8], "texture": "#2"},
				"west": {"uv": [0, 0, 2, 4], "texture": "#2"},
				"up": {"uv": [2, 12, 0, 8], "rotation": 270, "texture": "#2"},
				"down": {"uv": [6, 0, 4, 4], "rotation": 90, "texture": "#2"}
			}
		}
	],
	"display": {
		"thirdperson_righthand": {
			"translation": [0, 2.5, 0],
			"scale": [0.3, 0.3, 0.3]
		},
		"thirdperson_lefthand": {
			"translation": [0, 2.5, 0],
			"scale": [0.3, 0.3, 0.3]
		},
		"firstperson_righthand": {
			"scale": [0.3, 0.3, 0.3]
		},
		"firstperson_lefthand": {
			"scale": [0.3, 0.3, 0.3]
		},
		"ground": {
			"translation": [0, 4.25, 0]
		},
		"fixed": {
			"rotation": [-90, 0, 0],
			"translation": [0, 0, -15],
			"scale": [2, 2, 2]
		}
	},
	"groups": [
		{
			"name": "Jar",
			"origin": [0, 0, 0],
			"color": 0,
			"children": [0, 1, 2, 3, 4, 5, 6, 7, 8, 9, 10, 11, 12, 13, 14, 15, 16]
		},
		{
			"name": "Outside Sugar",
			"origin": [0.5, 0, 0.75],
			"color": 0,
			"children": [17, 18, 19, 20]
		},
		{
			"name": "Inside Sugar",
			"origin": [-1.4, 4, 3.45],
			"color": 0,
			"children": [21, 22, 23, 24, 25, 26, 27, 28, 29, 30, 31, 32, 33, 34, 35, 36, 37, 38, 39, 40, 41, 42, 43, 44, 45, 46, 47, 48, 49, 50, 51]
		}
	]
}