{
	"credit": "Made with Blockbench",
	"texture_size": [128, 64],
	"textures": {
		"2": "block/sunflower_jump_stand"
	},
	"elements": [
		{
			"from": [0, 1, 7],
			"to": [2, 32, 9],
			"faces": {
				"north": {"uv": [8, 0, 8.25, 7.75], "texture": "#2"},
				"east": {"uv": [8.25, 0, 8.5, 7.75], "texture": "#2"},
				"south": {"uv": [8.5, 0, 8.75, 7.75], "texture": "#2"},
				"west": {"uv": [8.75, 0, 9, 7.75], "texture": "#2"},
				"up": {"uv": [10.25, 3, 10, 2.5], "texture": "#2"},
				"down": {"uv": [10.25, 3, 10, 3.5], "texture": "#2"}
			}
		},
		{
			"from": [0, 0, 0],
			"to": [2, 1, 16],
			"faces": {
				"north": {"uv": [10, 3.5, 10.25, 3.75], "texture": "#2"},
				"east": {"uv": [10, 1.5, 12, 1.75], "texture": "#2"},
				"south": {"uv": [10, 3.75, 10.25, 4], "texture": "#2"},
				"west": {"uv": [10, 1.75, 12, 2], "texture": "#2"},
				"up": {"uv": [9.25, 5, 9, 1], "texture": "#2"},
				"down": {"uv": [9.5, 1, 9.25, 5], "texture": "#2"}
			}
		},
		{
			"from": [17, 0, 0],
			"to": [19, 1, 16],
			"faces": {
				"north": {"uv": [10, 4, 10.25, 4.25], "texture": "#2"},
				"east": {"uv": [10, 2, 12, 2.25], "texture": "#2"},
				"south": {"uv": [10, 4.25, 10.25, 4.5], "texture": "#2"},
				"west": {"uv": [10, 2.25, 12, 2.5], "texture": "#2"},
				"up": {"uv": [9.75, 5, 9.5, 1], "texture": "#2"},
				"down": {"uv": [10, 1, 9.75, 5], "texture": "#2"}
			}
		},
		{
			"from": [2, 1, 7],
			"to": [20, 2, 9],
			"faces": {
				"north": {"uv": [10, 1, 12.25, 1.25], "texture": "#2"},
				"east": {"uv": [10.25, 2.5, 10.5, 2.75], "texture": "#2"},
				"south": {"uv": [10, 1.25, 12.25, 1.5], "texture": "#2"},
				"west": {"uv": [10.25, 2.75, 10.5, 3], "texture": "#2"},
				"up": {"uv": [11.25, 0.5, 9, 0], "texture": "#2"},
				"down": {"uv": [11.25, 0.5, 9, 1], "texture": "#2"}
			}
		},
		{
			"from": [2, 2, 8],
			"to": [28, 32, 8],
			"faces": {
				"north": {"uv": [0, 0, 3.25, 7.5], "texture": "#2"},
				"east": {"uv": [0, 0, 0, 7.5], "texture": "#2"},
				"south": {"uv": [3.25, 0, 6.5, 7.5], "texture": "#2"},
				"west": {"uv": [0, 0, 0, 7.5], "texture": "#2"},
				"up": {"uv": [3.25, 0, 0, 0], "texture": "#2"},
				"down": {"uv": [3.25, 0, 0, 0], "texture": "#2"}
			}
		}
	],
	"display": {
		"thirdperson_righthand": {
			"scale": [0.3, 0.3, 0.3]
		},
		"thirdperson_lefthand": {
			"scale": [0.3, 0.3, 0.3]
		},
		"firstperson_righthand": {
			"scale": [0.3, 0.3, 0.3]
		},
		"firstperson_lefthand": {
			"scale": [0.3, 0.3, 0.3]
		},
		"ground": {
			"translation": [0, 4.75, 0]
		},
		"gui": {
			"translation": [0, -3, 0],
			"scale": [0.4, 0.4, 0.4]
		},
		"fixed": {
			"rotation": [-90, 0, 0],
			"translation": [0, 0, -15],
			"scale": [2, 2, 2]
		}
	}
}