{
	"credit": "Made with Blockbench",
	"texture_size": [128, 128],
	"textures": {
		"0": "block/tack_box",
		"particle": "block/tack_box"
	},
	"elements": [
		{
			"from": [-6.7, 0, -0.6],
			"to": [23.3, 14, -0.6],
			"rotation": {"angle": 0, "axis": "y", "origin": [-0.5, 0, 0]},
			"faces": {
				"north": {"uv": [0, 6, 3.75, 7.75], "texture": "#0"},
				"east": {"uv": [0, 6, 0, 7.75], "texture": "#0"},
				"south": {"uv": [3.75, 6, 7.5, 7.75], "texture": "#0"},
				"west": {"uv": [3.75, 6, 3.75, 7.75], "texture": "#0"},
				"up": {"uv": [3.75, 6, 0, 6], "texture": "#0"},
				"down": {"uv": [7.5, 6, 3.75, 6], "texture": "#0"}
			}
		},
		{
			"from": [-8.5, 0, 15.6],
			"to": [23.5, 14, 15.6],
			"rotation": {"angle": 0, "axis": "y", "origin": [-0.5, 0, 16]},
			"faces": {
				"north": {"uv": [0, 2.5, 4, 4.25], "texture": "#0"},
				"east": {"uv": [0, 2.5, 0, 4.25], "texture": "#0"},
				"south": {"uv": [4, 2.5, 8, 4.25], "texture": "#0"},
				"west": {"uv": [4, 2.5, 4, 4.25], "texture": "#0"},
				"up": {"uv": [4, 2.5, 0, 2.5], "texture": "#0"},
				"down": {"uv": [8, 2.5, 4, 2.5], "texture": "#0"}
			}
		},
		{
			"from": [-8.5, 0, 15.5],
			"to": [23.5, 14, 15.5],
			"rotation": {"angle": 0, "axis": "y", "origin": [-0.5, 0, 0]},
			"faces": {
				"north": {"uv": [0, 4.25, 4, 6], "texture": "#0"},
				"east": {"uv": [0, 4.25, 0, 6], "texture": "#0"},
				"south": {"uv": [4, 4.25, 8, 6], "texture": "#0"},
				"west": {"uv": [4, 4.25, 4, 6], "texture": "#0"},
				"up": {"uv": [4, 4.25, 0, 4.25], "texture": "#0"},
				"down": {"uv": [8, 4.25, 4, 4.25], "texture": "#0"}
			}
		},
		{
			"from": [-7.5, 0, -0.5],
			"to": [-6.5, 14, 15.5],
			"rotation": {"angle": 0, "axis": "y", "origin": [-0.5, 0, 0]},
			"faces": {
				"north": {"uv": [2, 9.75, 2.125, 11.5], "texture": "#0"},
				"east": {"uv": [0, 9.75, 2, 11.5], "texture": "#0"},
				"south": {"uv": [4.125, 9.75, 4.25, 11.5], "texture": "#0"},
				"west": {"uv": [2.125, 9.75, 4.125, 11.5], "texture": "#0"},
				"up": {"uv": [2.125, 9.75, 2, 7.75], "texture": "#0"},
				"down": {"uv": [2.25, 7.75, 2.125, 9.75], "texture": "#0"}
			}
		},
		{
			"from": [24, 0, -0.5],
			"to": [25, 14, 15.5],
			"rotation": {"angle": 0, "axis": "y", "origin": [-0.5, 0, 0]},
			"faces": {
				"north": {"uv": [8, 7.75, 8.125, 9.5], "texture": "#0"},
				"east": {"uv": [6, 7.75, 8, 9.5], "texture": "#0"},
				"south": {"uv": [10.125, 7.75, 10.25, 9.5], "texture": "#0"},
				"west": {"uv": [8.125, 7.75, 10.125, 9.5], "texture": "#0"},
				"up": {"uv": [8.125, 7.75, 8, 5.75], "texture": "#0"},
				"down": {"uv": [8.25, 5.75, 8.125, 7.75], "texture": "#0"}
			}
		},
		{
			"from": [23, 0, -1.5],
			"to": [25, 14, -0.5],
			"rotation": {"angle": 0, "axis": "y", "origin": [-0.5, 0, 0]},
			"faces": {
				"north": {"uv": [3.875, 7.875, 4.125, 9.625], "texture": "#0"},
				"east": {"uv": [3.75, 7.875, 3.875, 9.625], "texture": "#0"},
				"south": {"uv": [4.25, 7.875, 4.5, 9.625], "texture": "#0"},
				"west": {"uv": [4.125, 7.875, 4.25, 9.625], "texture": "#0"},
				"up": {"uv": [4.125, 7.875, 3.875, 7.75], "texture": "#0"},
				"down": {"uv": [4.375, 7.75, 4.125, 7.875], "texture": "#0"}
			}
		},
		{
			"from": [26, 10, 5],
			"to": [27, 11, 10],
			"rotation": {"angle": 0, "axis": "y", "origin": [-0.5, 0, 0]},
			"faces": {
				"north": {"uv": [8.625, 3.125, 8.75, 3.25], "texture": "#0"},
				"east": {"uv": [8, 3.125, 8.625, 3.25], "texture": "#0"},
				"south": {"uv": [9.375, 3.125, 9.5, 3.25], "texture": "#0"},
				"west": {"uv": [8.75, 3.125, 9.375, 3.25], "texture": "#0"},
				"up": {"uv": [8.75, 3.125, 8.625, 2.5], "texture": "#0"},
				"down": {"uv": [8.875, 2.5, 8.75, 3.125], "texture": "#0"}
			}
		},
		{
			"from": [25, 10, 9],
			"to": [26, 11, 10],
			"rotation": {"angle": 0, "axis": "y", "origin": [-0.5, 0, 0]},
			"faces": {
				"north": {"uv": [0.125, 2.125, 0.25, 2.25], "texture": "#0"},
				"east": {"uv": [0, 2.125, 0.125, 2.25], "texture": "#0"},
				"south": {"uv": [0.375, 2.125, 0.5, 2.25], "texture": "#0"},
				"west": {"uv": [0.25, 2.125, 0.375, 2.25], "texture": "#0"},
				"up": {"uv": [0.25, 2.125, 0.125, 2], "texture": "#0"},
				"down": {"uv": [0.375, 2, 0.25, 2.125], "texture": "#0"}
			}
		},
		{
			"from": [25, 10, 5],
			"to": [26, 11, 6],
			"rotation": {"angle": 0, "axis": "y", "origin": [-0.5, 0, 0]},
			"faces": {
				"north": {"uv": [0.625, 2.125, 0.75, 2.25], "texture": "#0"},
				"east": {"uv": [0.5, 2.125, 0.625, 2.25], "texture": "#0"},
				"south": {"uv": [0.875, 2.125, 1, 2.25], "texture": "#0"},
				"west": {"uv": [0.75, 2.125, 0.875, 2.25], "texture": "#0"},
				"up": {"uv": [0.75, 2.125, 0.625, 2], "texture": "#0"},
				"down": {"uv": [0.875, 2, 0.75, 2.125], "texture": "#0"}
			}
		},
		{
			"from": [-7.5, 0, -1.5],
			"to": [-5.5, 14, -0.5],
			"rotation": {"angle": 0, "axis": "y", "origin": [-0.5, 0, 0]},
			"faces": {
				"north": {"uv": [3.125, 7.875, 3.375, 9.625], "texture": "#0"},
				"east": {"uv": [3, 7.875, 3.125, 9.625], "texture": "#0"},
				"south": {"uv": [3.5, 7.875, 3.75, 9.625], "texture": "#0"},
				"west": {"uv": [3.375, 7.875, 3.5, 9.625], "texture": "#0"},
				"up": {"uv": [3.375, 7.875, 3.125, 7.75], "texture": "#0"},
				"down": {"uv": [3.625, 7.75, 3.375, 7.875], "texture": "#0"}
			}
		},
		{
			"from": [-7.5, 0, 15.5],
			"to": [-5.5, 14, 16.5],
			"rotation": {"angle": 0, "axis": "y", "origin": [-0.5, 0, 0]},
			"faces": {
				"north": {"uv": [2.375, 7.875, 2.625, 9.625], "texture": "#0"},
				"east": {"uv": [2.25, 7.875, 2.375, 9.625], "texture": "#0"},
				"south": {"uv": [2.75, 7.875, 3, 9.625], "texture": "#0"},
				"west": {"uv": [2.625, 7.875, 2.75, 9.625], "texture": "#0"},
				"up": {"uv": [2.625, 7.875, 2.375, 7.75], "texture": "#0"},
				"down": {"uv": [2.875, 7.75, 2.625, 7.875], "texture": "#0"}
			}
		},
		{
			"from": [22.5, 0, 15.5],
			"to": [24.5, 14, 16.5],
			"rotation": {"angle": 0, "axis": "y", "origin": [-0.5, 0, 0]},
			"faces": {
				"north": {"uv": [0.875, 7.875, 1.125, 9.625], "texture": "#0"},
				"east": {"uv": [0.75, 7.875, 0.875, 9.625], "texture": "#0"},
				"south": {"uv": [1.25, 7.875, 1.5, 9.625], "texture": "#0"},
				"west": {"uv": [1.125, 7.875, 1.25, 9.625], "texture": "#0"},
				"up": {"uv": [1.125, 7.875, 0.875, 7.75], "texture": "#0"},
				"down": {"uv": [1.375, 7.75, 1.125, 7.875], "texture": "#0"}
			}
		},
		{
			"from": [25, 0, 13.5],
			"to": [26, 14, 15.5],
			"rotation": {"angle": 0, "axis": "y", "origin": [-0.5, 0, 0]},
			"faces": {
				"north": {"uv": [0.25, 8, 0.375, 9.75], "texture": "#0"},
				"east": {"uv": [0, 8, 0.25, 9.75], "texture": "#0"},
				"south": {"uv": [0.625, 8, 0.75, 9.75], "texture": "#0"},
				"west": {"uv": [0.375, 8, 0.625, 9.75], "texture": "#0"},
				"up": {"uv": [0.375, 8, 0.25, 7.75], "texture": "#0"},
				"down": {"uv": [0.5, 7.75, 0.375, 8], "texture": "#0"}
			}
		},
		{
			"from": [25, 0, -0.5],
			"to": [26, 14, 1.5],
			"rotation": {"angle": 0, "axis": "y", "origin": [-0.5, 0, 0]},
			"faces": {
				"north": {"uv": [1.75, 0.25, 1.875, 2], "texture": "#0"},
				"east": {"uv": [1.5, 0.25, 1.75, 2], "texture": "#0"},
				"south": {"uv": [2.125, 0.25, 2.25, 2], "texture": "#0"},
				"west": {"uv": [1.875, 0.25, 2.125, 2], "texture": "#0"},
				"up": {"uv": [1.875, 0.25, 1.75, 0], "texture": "#0"},
				"down": {"uv": [2, 0, 1.875, 0.25], "texture": "#0"}
			}
		},
		{
			"from": [-8.5, 0, -0.5],
			"to": [-7.5, 14, 1.5],
			"rotation": {"angle": 0, "axis": "y", "origin": [-0.5, 0, 0]},
			"faces": {
				"north": {"uv": [1, 0.25, 1.125, 2], "texture": "#0"},
				"east": {"uv": [0.75, 0.25, 1, 2], "texture": "#0"},
				"south": {"uv": [1.375, 0.25, 1.5, 2], "texture": "#0"},
				"west": {"uv": [1.125, 0.25, 1.375, 2], "texture": "#0"},
				"up": {"uv": [1.125, 0.25, 1, 0], "texture": "#0"},
				"down": {"uv": [1.25, 0, 1.125, 0.25], "texture": "#0"}
			}
		},
		{
			"from": [-8.5, 0, 13.5],
			"to": [-7.5, 14, 15.5],
			"rotation": {"angle": 0, "axis": "y", "origin": [-0.5, 0, 0]},
			"faces": {
				"north": {"uv": [0.25, 0.25, 0.375, 2], "texture": "#0"},
				"east": {"uv": [0, 0.25, 0.25, 2], "texture": "#0"},
				"south": {"uv": [0.625, 0.25, 0.75, 2], "texture": "#0"},
				"west": {"uv": [0.375, 0.25, 0.625, 2], "texture": "#0"},
				"up": {"uv": [0.375, 0.25, 0.25, 0], "texture": "#0"},
				"down": {"uv": [0.5, 0, 0.375, 0.25], "texture": "#0"}
			}
		},
		{
			"from": [-9.5, 14, -2],
			"to": [26.5, 16, 16.5],
			"rotation": {"angle": 0, "axis": "y", "origin": [-1.5, 0, 0]},
			"faces": {
				"north": {"uv": [2.25, 2.25, 6.75, 2.5], "texture": "#0"},
				"east": {"uv": [0, 2.25, 2.25, 2.5], "texture": "#0"},
				"south": {"uv": [9, 2.25, 13.5, 2.5], "texture": "#0"},
				"west": {"uv": [6.75, 2.25, 9, 2.5], "texture": "#0"},
				"up": {"uv": [6.75, 2.25, 2.25, 0], "texture": "#0"},
				"down": {"uv": [11.25, 0, 6.75, 2.25], "texture": "#0"}
			}
		},
		{
			"from": [7, 10, -3],
			"to": [9, 15, -2],
			"rotation": {"angle": 0, "axis": "y", "origin": [-0.5, 0, 0]},
			"faces": {
				"north": {"uv": [8.125, 4.125, 8.375, 4.75], "texture": "#0"},
				"east": {"uv": [8, 4.125, 8.125, 4.75], "texture": "#0"},
				"south": {"uv": [8.5, 4.125, 8.75, 4.75], "texture": "#0"},
				"west": {"uv": [8.375, 4.125, 8.5, 4.75], "texture": "#0"},
				"up": {"uv": [8.375, 4.125, 8.125, 4], "texture": "#0"},
				"down": {"uv": [8.625, 4, 8.375, 4.125], "texture": "#0"}
			}
		},
		{
			"from": [7.5, 11, -3.5],
			"to": [8.5, 13, 0.5],
			"faces": {
				"north": {"uv": [8.5, 3.75, 8.625, 4], "texture": "#0"},
				"east": {"uv": [8, 3.75, 8.5, 4], "texture": "#0"},
				"south": {"uv": [9.125, 3.75, 9.25, 4], "texture": "#0"},
				"west": {"uv": [8.625, 3.75, 9.125, 4], "texture": "#0"},
				"up": {"uv": [8.625, 3.75, 8.5, 3.25], "texture": "#0"},
				"down": {"uv": [8.75, 3.25, 8.625, 3.75], "texture": "#0"}
			}
		},
		{
			"from": [-8.5, 10, 9],
			"to": [-7.5, 11, 10],
			"rotation": {"angle": 0, "axis": "y", "origin": [15.5, 0, 0]},
			"faces": {
				"north": {"uv": [1.375, 0.125, 1.5, 0.25], "texture": "#0"},
				"east": {"uv": [1.25, 0.125, 1.375, 0.25], "texture": "#0"},
				"south": {"uv": [1.625, 0.125, 1.75, 0.25], "texture": "#0"},
				"west": {"uv": [1.5, 0.125, 1.625, 0.25], "texture": "#0"},
				"up": {"uv": [1.5, 0.125, 1.375, 0], "texture": "#0"},
				"down": {"uv": [1.625, 0, 1.5, 0.125], "texture": "#0"}
			}
		},
		{
			"from": [-8.5, 10, 5],
			"to": [-7.5, 11, 6],
			"rotation": {"angle": 0, "axis": "y", "origin": [15.5, 0, 0]},
			"faces": {
				"north": {"uv": [0.625, 0.125, 0.75, 0.25], "texture": "#0"},
				"east": {"uv": [0.5, 0.125, 0.625, 0.25], "texture": "#0"},
				"south": {"uv": [0.875, 0.125, 1, 0.25], "texture": "#0"},
				"west": {"uv": [0.75, 0.125, 0.875, 0.25], "texture": "#0"},
				"up": {"uv": [0.75, 0.125, 0.625, 0], "texture": "#0"},
				"down": {"uv": [0.875, 0, 0.75, 0.125], "texture": "#0"}
			}
		},
		{
			"from": [-9.5, 10, 5],
			"to": [-8.5, 11, 10],
			"rotation": {"angle": 0, "axis": "y", "origin": [15.5, 0, 0]},
			"faces": {
				"north": {"uv": [5.125, 8.375, 5.25, 8.5], "texture": "#0"},
				"east": {"uv": [4.5, 8.375, 5.125, 8.5], "texture": "#0"},
				"south": {"uv": [5.875, 8.375, 6, 8.5], "texture": "#0"},
				"west": {"uv": [5.25, 8.375, 5.875, 8.5], "texture": "#0"},
				"up": {"uv": [5.25, 8.375, 5.125, 7.75], "texture": "#0"},
				"down": {"uv": [5.375, 7.75, 5.25, 8.375], "texture": "#0"}
			}
		}
	],
	"display": {
		"thirdperson_righthand": {
			"scale": [0.3, 0.3, 0.3]
		},
		"thirdperson_lefthand": {
			"scale": [0.3, 0.3, 0.3]
		},
		"firstperson_righthand": {
			"scale": [0.3, 0.3, 0.3]
		},
		"firstperson_lefthand": {
			"scale": [0.3, 0.3, 0.3]
		},
		"gui": {
			"rotation": [0, -180, 0],
			"translation": [0.25, 0, 0],
			"scale": [0.4, 0.4, 0.4]
		},
		"fixed": {
			"rotation": [-90, 0, 0],
			"translation": [13.5, 1, 16.75],
			"scale": [2, 2, 2]
		}
	}
}