{
	"credit": "Made with Blockbench",
	"texture_size": [64, 64],
	"textures": {
		"0": "block/trophie",
		"particle": "block/trophie"
	},
	"elements": [
		{
			"from": [2, 0, 5],
			"to": [14, 1, 11],
			"faces": {
				"north": {"uv": [5.5, 3.5, 8.5, 3.75], "texture": "#0"},
				"east": {"uv": [6, 0.75, 7.5, 1], "texture": "#0"},
				"south": {"uv": [5.5, 3.75, 8.5, 4], "texture": "#0"},
				"west": {"uv": [6, 1, 7.5, 1.25], "texture": "#0"},
				"up": {"uv": [3, 1.5, 0, 0], "texture": "#0"},
				"down": {"uv": [3, 1.5, 0, 3], "texture": "#0"}
			}
		},
		{
			"from": [3, 1, 6],
			"to": [13, 2, 10],
			"faces": {
				"north": {"uv": [5.5, 5.75, 8, 6], "texture": "#0"},
				"east": {"uv": [6, 1.75, 7, 2], "texture": "#0"},
				"south": {"uv": [6, 0, 8.5, 0.25], "texture": "#0"},
				"west": {"uv": [6, 2, 7, 2.25], "texture": "#0"},
				"up": {"uv": [5.5, 2.5, 3, 1.5], "texture": "#0"},
				"down": {"uv": [5.5, 2.5, 3, 3.5], "texture": "#0"}
			}
		},
		{
			"from": [2, 11, 5],
			"to": [14, 12, 11],
			"rotation": {"angle": 0, "axis": "y", "origin": [0, 16, 0]},
			"faces": {
				"north": {"uv": [5.5, 4, 8.5, 4.25], "texture": "#0"},
				"east": {"uv": [6, 1.25, 7.5, 1.5], "texture": "#0"},
				"south": {"uv": [5.5, 4.25, 8.5, 4.5], "texture": "#0"},
				"west": {"uv": [6, 1.5, 7.5, 1.75], "texture": "#0"},
				"up": {"uv": [3, 4.5, 0, 3], "texture": "#0"},
				"down": {"uv": [6, 0, 3, 1.5], "texture": "#0"}
			}
		},
		{
			"from": [3, 10, 6],
			"to": [13, 11, 10],
			"rotation": {"angle": 0, "axis": "y", "origin": [0, 16, 0]},
			"faces": {
				"north": {"uv": [6, 0.25, 8.5, 0.5], "texture": "#0"},
				"east": {"uv": [6, 2.25, 7, 2.5], "texture": "#0"},
				"south": {"uv": [6, 0.5, 8.5, 0.75], "texture": "#0"},
				"west": {"uv": [6, 2.5, 7, 2.75], "texture": "#0"},
				"up": {"uv": [5.5, 4.5, 3, 3.5], "texture": "#0"},
				"down": {"uv": [2.5, 4.5, 0, 5.5], "texture": "#0"}
			}
		},
		{
			"from": [4, 2, 7],
			"to": [7, 10, 9],
			"faces": {
				"north": {"uv": [0, 5.5, 0.75, 7.5], "texture": "#0"},
				"east": {"uv": [0.75, 5.5, 1.25, 7.5], "texture": "#0"},
				"south": {"uv": [1.25, 5.5, 2, 7.5], "texture": "#0"},
				"west": {"uv": [2, 5.5, 2.5, 7.5], "texture": "#0"},
				"up": {"uv": [7, 3.25, 6, 2.75], "texture": "#0"},
				"down": {"uv": [6.25, 6, 5.5, 6.5], "texture": "#0"}
			}
		},
		{
			"from": [9, 2, 7],
			"to": [12, 10, 9],
			"faces": {
				"north": {"uv": [1.75, 7.5, 2.5, 9.5], "texture": "#0"},
				"east": {"uv": [0, 7.5, 0.5, 9.5], "texture": "#0"},
				"south": {"uv": [0.5, 7.5, 1.25, 9.5], "texture": "#0"},
				"west": {"uv": [1.25, 7.5, 1.75, 9.5], "texture": "#0"},
				"up": {"uv": [6.5, 6.5, 6, 6], "texture": "#0"},
				"down": {"uv": [7, 2.75, 6.5, 3.25], "texture": "#0"}
			}
		},
		{
			"from": [4, 12, 8],
			"to": [12, 17, 8],
			"faces": {
				"north": {"uv": [2.5, 4.5, 4.5, 5.75], "texture": "#0"},
				"east": {"uv": [0, 0, 0, 1.25], "texture": "#0"},
				"south": {"uv": [4.5, 4.5, 6.5, 5.75], "texture": "#0"},
				"west": {"uv": [0, 0, 0, 1.25], "texture": "#0"},
				"up": {"uv": [2, 0, 0, 0], "texture": "#0"},
				"down": {"uv": [2, 0, 0, 0], "texture": "#0"}
			}
		}
	],
	"display": {
		"thirdperson_righthand": {
			"rotation": [0, 180, 0],
			"translation": [0, 3.5, 0],
			"scale": [0.75, 0.75, 0.75]
		},
		"thirdperson_lefthand": {
			"translation": [0, 3.5, 0],
			"scale": [0.75, 0.75, 0.75]
		},
		"firstperson_righthand": {
			"rotation": [0, -180, 0],
			"scale": [0.75, 0.75, 0.75]
		},
		"firstperson_lefthand": {
			"scale": [0.75, 0.75, 0.75]
		},
		"ground": {
			"translation": [0, 4, 0]
		},
		"gui": {
			"rotation": [0, 180, 0],
			"scale": [0.75, 0.75, 0.75]
		},
		"head": {
			"translation": [0, -3.5, 0]
		},
		"fixed": {
			"rotation": [-90, 0, 0],
			"translation": [0, 0, -16],
			"scale": [2, 2, 2]
		}
	}
}