{
	"credit": "Made with Blockbench",
	"texture_size": [32, 32],
	"textures": {
		"0": "block/water_hose",
		"particle": "block/water_hose"
	},
	"elements": [
		{
			"from": [29, 0, 14.775],
			"to": [31, 2, 15.775],
			"rotation": {"angle": 0, "axis": "y", "origin": [0, 0, -2.25]},
			"faces": {
				"north": {"uv": [9, 7, 10, 8], "texture": "#0"},
				"east": {"uv": [11, 5.5, 11.5, 6.5], "texture": "#0"},
				"south": {"uv": [9, 8, 10, 9], "texture": "#0"},
				"west": {"uv": [9.5, 11.5, 10, 12.5], "texture": "#0"},
				"up": {"uv": [6, 10, 5, 9.5], "texture": "#0"},
				"down": {"uv": [11, 11.5, 10, 12], "texture": "#0"}
			}
		},
		{
			"from": [29.5, 0.5, 9.75],
			"to": [30.5, 1.5, 14.75],
			"rotation": {"angle": 0, "axis": "y", "origin": [0, 0, -2.25]},
			"faces": {
				"north": {"uv": [12.5, 5, 13, 5.5], "texture": "#0"},
				"east": {"uv": [6, 7, 8.5, 7.5], "texture": "#0"},
				"south": {"uv": [6.5, 12.5, 7, 13], "texture": "#0"},
				"west": {"uv": [7.5, 4, 10, 4.5], "texture": "#0"},
				"up": {"uv": [8, 7, 7.5, 4.5], "texture": "#0"},
				"down": {"uv": [6.5, 7.5, 6, 10], "texture": "#0"}
			}
		},
		{
			"from": [29.5, 0, 9.75],
			"to": [30.5, 0.5, 10.75],
			"rotation": {"angle": 0, "axis": "y", "origin": [0, 0, -2.25]},
			"faces": {
				"north": {"uv": [7, 12.5, 7.5, 13], "texture": "#0"},
				"east": {"uv": [7.5, 12.5, 8, 13], "texture": "#0"},
				"south": {"uv": [8.5, 12.5, 9, 13], "texture": "#0"},
				"west": {"uv": [12.5, 8.5, 13, 9], "texture": "#0"},
				"up": {"uv": [9.5, 13, 9, 12.5], "texture": "#0"},
				"down": {"uv": [13, 9, 12.5, 9.5], "texture": "#0"}
			}
		},
		{
			"from": [29.4, -0.125, 9.65],
			"to": [30.6, 0.375, 10.85],
			"rotation": {"angle": 0, "axis": "y", "origin": [0, 0, -2.25]},
			"faces": {
				"north": {"uv": [9.5, 12.5, 10, 13], "texture": "#0"},
				"east": {"uv": [12.5, 9.5, 13, 10], "texture": "#0"},
				"south": {"uv": [12.5, 10, 13, 10.5], "texture": "#0"},
				"west": {"uv": [12.5, 10.5, 13, 11], "texture": "#0"},
				"up": {"uv": [13, 11.5, 12.5, 11], "texture": "#0"},
				"down": {"uv": [13, 11.5, 12.5, 12], "texture": "#0"}
			}
		},
		{
			"from": [29.75, 1.5, 10.025],
			"to": [30.25, 2.5, 10.525],
			"rotation": {"angle": 0, "axis": "y", "origin": [0, 0, -2.25]},
			"faces": {
				"north": {"uv": [12, 12.5, 12.5, 13], "texture": "#0"},
				"east": {"uv": [12.5, 12, 13, 12.5], "texture": "#0"},
				"south": {"uv": [12.5, 12.5, 13, 13], "texture": "#0"},
				"west": {"uv": [0, 13, 0.5, 13.5], "texture": "#0"},
				"up": {"uv": [1, 13.5, 0.5, 13], "texture": "#0"},
				"down": {"uv": [1.5, 13, 1, 13.5], "texture": "#0"}
			}
		},
		{
			"from": [29.75, 2.5, 10.025],
			"to": [31.75, 3, 10.525],
			"rotation": {"angle": 0, "axis": "y", "origin": [0, 0, -2.25]},
			"faces": {
				"north": {"uv": [11.5, 10.5, 12.5, 11], "texture": "#0"},
				"east": {"uv": [1.5, 13, 2, 13.5], "texture": "#0"},
				"south": {"uv": [11, 11.5, 12, 12], "texture": "#0"},
				"west": {"uv": [13, 2, 13.5, 2.5], "texture": "#0"},
				"up": {"uv": [12.5, 11.5, 11.5, 11], "texture": "#0"},
				"down": {"uv": [13, 2, 12, 2.5], "texture": "#0"}
			}
		},
		{
			"from": [-1, 1.775, 12.875],
			"to": [0, 2.775, 15.875],
			"faces": {
				"north": {"uv": [2.5, 13, 3, 13.5], "texture": "#0"},
				"east": {"uv": [10, 4.5, 11.5, 5], "texture": "#0"},
				"south": {"uv": [13, 2.5, 13.5, 3], "texture": "#0"},
				"west": {"uv": [5, 10, 6.5, 10.5], "texture": "#0"},
				"up": {"uv": [9, 11, 8.5, 9.5], "texture": "#0"},
				"down": {"uv": [10.5, 5, 10, 6.5], "texture": "#0"}
			}
		},
		{
			"from": [23, 1.775, 12.875],
			"to": [24, 2.775, 15.875],
			"faces": {
				"north": {"uv": [3, 13, 3.5, 13.5], "texture": "#0"},
				"east": {"uv": [6.5, 10, 8, 10.5], "texture": "#0"},
				"south": {"uv": [13, 3, 13.5, 3.5], "texture": "#0"},
				"west": {"uv": [10, 7, 11.5, 7.5], "texture": "#0"},
				"up": {"uv": [10.5, 9, 10, 7.5], "texture": "#0"},
				"down": {"uv": [8.5, 10, 8, 11.5], "texture": "#0"}
			}
		},
		{
			"from": [0, 1.775, 11.875],
			"to": [23, 2.775, 12.875],
			"faces": {
				"north": {"uv": [2, 0, 13.5, 0.5], "texture": "#0"},
				"east": {"uv": [13, 3.5, 13.5, 4], "texture": "#0"},
				"south": {"uv": [2, 0.5, 13.5, 1], "texture": "#0"},
				"west": {"uv": [4, 13, 4.5, 13.5], "texture": "#0"},
				"up": {"uv": [13.5, 1.5, 2, 1], "texture": "#0"},
				"down": {"uv": [13.5, 1.5, 2, 2], "texture": "#0"}
			}
		},
		{
			"from": [22.85, 1.675, 14.875],
			"to": [24.15, 2.975, 15.875],
			"faces": {
				"north": {"uv": [13, 4, 13.5, 4.5], "texture": "#0"},
				"east": {"uv": [4.5, 13, 5, 13.5], "texture": "#0"},
				"south": {"uv": [13, 4.5, 13.5, 5], "texture": "#0"},
				"west": {"uv": [5, 13, 5.5, 13.5], "texture": "#0"},
				"up": {"uv": [13.5, 5.5, 13, 5], "texture": "#0"},
				"down": {"uv": [6, 13, 5.5, 13.5], "texture": "#0"}
			}
		},
		{
			"from": [-1.15, 1.675, 14.875],
			"to": [0.15, 2.975, 15.875],
			"faces": {
				"north": {"uv": [13, 5.5, 13.5, 6], "texture": "#0"},
				"east": {"uv": [13, 6, 13.5, 6.5], "texture": "#0"},
				"south": {"uv": [6.5, 13, 7, 13.5], "texture": "#0"},
				"west": {"uv": [13, 6.5, 13.5, 7], "texture": "#0"},
				"up": {"uv": [7.5, 13.5, 7, 13], "texture": "#0"},
				"down": {"uv": [13.5, 7, 13, 7.5], "texture": "#0"}
			}
		},
		{
			"from": [8.75, 30.25, 15],
			"to": [24.75, 31.25, 16],
			"rotation": {"angle": 0, "axis": "y", "origin": [0, 2, 1]},
			"faces": {
				"north": {"uv": [4, 2, 12, 2.5], "texture": "#0"},
				"east": {"uv": [7.5, 13, 8, 13.5], "texture": "#0"},
				"south": {"uv": [4, 2.5, 12, 3], "texture": "#0"},
				"west": {"uv": [13, 7.5, 13.5, 8], "texture": "#0"},
				"up": {"uv": [12, 3.5, 4, 3], "texture": "#0"},
				"down": {"uv": [12, 3.5, 4, 4], "texture": "#0"}
			}
		},
		{
			"from": [8.25, 25.75, 15],
			"to": [9.25, 30.75, 16],
			"rotation": {"angle": 0, "axis": "y", "origin": [0, 2, 1]},
			"faces": {
				"north": {"uv": [8, 7.5, 8.5, 10], "texture": "#0"},
				"east": {"uv": [8.5, 4.5, 9, 7], "texture": "#0"},
				"south": {"uv": [8.5, 7, 9, 9.5], "texture": "#0"},
				"west": {"uv": [9, 4.5, 9.5, 7], "texture": "#0"},
				"up": {"uv": [4.5, 14.5, 4, 14], "texture": "#0"},
				"down": {"uv": [14.5, 4, 14, 4.5], "texture": "#0"}
			}
		},
		{
			"from": [24.25, 20, 15],
			"to": [25.25, 30.75, 16],
			"rotation": {"angle": 0, "axis": "y", "origin": [0, 2, 1]},
			"faces": {
				"north": {"uv": [4, 4, 4.5, 9.5], "texture": "#0"},
				"east": {"uv": [4.5, 4, 5, 9.5], "texture": "#0"},
				"south": {"uv": [5, 4, 5.5, 9.5], "texture": "#0"},
				"west": {"uv": [5.5, 4, 6, 9.5], "texture": "#0"},
				"up": {"uv": [8.5, 13.5, 8, 13], "texture": "#0"},
				"down": {"uv": [13.5, 8, 13, 8.5], "texture": "#0"}
			}
		},
		{
			"from": [25.25, 23.75, 15.9],
			"to": [26.25, 24.75, 16],
			"rotation": {"angle": 0, "axis": "y", "origin": [0, 2, 1]},
			"faces": {
				"north": {"uv": [8.5, 13, 9, 13.5], "texture": "#0"},
				"east": {"uv": [13, 8.5, 13.5, 9], "texture": "#0"},
				"south": {"uv": [9, 13, 9.5, 13.5], "texture": "#0"},
				"west": {"uv": [13, 9, 13.5, 9.5], "texture": "#0"},
				"up": {"uv": [10, 13.5, 9.5, 13], "texture": "#0"},
				"down": {"uv": [13.5, 9.5, 13, 10], "texture": "#0"}
			}
		},
		{
			"from": [25.25, 23.75, 15],
			"to": [25.35, 24.75, 16],
			"rotation": {"angle": 0, "axis": "y", "origin": [0, 2, 1]},
			"faces": {
				"north": {"uv": [10, 13, 10.5, 13.5], "texture": "#0"},
				"east": {"uv": [13, 10, 13.5, 10.5], "texture": "#0"},
				"south": {"uv": [10.5, 13, 11, 13.5], "texture": "#0"},
				"west": {"uv": [13, 10.5, 13.5, 11], "texture": "#0"},
				"up": {"uv": [11.5, 13.5, 11, 13], "texture": "#0"},
				"down": {"uv": [13.5, 11, 13, 11.5], "texture": "#0"}
			}
		},
		{
			"from": [24.15, 23.75, 14.975],
			"to": [24.25, 24.75, 15.975],
			"rotation": {"angle": 0, "axis": "y", "origin": [0, 2, 1]},
			"faces": {
				"north": {"uv": [11.5, 13, 12, 13.5], "texture": "#0"},
				"east": {"uv": [13, 11.5, 13.5, 12], "texture": "#0"},
				"south": {"uv": [12, 13, 12.5, 13.5], "texture": "#0"},
				"west": {"uv": [13, 12, 13.5, 12.5], "texture": "#0"},
				"up": {"uv": [13, 13.5, 12.5, 13], "texture": "#0"},
				"down": {"uv": [13.5, 12.5, 13, 13], "texture": "#0"}
			}
		},
		{
			"from": [24.25, 23.75, 14.9],
			"to": [25.25, 24.75, 15],
			"rotation": {"angle": 0, "axis": "y", "origin": [0, 2, 1]},
			"faces": {
				"north": {"uv": [13, 13, 13.5, 13.5], "texture": "#0"},
				"east": {"uv": [0, 13.5, 0.5, 14], "texture": "#0"},
				"south": {"uv": [13.5, 0, 14, 0.5], "texture": "#0"},
				"west": {"uv": [0.5, 13.5, 1, 14], "texture": "#0"},
				"up": {"uv": [14, 1, 13.5, 0.5], "texture": "#0"},
				"down": {"uv": [1.5, 13.5, 1, 14], "texture": "#0"}
			}
		},
		{
			"from": [23.25, 23.75, 15.9],
			"to": [24.25, 24.75, 16],
			"rotation": {"angle": 0, "axis": "y", "origin": [0, 2, 1]},
			"faces": {
				"north": {"uv": [13.5, 1, 14, 1.5], "texture": "#0"},
				"east": {"uv": [1.5, 13.5, 2, 14], "texture": "#0"},
				"south": {"uv": [13.5, 1.5, 14, 2], "texture": "#0"},
				"west": {"uv": [2, 13.5, 2.5, 14], "texture": "#0"},
				"up": {"uv": [14, 2.5, 13.5, 2], "texture": "#0"},
				"down": {"uv": [3, 13.5, 2.5, 14], "texture": "#0"}
			}
		},
		{
			"from": [25.25, 20.75, 15.9],
			"to": [26.25, 21.75, 16],
			"rotation": {"angle": 0, "axis": "y", "origin": [0, 2, 1]},
			"faces": {
				"north": {"uv": [13.5, 2.5, 14, 3], "texture": "#0"},
				"east": {"uv": [3, 13.5, 3.5, 14], "texture": "#0"},
				"south": {"uv": [13.5, 3, 14, 3.5], "texture": "#0"},
				"west": {"uv": [3.5, 13.5, 4, 14], "texture": "#0"},
				"up": {"uv": [14, 4, 13.5, 3.5], "texture": "#0"},
				"down": {"uv": [4.5, 13.5, 4, 14], "texture": "#0"}
			}
		},
		{
			"from": [25.25, 20.75, 15],
			"to": [25.35, 21.75, 16],
			"rotation": {"angle": 0, "axis": "y", "origin": [0, 2, 1]},
			"faces": {
				"north": {"uv": [13.5, 4, 14, 4.5], "texture": "#0"},
				"east": {"uv": [4.5, 13.5, 5, 14], "texture": "#0"},
				"south": {"uv": [13.5, 4.5, 14, 5], "texture": "#0"},
				"west": {"uv": [5, 13.5, 5.5, 14], "texture": "#0"},
				"up": {"uv": [14, 5.5, 13.5, 5], "texture": "#0"},
				"down": {"uv": [6, 13.5, 5.5, 14], "texture": "#0"}
			}
		},
		{
			"from": [24.15, 20.75, 14.975],
			"to": [24.25, 21.75, 15.975],
			"rotation": {"angle": 0, "axis": "y", "origin": [0, 2, 1]},
			"faces": {
				"north": {"uv": [13.5, 5.5, 14, 6], "texture": "#0"},
				"east": {"uv": [6, 13.5, 6.5, 14], "texture": "#0"},
				"south": {"uv": [13.5, 6, 14, 6.5], "texture": "#0"},
				"west": {"uv": [6.5, 13.5, 7, 14], "texture": "#0"},
				"up": {"uv": [14, 7, 13.5, 6.5], "texture": "#0"},
				"down": {"uv": [7.5, 13.5, 7, 14], "texture": "#0"}
			}
		},
		{
			"from": [24.25, 20.75, 14.9],
			"to": [25.25, 21.75, 15],
			"rotation": {"angle": 0, "axis": "y", "origin": [0, 2, 1]},
			"faces": {
				"north": {"uv": [13.5, 7, 14, 7.5], "texture": "#0"},
				"east": {"uv": [7.5, 13.5, 8, 14], "texture": "#0"},
				"south": {"uv": [13.5, 7.5, 14, 8], "texture": "#0"},
				"west": {"uv": [8, 13.5, 8.5, 14], "texture": "#0"},
				"up": {"uv": [14, 8.5, 13.5, 8], "texture": "#0"},
				"down": {"uv": [9, 13.5, 8.5, 14], "texture": "#0"}
			}
		},
		{
			"from": [23.25, 20.75, 15.9],
			"to": [24.25, 21.75, 16],
			"rotation": {"angle": 0, "axis": "y", "origin": [0, 2, 1]},
			"faces": {
				"north": {"uv": [13.5, 8.5, 14, 9], "texture": "#0"},
				"east": {"uv": [9, 13.5, 9.5, 14], "texture": "#0"},
				"south": {"uv": [13.5, 9, 14, 9.5], "texture": "#0"},
				"west": {"uv": [9.5, 13.5, 10, 14], "texture": "#0"},
				"up": {"uv": [14, 10, 13.5, 9.5], "texture": "#0"},
				"down": {"uv": [10.5, 13.5, 10, 14], "texture": "#0"}
			}
		},
		{
			"from": [24.3, 2, 15.25],
			"to": [24.8, 6, 15.75],
			"rotation": {"angle": 45, "axis": "z", "origin": [0, 2, 1], "rescale": true},
			"faces": {
				"north": {"uv": [9, 9, 9.5, 11], "texture": "#0"},
				"east": {"uv": [4, 9.5, 4.5, 11.5], "texture": "#0"},
				"south": {"uv": [4.5, 9.5, 5, 11.5], "texture": "#0"},
				"west": {"uv": [9.5, 4.5, 10, 6.5], "texture": "#0"},
				"up": {"uv": [14, 10.5, 13.5, 10], "texture": "#0"},
				"down": {"uv": [11, 13.5, 10.5, 14], "texture": "#0"}
			}
		},
		{
			"from": [24.4, -6, 15.15],
			"to": [25.1, 20, 15.85],
			"faces": {
				"north": {"uv": [0, 0, 0.5, 13], "texture": "#0"},
				"east": {"uv": [0.5, 0, 1, 13], "texture": "#0"},
				"south": {"uv": [1, 0, 1.5, 13], "texture": "#0"},
				"west": {"uv": [1.5, 0, 2, 13], "texture": "#0"},
				"up": {"uv": [14, 11, 13.5, 10.5], "texture": "#0"},
				"down": {"uv": [11.5, 13.5, 11, 14], "texture": "#0"}
			}
		},
		{
			"from": [29.675, -6, 9.9],
			"to": [30.375, -0.6, 10.6],
			"rotation": {"angle": 0, "axis": "y", "origin": [0, 0, -2.25]},
			"faces": {
				"north": {"uv": [6.5, 7.5, 7, 10], "texture": "#0"},
				"east": {"uv": [7, 7.5, 7.5, 10], "texture": "#0"},
				"south": {"uv": [7.5, 7.5, 8, 10], "texture": "#0"},
				"west": {"uv": [8, 4.5, 8.5, 7], "texture": "#0"},
				"up": {"uv": [14, 11.5, 13.5, 11], "texture": "#0"},
				"down": {"uv": [12, 13.5, 11.5, 14], "texture": "#0"}
			}
		},
		{
			"from": [29.575, -0.6, 9.8],
			"to": [30.475, -0.1, 10.7],
			"rotation": {"angle": 0, "axis": "y", "origin": [0, 0, -2.25]},
			"faces": {
				"north": {"uv": [13.5, 11.5, 14, 12], "texture": "#0"},
				"east": {"uv": [12, 13.5, 12.5, 14], "texture": "#0"},
				"south": {"uv": [13.5, 12, 14, 12.5], "texture": "#0"},
				"west": {"uv": [12.5, 13.5, 13, 14], "texture": "#0"},
				"up": {"uv": [14, 13, 13.5, 12.5], "texture": "#0"},
				"down": {"uv": [13.5, 13.5, 13, 14], "texture": "#0"}
			}
		},
		{
			"from": [12, -6.5, 27.5],
			"to": [12.5, -5.8, 28.2],
			"rotation": {"angle": 45, "axis": "y", "origin": [0, 0, -2.25]},
			"faces": {
				"north": {"uv": [13.5, 13, 14, 13.5], "texture": "#0"},
				"east": {"uv": [13.5, 13.5, 14, 14], "texture": "#0"},
				"south": {"uv": [0, 14, 0.5, 14.5], "texture": "#0"},
				"west": {"uv": [14, 0, 14.5, 0.5], "texture": "#0"},
				"up": {"uv": [1, 14.5, 0.5, 14], "texture": "#0"},
				"down": {"uv": [14.5, 0.5, 14, 1], "texture": "#0"}
			}
		},
		{
			"from": [10.45, -7.2, 27.5],
			"to": [12.05, -6.5, 28.2],
			"rotation": {"angle": 45, "axis": "y", "origin": [0, 0, -2.25]},
			"faces": {
				"north": {"uv": [12, 2.5, 13, 3], "texture": "#0"},
				"east": {"uv": [1, 14, 1.5, 14.5], "texture": "#0"},
				"south": {"uv": [12, 3, 13, 3.5], "texture": "#0"},
				"west": {"uv": [14, 1, 14.5, 1.5], "texture": "#0"},
				"up": {"uv": [13, 4, 12, 3.5], "texture": "#0"},
				"down": {"uv": [13, 4, 12, 4.5], "texture": "#0"}
			}
		},
		{
			"from": [5, -6.5, 27.5],
			"to": [5.5, -5.8, 28.2],
			"rotation": {"angle": 45, "axis": "y", "origin": [0, 0, -2.25]},
			"faces": {
				"north": {"uv": [1.5, 14, 2, 14.5], "texture": "#0"},
				"east": {"uv": [14, 1.5, 14.5, 2], "texture": "#0"},
				"south": {"uv": [2, 14, 2.5, 14.5], "texture": "#0"},
				"west": {"uv": [14, 2, 14.5, 2.5], "texture": "#0"},
				"up": {"uv": [3, 14.5, 2.5, 14], "texture": "#0"},
				"down": {"uv": [14.5, 2.5, 14, 3], "texture": "#0"}
			}
		},
		{
			"from": [5.45, -7.2, 27.5],
			"to": [7.05, -6.5, 28.2],
			"rotation": {"angle": 45, "axis": "y", "origin": [0, 0, -2.25]},
			"faces": {
				"north": {"uv": [5, 12, 6, 12.5], "texture": "#0"},
				"east": {"uv": [3, 14, 3.5, 14.5], "texture": "#0"},
				"south": {"uv": [12, 5.5, 13, 6], "texture": "#0"},
				"west": {"uv": [14, 3, 14.5, 3.5], "texture": "#0"},
				"up": {"uv": [7, 12.5, 6, 12], "texture": "#0"},
				"down": {"uv": [13, 6, 12, 6.5], "texture": "#0"}
			}
		},
		{
			"from": [7, -7.9, 27.5],
			"to": [10.5, -7.2, 28.2],
			"rotation": {"angle": 45, "axis": "y", "origin": [0, 0, -2.25]},
			"faces": {
				"north": {"uv": [9.5, 6.5, 11.5, 7], "texture": "#0"},
				"east": {"uv": [3.5, 14, 4, 14.5], "texture": "#0"},
				"south": {"uv": [9.5, 9, 11.5, 9.5], "texture": "#0"},
				"west": {"uv": [14, 3.5, 14.5, 4], "texture": "#0"},
				"up": {"uv": [11.5, 10, 9.5, 9.5], "texture": "#0"},
				"down": {"uv": [12, 4, 10, 4.5], "texture": "#0"}
			}
		},
		{
			"from": [8.4, 4.925, 15.15],
			"to": [9.1, 26.325, 15.85],
			"faces": {
				"north": {"uv": [2, 2, 2.5, 12.5], "texture": "#0"},
				"east": {"uv": [2.5, 2, 3, 12.5], "texture": "#0"},
				"south": {"uv": [3, 2, 3.5, 12.5], "texture": "#0"},
				"west": {"uv": [3.5, 2, 4, 12.5], "texture": "#0"},
				"up": {"uv": [5, 14.5, 4.5, 14], "texture": "#0"},
				"down": {"uv": [14.5, 4.5, 14, 5], "texture": "#0"}
			}
		},
		{
			"from": [8.4, -6.325, 9.55],
			"to": [9.1, -5.625, 11.07],
			"rotation": {"angle": -45, "axis": "x", "origin": [0, 0, 0]},
			"faces": {
				"north": {"uv": [10, 14, 10.5, 14.5], "texture": "#0"},
				"east": {"uv": [2.5, 12.5, 3.5, 13], "texture": "#0"},
				"south": {"uv": [14, 10, 14.5, 10.5], "texture": "#0"},
				"west": {"uv": [5, 12.5, 6, 13], "texture": "#0"},
				"up": {"uv": [4, 13.5, 3.5, 12.5], "texture": "#0"},
				"down": {"uv": [6.5, 12.5, 6, 13.5], "texture": "#0"}
			}
		},
		{
			"from": [8.4, -7.025, 11.075],
			"to": [9.1, -6.325, 11.775],
			"rotation": {"angle": -45, "axis": "x", "origin": [0, 0, 0]},
			"faces": {
				"north": {"uv": [10.5, 14, 11, 14.5], "texture": "#0"},
				"east": {"uv": [14, 10.5, 14.5, 11], "texture": "#0"},
				"south": {"uv": [11, 14, 11.5, 14.5], "texture": "#0"},
				"west": {"uv": [14, 11, 14.5, 11.5], "texture": "#0"},
				"up": {"uv": [12, 14.5, 11.5, 14], "texture": "#0"},
				"down": {"uv": [14.5, 11.5, 14, 12], "texture": "#0"}
			}
		},
		{
			"from": [8.4, -7.725, 11.775],
			"to": [9.1, -7.025, 14.675],
			"rotation": {"angle": -45, "axis": "x", "origin": [0, 0, 0]},
			"faces": {
				"north": {"uv": [12, 14, 12.5, 14.5], "texture": "#0"},
				"east": {"uv": [11.5, 4.5, 13, 5], "texture": "#0"},
				"south": {"uv": [14, 12, 14.5, 12.5], "texture": "#0"},
				"west": {"uv": [11.5, 7, 13, 7.5], "texture": "#0"},
				"up": {"uv": [8.5, 13, 8, 11.5], "texture": "#0"},
				"down": {"uv": [12, 9, 11.5, 10.5], "texture": "#0"}
			}
		},
		{
			"from": [8.4, -0.225, 10.75],
			"to": [9.1, 2.775, 11.45],
			"faces": {
				"north": {"uv": [11, 10, 11.5, 11.5], "texture": "#0"},
				"east": {"uv": [4, 11.5, 4.5, 13], "texture": "#0"},
				"south": {"uv": [4.5, 11.5, 5, 13], "texture": "#0"},
				"west": {"uv": [11.5, 5.5, 12, 7], "texture": "#0"},
				"up": {"uv": [10, 14.5, 9.5, 14], "texture": "#0"},
				"down": {"uv": [14.5, 9.5, 14, 10], "texture": "#0"}
			}
		},
		{
			"from": [8.2, -0.525, 10.55],
			"to": [9.3, -0.225, 11.65],
			"faces": {
				"north": {"uv": [5, 14, 5.5, 14.5], "texture": "#0"},
				"east": {"uv": [14, 5, 14.5, 5.5], "texture": "#0"},
				"south": {"uv": [5.5, 14, 6, 14.5], "texture": "#0"},
				"west": {"uv": [14, 5.5, 14.5, 6], "texture": "#0"},
				"up": {"uv": [6.5, 14.5, 6, 14], "texture": "#0"},
				"down": {"uv": [14.5, 6, 14, 6.5], "texture": "#0"}
			}
		},
		{
			"from": [8.1, -4.025, 10.45],
			"to": [9.4, -0.525, 11.75],
			"faces": {
				"north": {"uv": [9.5, 10, 10, 11.5], "texture": "#0"},
				"east": {"uv": [10, 10, 10.5, 11.5], "texture": "#0"},
				"south": {"uv": [5, 10.5, 5.5, 12], "texture": "#0"},
				"west": {"uv": [10.5, 5, 11, 6.5], "texture": "#0"},
				"up": {"uv": [7, 14.5, 6.5, 14], "texture": "#0"},
				"down": {"uv": [14.5, 6.5, 14, 7], "texture": "#0"}
			}
		},
		{
			"from": [9.375, -4.025, 10.45],
			"to": [10.875, -2.725, 11.75],
			"faces": {
				"north": {"uv": [12, 6.5, 13, 7], "texture": "#0"},
				"east": {"uv": [7, 14, 7.5, 14.5], "texture": "#0"},
				"south": {"uv": [7, 12, 8, 12.5], "texture": "#0"},
				"west": {"uv": [14, 7, 14.5, 7.5], "texture": "#0"},
				"up": {"uv": [13, 8, 12, 7.5], "texture": "#0"},
				"down": {"uv": [13, 8, 12, 8.5], "texture": "#0"}
			}
		},
		{
			"from": [10.875, -4.825, 9.55],
			"to": [11.375, -1.825, 12.55],
			"faces": {
				"north": {"uv": [5.5, 10.5, 6, 12], "texture": "#0"},
				"east": {"uv": [6, 4, 7.5, 5.5], "texture": "#0"},
				"south": {"uv": [6, 10.5, 6.5, 12], "texture": "#0"},
				"west": {"uv": [6, 5.5, 7.5, 7], "texture": "#0"},
				"up": {"uv": [7, 12, 6.5, 10.5], "texture": "#0"},
				"down": {"uv": [7.5, 10.5, 7, 12], "texture": "#0"}
			}
		},
		{
			"from": [11.375, -4.825, 9.55],
			"to": [11.675, -4.525, 12.55],
			"faces": {
				"north": {"uv": [7.5, 14, 8, 14.5], "texture": "#0"},
				"east": {"uv": [10.5, 7.5, 12, 8], "texture": "#0"},
				"south": {"uv": [14, 7.5, 14.5, 8], "texture": "#0"},
				"west": {"uv": [10.5, 8, 12, 8.5], "texture": "#0"},
				"up": {"uv": [8, 12, 7.5, 10.5], "texture": "#0"},
				"down": {"uv": [11, 10, 10.5, 11.5], "texture": "#0"}
			}
		},
		{
			"from": [11.375, -2.125, 9.55],
			"to": [11.675, -1.825, 12.55],
			"faces": {
				"north": {"uv": [8, 14, 8.5, 14.5], "texture": "#0"},
				"east": {"uv": [10.5, 8.5, 12, 9], "texture": "#0"},
				"south": {"uv": [14, 8, 14.5, 8.5], "texture": "#0"},
				"west": {"uv": [11, 5, 12.5, 5.5], "texture": "#0"},
				"up": {"uv": [9, 12.5, 8.5, 11], "texture": "#0"},
				"down": {"uv": [9.5, 11, 9, 12.5], "texture": "#0"}
			}
		},
		{
			"from": [11.375, -4.525, 9.55],
			"to": [11.675, -2.125, 9.85],
			"faces": {
				"north": {"uv": [12, 8.5, 12.5, 9.5], "texture": "#0"},
				"east": {"uv": [12, 9.5, 12.5, 10.5], "texture": "#0"},
				"south": {"uv": [10, 12, 10.5, 13], "texture": "#0"},
				"west": {"uv": [10.5, 12, 11, 13], "texture": "#0"},
				"up": {"uv": [9, 14.5, 8.5, 14], "texture": "#0"},
				"down": {"uv": [14.5, 8.5, 14, 9], "texture": "#0"}
			}
		},
		{
			"from": [11.375, -4.525, 12.25],
			"to": [11.675, -2.125, 12.55],
			"faces": {
				"north": {"uv": [11, 12, 11.5, 13], "texture": "#0"},
				"east": {"uv": [11.5, 12, 12, 13], "texture": "#0"},
				"south": {"uv": [12, 11.5, 12.5, 12.5], "texture": "#0"},
				"west": {"uv": [2, 12.5, 2.5, 13.5], "texture": "#0"},
				"up": {"uv": [9.5, 14.5, 9, 14], "texture": "#0"},
				"down": {"uv": [14.5, 9, 14, 9.5], "texture": "#0"}
			}
		}
	],
	"display": {
		"thirdperson_righthand": {
			"scale": [0.3, 0.3, 0.3]
		},
		"thirdperson_lefthand": {
			"scale": [0.3, 0.3, 0.3]
		},
		"firstperson_righthand": {
			"scale": [0.3, 0.3, 0.3]
		},
		"firstperson_lefthand": {
			"scale": [0.3, 0.3, 0.3]
		},
		"ground": {
			"translation": [0, 11.25, 0]
		},
		"gui": {
			"rotation": [0, 180, 0],
			"translation": [2.75, -1.25, 0],
			"scale": [0.3, 0.3, 0.3]
		},
		"fixed": {
			"translation": [0, 0, -22.5],
			"scale": [3, 3, 3]
		}
	},
	"groups": [
		{
			"name": "Water Tap",
			"origin": [8, 8, 8],
			"color": 0,
			"children": [0, 1, 2, 3, 4, 5]
		},
		{
			"name": "Bar",
			"origin": [0, 0, 0],
			"color": 0,
			"children": [6, 7, 8, 9, 10]
		},
		{
			"name": "Holder",
			"origin": [0, -4, 0],
			"color": 0,
			"children": [11, 12, 13, 14, 15, 16, 17, 18, 19, 20, 21, 22, 23, 24]
		},
		{
			"name": "Hose",
			"origin": [0, 0, 0],
			"color": 0,
			"children": [25, 26, 27, 28, 29, 30, 31, 32, 33, 34, 35, 36, 37, 38, 39, 40, 41, 42, 43, 44, 45]
		}
	]
}