{
	"credit": "Made with Blockbench",
	"textures": {
		"0": "block/whip",
		"particle": "block/whip"
	},
	"elements": [
		{
			"from": [7.75, 1.5, 7.75],
			"to": [8.25, 16.5, 8.25],
			"rotation": {"angle": 0, "axis": "y", "origin": [7.75, 7.5, 7.75]},
			"faces": {
				"north": {"uv": [0, 0, 1, 15], "texture": "#0"},
				"east": {"uv": [1, 0, 2, 15], "texture": "#0"},
				"south": {"uv": [2, 0, 3, 15], "texture": "#0"},
				"west": {"uv": [3, 0, 4, 15], "texture": "#0"},
				"up": {"uv": [11, 1, 10, 0], "texture": "#0"},
				"down": {"uv": [11, 1, 10, 2], "texture": "#0"}
			}
		},
		{
			"from": [7.5, 16.5, 7.5],
			"to": [8.5, 21.5, 8.5],
			"rotation": {"angle": 0, "axis": "y", "origin": [-0.5, 5.5, 0.5]},
			"faces": {
				"north": {"uv": [7, 0, 8, 5], "texture": "#0"},
				"east": {"uv": [7, 5, 8, 10], "texture": "#0"},
				"south": {"uv": [8, 0, 9, 5], "texture": "#0"},
				"west": {"uv": [8, 5, 9, 10], "texture": "#0"},
				"up": {"uv": [11, 3, 10, 2], "texture": "#0"},
				"down": {"uv": [11, 3, 10, 4], "texture": "#0"}
			}
		},
		{
			"from": [7.85, 0, 7.85],
			"to": [8.15, 3, 8.15],
			"rotation": {"angle": 0, "axis": "y", "origin": [7.85, 0, 7.85]},
			"faces": {
				"north": {"uv": [9, 0, 10, 3], "texture": "#0"},
				"east": {"uv": [9, 3, 10, 6], "texture": "#0"},
				"south": {"uv": [9, 6, 10, 9], "texture": "#0"},
				"west": {"uv": [9, 9, 10, 12], "texture": "#0"},
				"up": {"uv": [5, 11, 4, 10], "texture": "#0"},
				"down": {"uv": [11, 4, 10, 5], "texture": "#0"}
			}
		},
		{
			"from": [6.5, 15.5, -9.9],
			"to": [9.5, 20.5, -9.9],
			"rotation": {"angle": 45, "axis": "x", "origin": [0, 0, 0]},
			"faces": {
				"north": {"uv": [4, 0, 7, 5], "texture": "#0"},
				"east": {"uv": [0, 0, 0, 5], "texture": "#0"},
				"south": {"uv": [4, 5, 7, 10], "texture": "#0"},
				"west": {"uv": [0, 0, 0, 5], "texture": "#0"},
				"up": {"uv": [3, 0, 0, 0], "texture": "#0"},
				"down": {"uv": [3, 0, 0, 0], "texture": "#0"}
			}
		}
	],
	"display": {
		"thirdperson_righthand": {
			"translation": [0, -13, 0.25]
		},
		"thirdperson_lefthand": {
			"translation": [0, -13, 0.25]
		},
		"firstperson_righthand": {
			"rotation": [-19, 0, 0],
			"translation": [0, -13, 0]
		},
		"firstperson_lefthand": {
			"rotation": [-19, 0, 0],
			"translation": [0, -13, 0]
		},
		"gui": {
			"rotation": [31.73, -31.86, 49.52],
			"translation": [-0.5, -2.5, 0],
			"scale": [0.7, 0.7, 0.7]
		}
	}
}