{
	"credit": "Made with Blockbench",
	"texture_size": [64, 64],
	"textures": {
		"0": "block/white_flower_stand"
	},
	"elements": [
		{
			"from": [3, 28, 7],
			"to": [13, 30, 9],
			"faces": {
				"north": {"uv": [4.5, 6, 7, 6.5], "texture": "#0"},
				"east": {"uv": [4, 6, 4.5, 6.5], "texture": "#0"},
				"south": {"uv": [7.5, 6, 10, 6.5], "texture": "#0"},
				"west": {"uv": [7, 6, 7.5, 6.5], "texture": "#0"},
				"up": {"uv": [7, 6, 4.5, 5.5], "texture": "#0"},
				"down": {"uv": [9.5, 5.5, 7, 6], "texture": "#0"}
			}
		},
		{
			"from": [4, 14, 7],
			"to": [6, 28, 9],
			"faces": {
				"north": {"uv": [0.5, 9, 1, 12.5], "texture": "#0"},
				"east": {"uv": [0, 9, 0.5, 12.5], "texture": "#0"},
				"south": {"uv": [1.5, 9, 2, 12.5], "texture": "#0"},
				"west": {"uv": [1, 9, 1.5, 12.5], "texture": "#0"},
				"up": {"uv": [1, 9, 0.5, 8.5], "texture": "#0"},
				"down": {"uv": [1.5, 8.5, 1, 9], "texture": "#0"}
			}
		},
		{
			"from": [7, 14, 7],
			"to": [9, 28, 9],
			"faces": {
				"north": {"uv": [7, 8, 7.5, 11.5], "texture": "#0"},
				"east": {"uv": [6.5, 8, 7, 11.5], "texture": "#0"},
				"south": {"uv": [8, 8, 8.5, 11.5], "texture": "#0"},
				"west": {"uv": [7.5, 8, 8, 11.5], "texture": "#0"},
				"up": {"uv": [7.5, 8, 7, 7.5], "texture": "#0"},
				"down": {"uv": [8, 7.5, 7.5, 8], "texture": "#0"}
			}
		},
		{
			"from": [10, 14, 7],
			"to": [12, 28, 9],
			"faces": {
				"north": {"uv": [9, 8, 9.5, 11.5], "texture": "#0"},
				"east": {"uv": [8.5, 8, 9, 11.5], "texture": "#0"},
				"south": {"uv": [10, 8, 10.5, 11.5], "texture": "#0"},
				"west": {"uv": [9.5, 8, 10, 11.5], "texture": "#0"},
				"up": {"uv": [9.5, 8, 9, 7.5], "texture": "#0"},
				"down": {"uv": [10, 7.5, 9.5, 8], "texture": "#0"}
			}
		},
		{
			"from": [3, 12, 7],
			"to": [13, 14, 9],
			"faces": {
				"north": {"uv": [4.5, 7, 7, 7.5], "texture": "#0"},
				"east": {"uv": [4, 7, 4.5, 7.5], "texture": "#0"},
				"south": {"uv": [7.5, 7, 10, 7.5], "texture": "#0"},
				"west": {"uv": [7, 7, 7.5, 7.5], "texture": "#0"},
				"up": {"uv": [7, 7, 4.5, 6.5], "texture": "#0"},
				"down": {"uv": [9.5, 6.5, 7, 7], "texture": "#0"}
			}
		},
		{
			"from": [3, 6, 7],
			"to": [13, 8, 9],
			"faces": {
				"north": {"uv": [7.5, 0.5, 10, 1], "texture": "#0"},
				"east": {"uv": [7, 0.5, 7.5, 1], "texture": "#0"},
				"south": {"uv": [10.5, 0.5, 13, 1], "texture": "#0"},
				"west": {"uv": [10, 0.5, 10.5, 1], "texture": "#0"},
				"up": {"uv": [10, 0.5, 7.5, 0], "texture": "#0"},
				"down": {"uv": [12.5, 0, 10, 0.5], "texture": "#0"}
			}
		},
		{
			"from": [3, 5, 8],
			"to": [13, 6, 8],
			"faces": {
				"north": {"uv": [7, 5, 9.5, 5.25], "texture": "#0"},
				"east": {"uv": [7, 5, 7, 5.25], "texture": "#0"},
				"south": {"uv": [9.5, 5, 12, 5.25], "texture": "#0"},
				"west": {"uv": [9.5, 5, 9.5, 5.25], "texture": "#0"},
				"up": {"uv": [9.5, 5, 7, 5], "texture": "#0"},
				"down": {"uv": [12, 5, 9.5, 5], "texture": "#0"}
			}
		},
		{
			"from": [3, 3, 7],
			"to": [13, 5, 9],
			"faces": {
				"north": {"uv": [7.5, 1.5, 10, 2], "texture": "#0"},
				"east": {"uv": [7, 1.5, 7.5, 2], "texture": "#0"},
				"south": {"uv": [10.5, 1.5, 13, 2], "texture": "#0"},
				"west": {"uv": [10, 1.5, 10.5, 2], "texture": "#0"},
				"up": {"uv": [10, 1.5, 7.5, 1], "texture": "#0"},
				"down": {"uv": [12.5, 1, 10, 1.5], "texture": "#0"}
			}
		},
		{
			"from": [3, 8, 8],
			"to": [13, 12, 8],
			"faces": {
				"north": {"uv": [9.5, 2, 12, 3], "texture": "#0"},
				"east": {"uv": [9.5, 2, 9.5, 3], "texture": "#0"},
				"south": {"uv": [12, 2, 14.5, 3], "texture": "#0"},
				"west": {"uv": [12, 2, 12, 3], "texture": "#0"},
				"up": {"uv": [12, 2, 9.5, 2], "texture": "#0"},
				"down": {"uv": [14.5, 2, 12, 2], "texture": "#0"}
			}
		},
		{
			"from": [15, 0, 3],
			"to": [16, 1, 13],
			"rotation": {"angle": 0, "axis": "y", "origin": [1, 0, 0]},
			"faces": {
				"north": {"uv": [6.5, 2.5, 6.75, 2.75], "texture": "#0"},
				"east": {"uv": [4, 2.5, 6.5, 2.75], "texture": "#0"},
				"south": {"uv": [9.25, 2.5, 9.5, 2.75], "texture": "#0"},
				"west": {"uv": [6.75, 2.5, 9.25, 2.75], "texture": "#0"},
				"up": {"uv": [6.75, 2.5, 6.5, 0], "texture": "#0"},
				"down": {"uv": [7, 0, 6.75, 2.5], "texture": "#0"}
			}
		},
		{
			"from": [15, 2, 5],
			"to": [16, 3, 11],
			"rotation": {"angle": 0, "axis": "y", "origin": [1, 0, 0]},
			"faces": {
				"north": {"uv": [11, 6.75, 11.25, 7], "texture": "#0"},
				"east": {"uv": [9.5, 6.75, 11, 7], "texture": "#0"},
				"south": {"uv": [12.75, 6.75, 13, 7], "texture": "#0"},
				"west": {"uv": [11.25, 6.75, 12.75, 7], "texture": "#0"},
				"up": {"uv": [11.25, 6.75, 11, 5.25], "texture": "#0"},
				"down": {"uv": [11.5, 5.25, 11.25, 6.75], "texture": "#0"}
			}
		},
		{
			"from": [15, 1, 4],
			"to": [16, 2, 12],
			"rotation": {"angle": 0, "axis": "y", "origin": [1, 0, 0]},
			"faces": {
				"north": {"uv": [4, 9.5, 4.25, 9.75], "texture": "#0"},
				"east": {"uv": [2, 9.5, 4, 9.75], "texture": "#0"},
				"south": {"uv": [6.25, 9.5, 6.5, 9.75], "texture": "#0"},
				"west": {"uv": [4.25, 9.5, 6.25, 9.75], "texture": "#0"},
				"up": {"uv": [4.25, 9.5, 4, 7.5], "texture": "#0"},
				"down": {"uv": [4.5, 7.5, 4.25, 9.5], "texture": "#0"}
			}
		},
		{
			"from": [13, 0, 7],
			"to": [15, 32, 9],
			"faces": {
				"north": {"uv": [2.5, 0.5, 3, 8.5], "texture": "#0"},
				"east": {"uv": [2, 0.5, 2.5, 8.5], "texture": "#0"},
				"south": {"uv": [3.5, 0.5, 4, 8.5], "texture": "#0"},
				"west": {"uv": [3, 0.5, 3.5, 8.5], "texture": "#0"},
				"up": {"uv": [3, 0.5, 2.5, 0], "texture": "#0"},
				"down": {"uv": [3.5, 0, 3, 0.5], "texture": "#0"}
			}
		},
		{
			"from": [0, 1, 4],
			"to": [1, 2, 12],
			"faces": {
				"north": {"uv": [9, 4.75, 9.25, 5], "texture": "#0"},
				"east": {"uv": [7, 4.75, 9, 5], "texture": "#0"},
				"south": {"uv": [11.25, 4.75, 11.5, 5], "texture": "#0"},
				"west": {"uv": [9.25, 4.75, 11.25, 5], "texture": "#0"},
				"up": {"uv": [9.25, 4.75, 9, 2.75], "texture": "#0"},
				"down": {"uv": [9.5, 2.75, 9.25, 4.75], "texture": "#0"}
			}
		},
		{
			"from": [0, 2, 5],
			"to": [1, 3, 11],
			"faces": {
				"north": {"uv": [11, 4.5, 11.25, 4.75], "texture": "#0"},
				"east": {"uv": [9.5, 4.5, 11, 4.75], "texture": "#0"},
				"south": {"uv": [12.75, 4.5, 13, 4.75], "texture": "#0"},
				"west": {"uv": [11.25, 4.5, 12.75, 4.75], "texture": "#0"},
				"up": {"uv": [11.25, 4.5, 11, 3], "texture": "#0"},
				"down": {"uv": [11.5, 3, 11.25, 4.5], "texture": "#0"}
			}
		},
		{
			"from": [0, 0, 3],
			"to": [1, 1, 13],
			"faces": {
				"north": {"uv": [6.5, 5.25, 6.75, 5.5], "texture": "#0"},
				"east": {"uv": [4, 5.25, 6.5, 5.5], "texture": "#0"},
				"south": {"uv": [9.25, 5.25, 9.5, 5.5], "texture": "#0"},
				"west": {"uv": [6.75, 5.25, 9.25, 5.5], "texture": "#0"},
				"up": {"uv": [6.75, 5.25, 6.5, 2.75], "texture": "#0"},
				"down": {"uv": [7, 2.75, 6.75, 5.25], "texture": "#0"}
			}
		},
		{
			"from": [1, 0, 7],
			"to": [3, 32, 9],
			"faces": {
				"north": {"uv": [0.5, 0.5, 1, 8.5], "texture": "#0"},
				"east": {"uv": [0, 0.5, 0.5, 8.5], "texture": "#0"},
				"south": {"uv": [1.5, 0.5, 2, 8.5], "texture": "#0"},
				"west": {"uv": [1, 0.5, 1.5, 8.5], "texture": "#0"},
				"up": {"uv": [1, 0.5, 0.5, 0], "texture": "#0"},
				"down": {"uv": [1.5, 0, 1, 0.5], "texture": "#0"}
			}
		}
	],
	"display": {
		"thirdperson_righthand": {
			"scale": [0.3, 0.3, 0.3]
		},
		"thirdperson_lefthand": {
			"scale": [0.3, 0.3, 0.3]
		},
		"firstperson_righthand": {
			"scale": [0.3, 0.3, 0.3]
		},
		"firstperson_lefthand": {
			"scale": [0.3, 0.3, 0.3]
		},
		"ground": {
			"scale": [0.5, 0.5, 0.5]
		},
		"gui": {
			"translation": [0, -4, 0],
			"scale": [0.5, 0.5, 0.5]
		},
		"fixed": {
			"rotation": [-90, 0, 0],
			"translation": [0, -0.25, -15],
			"scale": [2, 2, 2]
		}
	},
	"groups": [
		{
			"name": "Panel",
			"origin": [0, 0, 0],
			"color": 0,
			"children": [0, 1, 2, 3, 4]
		},
		{
			"name": "FlowerPot",
			"origin": [0, 0, 0],
			"color": 0,
			"children": [5, 6, 7, 8]
		},
		{
			"name": "LegLeft",
			"origin": [1, 0, 0],
			"color": 0,
			"children": [9, 10, 11, 12]
		},
		{
			"name": "LegRight",
			"origin": [-1, 0, 0],
			"color": 0,
			"children": [13, 14, 15, 16]
		}
	]
}