{
	"credit": "Made with Blockbench",
	"texture_size": [256, 256],
	"textures": {
		"0": "block/white_flower_pole_middle"
	},
	"elements": [
		{
			"from": [0, 23, 7],
			"to": [16, 25, 9],
			"rotation": {"angle": 0, "axis": "y", "origin": [-30, 0, -1]},
			"faces": {
				"north": {"uv": [0.125, 0.125, 1.125, 0.25], "texture": "#0"},
				"east": {"uv": [0, 0.125, 0.125, 0.25], "texture": "#0"},
				"south": {"uv": [1.25, 0.125, 2.25, 0.25], "texture": "#0"},
				"west": {"uv": [1.125, 0.125, 1.25, 0.25], "texture": "#0"},
				"up": {"uv": [1.125, 0.125, 0.125, 0], "texture": "#0"},
				"down": {"uv": [2.125, 0, 1.125, 0.125], "texture": "#0"}
			}
		},
		{
			"from": [0, 12, 7],
			"to": [16, 14, 9],
			"rotation": {"angle": 0, "axis": "y", "origin": [-30, 0, -1]},
			"faces": {
				"north": {"uv": [0.125, 0.375, 1.125, 0.5], "texture": "#0"},
				"east": {"uv": [0, 0.375, 0.125, 0.5], "texture": "#0"},
				"south": {"uv": [1.25, 0.375, 2.25, 0.5], "texture": "#0"},
				"west": {"uv": [1.125, 0.375, 1.25, 0.5], "texture": "#0"},
				"up": {"uv": [1.125, 0.375, 0.125, 0.25], "texture": "#0"},
				"down": {"uv": [2.125, 0.25, 1.125, 0.375], "texture": "#0"}
			}
		},
		{
			"from": [0, 6, 7],
			"to": [16, 8, 9],
			"rotation": {"angle": 0, "axis": "y", "origin": [-30, 0, -1]},
			"faces": {
				"north": {"uv": [0.125, 0.625, 1.125, 0.75], "texture": "#0"},
				"east": {"uv": [0, 0.625, 0.125, 0.75], "texture": "#0"},
				"south": {"uv": [1.25, 0.625, 2.25, 0.75], "texture": "#0"},
				"west": {"uv": [1.125, 0.625, 1.25, 0.75], "texture": "#0"},
				"up": {"uv": [1.125, 0.625, 0.125, 0.5], "texture": "#0"},
				"down": {"uv": [2.125, 0.5, 1.125, 0.625], "texture": "#0"}
			}
		}
	],
	"display": {
		"thirdperson_righthand": {
			"scale": [0.3, 0.3, 0.3]
		},
		"thirdperson_lefthand": {
			"scale": [0.3, 0.3, 0.3]
		},
		"firstperson_righthand": {
			"scale": [0.3, 0.3, 0.3]
		},
		"firstperson_lefthand": {
			"scale": [0.3, 0.3, 0.3]
		},
		"gui": {
			"translation": [0, -3.75, 0],
			"scale": [0.5, 0.5, 0.5]
		},
		"fixed": {
			"rotation": [-90, 0, 0],
			"translation": [0, 0, -15],
			"scale": [2, 2, 2]
		}
	},
	"groups": [
		{
			"name": "Poles",
			"origin": [0, 0, -1],
			"color": 0,
			"children": [0, 1, 2]
		}
	]
}