{
	"credit": "Made with Blockbench",
	"texture_size": [128, 64],
	"textures": {
		"0": "block/xc_flag_left",
		"particle": "block/xc_flag_left"
	},
	"elements": [
		{
			"from": [0, -16, 7],
			"to": [2, 32, 9],
			"faces": {
				"north": {"uv": [8, 0, 8.25, 12], "texture": "#0"},
				"east": {"uv": [8.25, 0, 8.5, 12], "texture": "#0"},
				"south": {"uv": [8.5, 0, 8.75, 12], "texture": "#0"},
				"west": {"uv": [8.75, 0, 9, 12], "texture": "#0"},
				"up": {"uv": [9.25, 3.5, 9, 3], "texture": "#0"},
				"down": {"uv": [9.5, 3, 9.25, 3.5], "texture": "#0"}
			}
		},
		{
			"from": [2, 23, 8],
			"to": [11, 30, 8],
			"faces": {
				"north": {"uv": [0, 0, 4.5, 7], "texture": "#0"},
				"east": {"uv": [0, 0, 0, 7], "texture": "#0"},
				"south": {"uv": [0, 7, 4.5, 14], "texture": "#0"},
				"west": {"uv": [0, 0, 0, 7], "texture": "#0"},
				"up": {"uv": [4.5, 0, 0, 0], "texture": "#0"},
				"down": {"uv": [4.5, 0, 0, 0], "texture": "#0"}
			}
		}
	],
	"display": {
		"thirdperson_righthand": {
			"scale": [0.3, 0.31, 0.31]
		},
		"thirdperson_lefthand": {
			"translation": [-4, 0, 0],
			"scale": [0.3, 0.3, 0.3]
		},
		"firstperson_righthand": {
			"scale": [0.3, 0.3, 0.3]
		},
		"firstperson_lefthand": {
			"scale": [0.3, 0.3, 0.3]
		},
		"ground": {
			"translation": [0, 22.75, 0],
			"scale": [1, 1.11328, 1]
		},
		"gui": {
			"rotation": [0, 180, 0],
			"translation": [-1.25, 0, 0],
			"scale": [0.3, 0.3, 0.3]
		},
		"fixed": {
			"rotation": [-90, 0, 0],
			"translation": [0, 0, -47],
			"scale": [2, 2, 2]
		}
	}
}